{"ts": "2026-06-17 21:42:36", "action": "get_instrument_status", "status": "executed", "risk_level": "low", "arguments": {}, "message": "共 1 个仪器会话。"}
{"ts": "2026-06-17 21:43:00", "action": "get_instrument_status", "status": "executed", "risk_level": "low", "arguments": {}, "message": "共 1 个仪器会话。"}
{"ts": "2026-06-17 21:56:23", "action": "get_instrument_status", "status": "executed", "risk_level": "low", "arguments": {}, "message": "共 1 个仪器会话。"}
{"ts": "2026-06-17 22:01:34", "action": "query_instrument", "status": "executed", "risk_level": "low", "arguments": {"session_id": "n6705c:A", "command": "MEAS:CURR? (@1)"}, "message": "仅允许只读查询（命令须以 '?' 结尾）。"}
{"ts": "2026-06-17 22:01:36", "action": "query_instrument", "status": "executed", "risk_level": "low", "arguments": {"command": "MEAS:CURR? (@1)", "session_id": "n6705c:A"}, "message": "仅允许只读查询（命令须以 '?' 结尾）。"}
{"ts": "2026-06-17 22:01:37", "action": "query_instrument", "status": "executed", "risk_level": "low", "arguments": {"command": "MEASure:CURRent? (@1)", "session_id": "n6705c:A"}, "message": "仅允许只读查询（命令须以 '?' 结尾）。"}
{"ts": "2026-06-17 22:01:39", "action": "query_instrument", "status": "executed", "risk_level": "low", "arguments": {"command": "MEAS:CURR? CH1", "session_id": "n6705c:A"}, "message": "仅允许只读查询（命令须以 '?' 结尾）。"}
{"ts": "2026-06-17 22:01:40", "action": "query_instrument", "status": "executed", "risk_level": "low", "arguments": {"command": "FETC:CURR? (@1)", "session_id": "n6705c:A"}, "message": "仅允许只读查询（命令须以 '?' 结尾）。"}
{"ts": "2026-06-17 22:02:44", "action": "query_instrument", "status": "executed", "risk_level": "low", "arguments": {"session_id": "n6705c:A", "command": "MEAS:CURR? (@1)"}, "message": "仅允许只读查询（命令须以 '?' 结尾）。"}
{"ts": "2026-06-17 22:02:46", "action": "query_instrument", "status": "executed", "risk_level": "low", "arguments": {"command": "MEAS:CURR? (@1)", "session_id": "n6705c:A"}, "message": "仅允许只读查询（命令须以 '?' 结尾）。"}
{"ts": "2026-06-17 22:02:48", "action": "get_instrument_status", "status": "executed", "risk_level": "low", "arguments": {}, "message": "共 1 个仪器会话。"}
{"ts": "2026-06-17 22:02:49", "action": "query_instrument", "status": "executed", "risk_level": "low", "arguments": {"session_id": "n6705c:A", "command": "MEASure:CURRent? (@1)"}, "message": "仅允许只读查询（命令须以 '?' 结尾）。"}
{"ts": "2026-06-17 22:02:50", "action": "query_instrument", "status": "executed", "risk_level": "low", "arguments": {"command": "FETC:CURR? (@1)", "session_id": "n6705c:A"}, "message": "仅允许只读查询（命令须以 '?' 结尾）。"}
{"ts": "2026-06-17 22:11:24", "action": "get_instrument_status", "status": "executed", "risk_level": "low", "arguments": {}, "message": "共 1 个仪器会话。"}
{"ts": "2026-06-17 22:11:25", "action": "query_instrument", "status": "failed", "risk_level": "low", "arguments": {"session_id": "n6705c:A", "command": "MEAS:CURR? CH1"}, "message": "该仪器不支持 query 接口。"}
{"ts": "2026-06-17 22:22:54", "action": "get_instrument_status", "status": "executed", "risk_level": "low", "arguments": {}, "message": "共 1 个仪器会话。"}
{"ts": "2026-06-17 22:23:06", "action": "query_instrument", "status": "failed", "risk_level": "low", "arguments": {"session_id": "n6705c:A", "command": "MEAS:CURR? CH1"}, "message": "执行异常：VI_ERROR_TMO (-1073807339): Timeout expired before operation completed."}
{"ts": "2026-06-17 22:23:17", "action": "query_instrument", "status": "failed", "risk_level": "low", "arguments": {"command": "MEAS:CURR? CH1", "session_id": "n6705c:A"}, "message": "执行异常：VI_ERROR_TMO (-1073807339): Timeout expired before operation completed."}
{"ts": "2026-06-17 22:27:24", "action": "get_instrument_status", "status": "executed", "risk_level": "low", "arguments": {}, "message": "共 0 个仪器会话。"}
{"ts": "2026-06-17 22:27:38", "action": "get_instrument_status", "status": "executed", "risk_level": "low", "arguments": {}, "message": "共 1 个仪器会话。"}
{"ts": "2026-06-17 22:27:40", "action": "query_instrument", "status": "executed", "risk_level": "low", "arguments": {"session_id": "n6705c:A", "command": "MEAS:CURR? (@1)"}, "message": "查询完成。"}
{"ts": "2026-06-17 23:19:52", "action": "get_instrument_status", "status": "executed", "risk_level": "low", "arguments": {}, "message": "共 1 个仪器会话。"}
{"ts": "2026-06-17 23:19:54", "action": "query_instrument", "status": "executed", "risk_level": "low", "arguments": {"session_id": "n6705c:A", "command": "MEAS:VOLT? (@1)"}, "message": "查询完成。"}
{"ts": "2026-06-17 23:19:54", "action": "query_instrument", "status": "executed", "risk_level": "low", "arguments": {"session_id": "n6705c:A", "command": "MEAS:CURR? (@1)"}, "message": "查询完成。"}
{"ts": "2026-06-17 23:20:26", "action": "query_instrument", "status": "failed", "risk_level": "low", "arguments": {"session_id": "n6705c", "command": "MEAS:VOLT? (@1)"}, "message": "会话未连接：n6705c"}
{"ts": "2026-06-17 23:20:26", "action": "query_instrument", "status": "failed", "risk_level": "low", "arguments": {"session_id": "n6705c", "command": "MEAS:CURR? (@1)"}, "message": "会话未连接：n6705c"}
{"ts": "2026-06-17 23:20:37", "action": "get_instrument_status", "status": "executed", "risk_level": "low", "arguments": {}, "message": "共 1 个仪器会话。"}
{"ts": "2026-06-17 23:20:38", "action": "query_instrument", "status": "executed", "risk_level": "low", "arguments": {"session_id": "n6705c:A", "command": "MEAS:VOLT? (@1)"}, "message": "查询完成。"}
{"ts": "2026-06-17 23:20:48", "action": "query_instrument", "status": "executed", "risk_level": "low", "arguments": {"session_id": "n6705c:A", "command": "MEAS:CURR? (@1)"}, "message": "查询完成。"}
{"ts": "2026-06-17 23:30:38", "action": "get_current_page", "status": "executed", "risk_level": "low", "arguments": {}, "message": "当前页面：custom_test"}
{"ts": "2026-06-17 23:31:58", "action": "get_test_sequence_status", "status": "executed", "risk_level": "low", "arguments": {}, "message": ""}
{"ts": "2026-06-17 23:39:43", "action": "get_instrument_status", "status": "executed", "risk_level": "low", "arguments": {}, "message": "共 0 个仪器会话。"}
{"ts": "2026-06-17 23:40:27", "action": "get_current_page", "status": "executed", "risk_level": "low", "arguments": {}, "message": "当前页面：pmu_dcdc_efficiency"}
{"ts": "2026-06-17 23:40:29", "action": "get_instrument_status", "status": "executed", "risk_level": "low", "arguments": {}, "message": "共 0 个仪器会话。"}
{"ts": "2026-06-17 23:40:29", "action": "get_test_sequence_status", "status": "executed", "risk_level": "low", "arguments": {}, "message": "当前页面无测试序列。"}
{"ts": "2026-06-18 00:24:54", "action": "set_instrument_output", "status": "denied", "risk_level": "critical", "arguments": {"session_id": "x", "channel": 1, "enabled": true}, "message": "critical 风险动作默认禁止 AI 直接执行，请人工手动操作。"}
{"ts": "2026-06-18 00:31:19", "action": "get_instrument_status", "status": "executed", "risk_level": "low", "arguments": {}, "message": "共 1 个仪器会话。"}
{"ts": "2026-06-18 00:31:25", "action": "query_instrument", "status": "executed", "risk_level": "low", "arguments": {"session_id": "n6705c:A", "command": "MEAS:VOLT? (@1)"}, "message": "查询完成。"}
{"ts": "2026-06-18 00:31:35", "action": "query_instrument", "status": "executed", "risk_level": "low", "arguments": {"session_id": "n6705c:A", "command": "MEAS:CURR? (@1)"}, "message": "查询完成。"}
{"ts": "2026-06-18 00:31:35", "action": "query_instrument", "status": "executed", "risk_level": "low", "arguments": {"session_id": "n6705c:A", "command": "MEAS:VOLT? (@2)"}, "message": "查询完成。"}
{"ts": "2026-06-18 00:31:35", "action": "query_instrument", "status": "executed", "risk_level": "low", "arguments": {"session_id": "n6705c:A", "command": "MEAS:CURR? (@2)"}, "message": "查询完成。"}
{"ts": "2026-06-18 00:31:35", "action": "query_instrument", "status": "executed", "risk_level": "low", "arguments": {"session_id": "n6705c:A", "command": "MEAS:VOLT? (@3)"}, "message": "查询完成。"}
{"ts": "2026-06-18 00:31:35", "action": "query_instrument", "status": "executed", "risk_level": "low", "arguments": {"session_id": "n6705c:A", "command": "MEAS:CURR? (@3)"}, "message": "查询完成。"}
{"ts": "2026-06-18 00:31:36", "action": "query_instrument", "status": "executed", "risk_level": "low", "arguments": {"session_id": "n6705c:A", "command": "MEAS:VOLT? (@4)"}, "message": "查询完成。"}
{"ts": "2026-06-18 00:31:36", "action": "query_instrument", "status": "executed", "risk_level": "low", "arguments": {"session_id": "n6705c:A", "command": "MEAS:CURR? (@4)"}, "message": "查询完成。"}
{"ts": "2026-06-18 00:35:24", "action": "get_current_page", "status": "executed", "risk_level": "low", "arguments": {}, "message": "当前页面：power_analyser"}
{"ts": "2026-06-18 10:10:11", "action": "get_instrument_status", "status": "executed", "risk_level": "low", "arguments": {}, "message": "共 1 个仪器会话。"}
{"ts": "2026-06-18 10:10:12", "action": "query_instrument", "status": "executed", "risk_level": "low", "arguments": {"session_id": "n6705c:A", "command": "OUTP? (@1)"}, "message": "查询完成。"}
{"ts": "2026-06-18 11:45:19", "action": "query_instrument", "status": "executed", "risk_level": "low", "arguments": {"session_id": "n6705c:A", "command": "MEAS:VOLT? (@1)"}, "message": "查询完成。"}
{"ts": "2026-06-18 11:45:19", "action": "query_instrument", "status": "executed", "risk_level": "low", "arguments": {"session_id": "n6705c:A", "command": "MEAS:CURR? (@1)"}, "message": "查询完成。"}
{"ts": "2026-06-18 11:45:19", "action": "query_instrument", "status": "executed", "risk_level": "low", "arguments": {"session_id": "n6705c:A", "command": "MEAS:VOLT? (@2)"}, "message": "查询完成。"}
{"ts": "2026-06-18 11:45:19", "action": "query_instrument", "status": "executed", "risk_level": "low", "arguments": {"session_id": "n6705c:A", "command": "MEAS:CURR? (@2)"}, "message": "查询完成。"}
{"ts": "2026-06-18 11:45:19", "action": "query_instrument", "status": "executed", "risk_level": "low", "arguments": {"session_id": "n6705c:A", "command": "MEAS:VOLT? (@3)"}, "message": "查询完成。"}
{"ts": "2026-06-18 11:45:19", "action": "query_instrument", "status": "executed", "risk_level": "low", "arguments": {"session_id": "n6705c:A", "command": "MEAS:CURR? (@3)"}, "message": "查询完成。"}
{"ts": "2026-06-18 11:45:19", "action": "query_instrument", "status": "executed", "risk_level": "low", "arguments": {"session_id": "n6705c:A", "command": "MEAS:VOLT? (@4)"}, "message": "查询完成。"}
{"ts": "2026-06-18 11:45:19", "action": "query_instrument", "status": "executed", "risk_level": "low", "arguments": {"session_id": "n6705c:A", "command": "MEAS:CURR? (@4)"}, "message": "查询完成。"}
{"ts": "2026-06-18 13:09:47", "action": "set_instrument_output", "status": "executed", "risk_level": "high", "arguments": {"session_id": "n6705c:A", "channel": 1, "enabled": false}, "message": "已将通道 1 输出设为 OFF。"}
{"ts": "2026-06-18 13:14:28", "action": "set_instrument_output", "status": "executed", "risk_level": "high", "arguments": {"session_id": "n6705c:A", "channel": 1, "enabled": false}, "message": "已将通道 1 输出设为 OFF。"}
{"ts": "2026-06-18 13:33:00", "action": "get_instrument_status", "status": "executed", "risk_level": "low", "arguments": {}, "message": "共 1 个仪器会话。"}
{"ts": "2026-06-18 13:33:24", "action": "set_instrument_output", "status": "executed", "risk_level": "high", "arguments": {"session_id": "n6705c:A", "channel": 1, "enabled": true}, "message": "已将通道 1 输出设为 ON。"}
{"ts": "2026-06-18 13:39:43", "action": "get_instrument_status", "status": "executed", "risk_level": "low", "arguments": {}, "message": "共 1 个仪器会话。"}
{"ts": "2026-06-18 13:39:46", "action": "set_instrument_output", "status": "executed", "risk_level": "high", "arguments": {"session_id": "n6705c:A", "channel": 1, "enabled": false}, "message": "已将通道 1 输出设为 OFF。"}
{"ts": "2026-06-18 13:42:01", "action": "get_instrument_status", "status": "executed", "risk_level": "low", "arguments": {}, "message": "共 1 个仪器会话。"}
{"ts": "2026-06-18 13:42:07", "action": "set_instrument_output", "status": "executed", "risk_level": "high", "arguments": {"session_id": "n6705c:A", "channel": 1, "enabled": true}, "message": "已将通道 1 输出设为 ON。"}
{"ts": "2026-06-18 13:42:11", "action": "set_instrument_voltage", "status": "executed", "risk_level": "high", "arguments": {"session_id": "n6705c:A", "channel": 1, "voltage": 4}, "message": "已设置通道 1 电压为 4.0 V。"}
{"ts": "2026-06-18 13:42:43", "action": "get_current_page", "status": "executed", "risk_level": "low", "arguments": {}, "message": "当前页面：datalog"}
{"ts": "2026-06-18 13:42:43", "action": "get_instrument_status", "status": "executed", "risk_level": "low", "arguments": {}, "message": "共 1 个仪器会话。"}
{"ts": "2026-06-18 13:42:43", "action": "get_recent_app_logs", "status": "executed", "risk_level": "low", "arguments": {"lines": 100}, "message": ""}
{"ts": "2026-06-18 13:42:47", "action": "get_waveform_window", "status": "executed", "risk_level": "low", "arguments": {"label": "CH1 I", "t0": 0, "t1": 13, "max_points": 2500}, "message": "通道 CH1 I 在 [0.0, 13.0] 窗口返回 2500 点。"}
{"ts": "2026-06-18 14:05:20", "action": "get_current_page", "status": "executed", "risk_level": "low", "arguments": {}, "message": "当前页面：datalog"}
{"ts": "2026-06-18 14:05:20", "action": "get_instrument_status", "status": "executed", "risk_level": "low", "arguments": {}, "message": "共 1 个仪器会话。"}
{"ts": "2026-06-18 14:05:20", "action": "get_recent_app_logs", "status": "executed", "risk_level": "low", "arguments": {"lines": 50}, "message": ""}
{"ts": "2026-06-18 14:05:26", "action": "get_waveform_window", "status": "executed", "risk_level": "low", "arguments": {"label": "CH1 I", "t0": 0, "t1": 6.5, "max_points": 2500}, "message": "通道 CH1 I 在 [0.0, 6.5] 窗口返回 2500 点。"}
{"ts": "2026-06-18 14:07:19", "action": "get_current_page", "status": "executed", "risk_level": "low", "arguments": {}, "message": "当前页面：datalog"}
{"ts": "2026-06-18 14:07:20", "action": "get_instrument_status", "status": "executed", "risk_level": "low", "arguments": {}, "message": "共 1 个仪器会话。"}
{"ts": "2026-06-18 14:07:20", "action": "get_recent_app_logs", "status": "executed", "risk_level": "low", "arguments": {"lines": 50}, "message": ""}
{"ts": "2026-06-18 14:08:10", "action": "get_current_page", "status": "executed", "risk_level": "low", "arguments": {}, "message": "当前页面：datalog"}
{"ts": "2026-06-18 14:08:10", "action": "get_instrument_status", "status": "executed", "risk_level": "low", "arguments": {}, "message": "共 1 个仪器会话。"}
{"ts": "2026-06-18 14:08:12", "action": "get_recent_app_logs", "status": "executed", "risk_level": "low", "arguments": {"lines": 100}, "message": ""}
{"ts": "2026-06-18 14:08:12", "action": "get_recent_serial_logs", "status": "executed", "risk_level": "low", "arguments": {"lines": 100}, "message": ""}
{"ts": "2026-06-18 14:11:02", "action": "get_current_page", "status": "executed", "risk_level": "low", "arguments": {}, "message": "当前页面：datalog"}
{"ts": "2026-06-18 14:11:02", "action": "get_instrument_status", "status": "executed", "risk_level": "low", "arguments": {}, "message": "共 1 个仪器会话。"}
{"ts": "2026-06-18 14:11:02", "action": "get_recent_app_logs", "status": "executed", "risk_level": "low", "arguments": {"lines": 50}, "message": ""}
{"ts": "2026-06-18 14:11:45", "action": "get_waveform_window", "status": "executed", "risk_level": "low", "arguments": {"label": "CH1 I", "t0": 0, "t1": 5, "max_points": 2500}, "message": "通道 CH1 I 在 [0.0, 5.0] 窗口返回 2500 点。"}
{"ts": "2026-06-18 14:23:32", "action": "get_current_page", "status": "executed", "risk_level": "low", "arguments": {}, "message": "当前页面：datalog"}
{"ts": "2026-06-18 14:23:58", "action": "get_current_page", "status": "executed", "risk_level": "low", "arguments": {}, "message": "当前页面：datalog"}
{"ts": "2026-06-18 14:23:58", "action": "get_instrument_status", "status": "executed", "risk_level": "low", "arguments": {}, "message": "共 1 个仪器会话。"}
{"ts": "2026-06-18 14:23:58", "action": "get_recent_app_logs", "status": "executed", "risk_level": "low", "arguments": {"lines": 50}, "message": ""}
{"ts": "2026-06-18 14:24:05", "action": "get_waveform_window", "status": "executed", "risk_level": "low", "arguments": {"label": "CH1 I", "t0": 0, "t1": 5, "max_points": 2500}, "message": "通道 CH1 I 在 [0.0, 5.0] 窗口返回 2500 点。"}
{"ts": "2026-06-18 14:28:52", "action": "get_current_page", "status": "executed", "risk_level": "low", "arguments": {}, "message": "当前页面：datalog"}
{"ts": "2026-06-18 14:28:52", "action": "get_instrument_status", "status": "executed", "risk_level": "low", "arguments": {}, "message": "共 1 个仪器会话。"}
{"ts": "2026-06-18 14:28:52", "action": "get_recent_app_logs", "status": "executed", "risk_level": "low", "arguments": {"lines": 50}, "message": ""}
{"ts": "2026-06-18 14:30:32", "action": "get_current_page", "status": "executed", "risk_level": "low", "arguments": {}, "message": "当前页面：datalog"}
{"ts": "2026-06-18 14:30:32", "action": "get_instrument_status", "status": "executed", "risk_level": "low", "arguments": {}, "message": "共 1 个仪器会话。"}
{"ts": "2026-06-18 14:30:32", "action": "get_recent_app_logs", "status": "executed", "risk_level": "low", "arguments": {"lines": 100}, "message": ""}
{"ts": "2026-06-18 14:30:48", "action": "get_waveform_window", "status": "executed", "risk_level": "low", "arguments": {"label": "CH1 I", "t0": 0, "t1": 5, "max_points": 2500}, "message": "通道 CH1 I 在 [0.0, 5.0] 窗口返回 2500 点。"}
{"ts": "2026-06-18 14:32:46", "action": "get_instrument_status", "status": "executed", "risk_level": "low", "arguments": {}, "message": "共 1 个仪器会话。"}
{"ts": "2026-06-18 14:32:46", "action": "get_recent_app_logs", "status": "executed", "risk_level": "low", "arguments": {"lines": 100}, "message": ""}
{"ts": "2026-06-18 14:32:47", "action": "get_waveform_window", "status": "executed", "risk_level": "low", "arguments": {"label": "CH1 I", "t0": 0, "t1": 5, "max_points": 5000}, "message": "通道 CH1 I 在 [0.0, 5.0] 窗口返回 5000 点。"}
{"ts": "2026-06-18 14:33:01", "action": "get_waveform_window", "status": "executed", "risk_level": "low", "arguments": {"label": "CH1 I", "t0": 0, "t1": 0.5, "max_points": 5000}, "message": "通道 CH1 I 在 [0.0, 0.5] 窗口返回 5000 点。"}
{"ts": "2026-06-18 14:34:34", "action": "get_instrument_status", "status": "executed", "risk_level": "low", "arguments": {}, "message": "共 1 个仪器会话。"}
{"ts": "2026-06-18 14:40:07", "action": "get_current_page", "status": "executed", "risk_level": "low", "arguments": {}, "message": "当前页面：datalog"}
{"ts": "2026-06-18 14:40:07", "action": "get_instrument_status", "status": "executed", "risk_level": "low", "arguments": {}, "message": "共 1 个仪器会话。"}
{"ts": "2026-06-18 14:47:24", "action": "get_current_page", "status": "executed", "risk_level": "low", "arguments": {}, "message": "当前页面：datalog"}
{"ts": "2026-06-18 14:47:24", "action": "get_instrument_status", "status": "executed", "risk_level": "low", "arguments": {}, "message": "共 1 个仪器会话。"}
{"ts": "2026-06-18 14:49:04", "action": "get_current_page", "status": "executed", "risk_level": "low", "arguments": {}, "message": "当前页面：datalog"}
{"ts": "2026-06-18 14:49:50", "action": "get_waveform_window", "status": "executed", "risk_level": "low", "arguments": {"label": "CH1 I", "t0": 0.14, "t1": 0.15, "max_points": 2500}, "message": "通道 CH1 I 在 [0.14, 0.15] 窗口返回 489 点。"}
{"ts": "2026-06-18 14:49:50", "action": "get_waveform_window", "status": "executed", "risk_level": "low", "arguments": {"label": "CH1 I", "t0": 0.27, "t1": 0.28, "max_points": 2500}, "message": "通道 CH1 I 在 [0.27, 0.28] 窗口返回 488 点。"}
{"ts": "2026-06-18 14:49:50", "action": "get_waveform_window", "status": "executed", "risk_level": "low", "arguments": {"label": "CH1 I", "t0": 0.37, "t1": 0.39, "max_points": 2500}, "message": "通道 CH1 I 在 [0.37, 0.39] 窗口返回 976 点。"}
{"ts": "2026-06-18 14:57:44", "action": "get_current_page", "status": "executed", "risk_level": "low", "arguments": {}, "message": "当前页面：datalog"}
{"ts": "2026-06-18 14:57:44", "action": "get_instrument_status", "status": "executed", "risk_level": "low", "arguments": {}, "message": "共 1 个仪器会话。"}
{"ts": "2026-06-18 14:57:44", "action": "get_recent_app_logs", "status": "executed", "risk_level": "low", "arguments": {"lines": 50}, "message": ""}
{"ts": "2026-06-18 15:08:07", "action": "get_current_page", "status": "executed", "risk_level": "low", "arguments": {}, "message": "当前页面：datalog"}
{"ts": "2026-06-18 15:08:07", "action": "get_instrument_status", "status": "executed", "risk_level": "low", "arguments": {}, "message": "共 1 个仪器会话。"}
{"ts": "2026-06-18 15:31:15", "action": "get_instrument_status", "status": "executed", "risk_level": "low", "arguments": {}, "message": "共 1 个仪器会话。"}
{"ts": "2026-06-18 15:31:18", "action": "query_instrument", "status": "executed", "risk_level": "low", "arguments": {"session_id": "n6705c:A", "command": "MEAS:VOLT? (@1)"}, "message": "查询完成。"}
{"ts": "2026-06-18 15:31:18", "action": "query_instrument", "status": "executed", "risk_level": "low", "arguments": {"session_id": "n6705c:A", "command": "MEAS:CURR? (@1)"}, "message": "查询完成。"}
{"ts": "2026-06-18 15:31:19", "action": "query_instrument", "status": "executed", "risk_level": "low", "arguments": {"session_id": "n6705c:A", "command": "MEAS:VOLT? (@2)"}, "message": "查询完成。"}
{"ts": "2026-06-18 15:31:19", "action": "query_instrument", "status": "executed", "risk_level": "low", "arguments": {"session_id": "n6705c:A", "command": "MEAS:CURR? (@2)"}, "message": "查询完成。"}
{"ts": "2026-06-18 15:31:29", "action": "query_instrument", "status": "executed", "risk_level": "low", "arguments": {"session_id": "n6705c:A", "command": "MEAS:VOLT? (@3)"}, "message": "查询完成。"}
{"ts": "2026-06-18 15:31:29", "action": "query_instrument", "status": "executed", "risk_level": "low", "arguments": {"session_id": "n6705c:A", "command": "MEAS:CURR? (@3)"}, "message": "查询完成。"}
{"ts": "2026-06-18 15:31:29", "action": "query_instrument", "status": "executed", "risk_level": "low", "arguments": {"session_id": "n6705c:A", "command": "MEAS:VOLT? (@4)"}, "message": "查询完成。"}
{"ts": "2026-06-18 15:31:29", "action": "query_instrument", "status": "executed", "risk_level": "low", "arguments": {"session_id": "n6705c:A", "command": "MEAS:CURR? (@4)"}, "message": "查询完成。"}
{"ts": "2026-06-18 15:31:41", "action": "get_instrument_status", "status": "executed", "risk_level": "low", "arguments": {}, "message": "共 1 个仪器会话。"}
{"ts": "2026-06-18 15:31:43", "action": "set_instrument_output", "status": "executed", "risk_level": "high", "arguments": {"session_id": "n6705c:A", "channel": 1, "enabled": false}, "message": "已将通道 1 输出设为 OFF。"}
{"ts": "2026-06-18 15:41:01", "action": "set_instrument_output", "status": "executed", "risk_level": "high", "arguments": {"session_id": "n6705c:A", "channel": 1, "enabled": true}, "message": "已将通道 1 输出设为 ON。"}
{"ts": "2026-06-18 16:11:53", "action": "get_current_page", "status": "executed", "risk_level": "low", "arguments": {}, "message": "当前页面：datalog"}
{"ts": "2026-06-18 16:13:56", "action": "get_instrument_status", "status": "executed", "risk_level": "low", "arguments": {}, "message": "共 1 个仪器会话。"}
{"ts": "2026-06-18 16:15:45", "action": "get_current_page", "status": "executed", "risk_level": "low", "arguments": {}, "message": "当前页面：datalog"}
{"ts": "2026-06-18 16:15:45", "action": "get_instrument_status", "status": "executed", "risk_level": "low", "arguments": {}, "message": "共 1 个仪器会话。"}
{"ts": "2026-06-18 16:21:23", "action": "get_instrument_status", "status": "executed", "risk_level": "low", "arguments": {}, "message": "共 1 个仪器会话。"}
{"ts": "2026-06-18 16:21:25", "action": "set_instrument_output", "status": "executed", "risk_level": "high", "arguments": {"session_id": "n6705c:A", "channel": 1, "enabled": false}, "message": "已将通道 1 输出设为 OFF。"}
{"ts": "2026-06-18 16:24:53", "action": "get_instrument_status", "status": "executed", "risk_level": "low", "arguments": {}, "message": "共 1 个仪器会话。"}
{"ts": "2026-06-18 16:24:53", "action": "set_instrument_output", "status": "executed", "risk_level": "high", "arguments": {"session_id": "n6705c:A", "channel": 1, "enabled": true}, "message": "白名单自动批准：命中常驻白名单（护栏通过）。"}
{"ts": "2026-06-18 16:24:54", "action": "set_instrument_output", "status": "executed", "risk_level": "high", "arguments": {"session_id": "n6705c:A", "channel": 1, "enabled": true}, "message": "已将通道 1 输出设为 ON。"}
{"ts": "2026-06-18 16:34:13", "action": "get_instrument_status", "status": "executed", "risk_level": "low", "arguments": {}, "message": "共 1 个仪器会话。"}
{"ts": "2026-06-18 16:34:14", "action": "set_instrument_output", "status": "executed", "risk_level": "high", "arguments": {"session_id": "n6705c:A", "channel": 1, "enabled": true}, "message": "[白名单自动批准] 已将通道 1 输出设为 ON。"}
{"ts": "2026-06-18 16:34:15", "action": "query_instrument", "status": "executed", "risk_level": "low", "arguments": {"session_id": "n6705c:A", "command": "OUTP? (@1)"}, "message": "查询完成。"}
{"ts": "2026-06-18 16:34:18", "action": "get_instrument_status", "status": "executed", "risk_level": "low", "arguments": {}, "message": "共 1 个仪器会话。"}
{"ts": "2026-06-18 16:34:25", "action": "set_instrument_output", "status": "executed", "risk_level": "high", "arguments": {"session_id": "n6705c:A", "channel": 1, "enabled": false}, "message": "[白名单自动批准] 已将通道 1 输出设为 OFF。"}
{"ts": "2026-06-18 19:00:13", "action": "get_instrument_status", "status": "executed", "risk_level": "low", "arguments": {}, "message": "共 1 个仪器会话。"}
{"ts": "2026-06-18 19:00:14", "action": "set_instrument_output", "status": "executed", "risk_level": "high", "arguments": {"session_id": "n6705c:A", "channel": 1, "enabled": true}, "message": "[白名单自动批准] 已将通道 1 输出设为 ON。"}
{"ts": "2026-06-18 19:02:23", "action": "get_instrument_status", "status": "executed", "risk_level": "low", "arguments": {}, "message": "共 1 个仪器会话。"}
{"ts": "2026-06-18 19:02:24", "action": "set_instrument_output", "status": "executed", "risk_level": "high", "arguments": {"session_id": "n6705c:A", "channel": 1, "enabled": true}, "message": "[白名单自动批准] 已将通道 1 输出设为 ON。"}
{"ts": "2026-06-18 19:03:34", "action": "get_instrument_status", "status": "executed", "risk_level": "low", "arguments": {}, "message": "共 1 个仪器会话。"}
{"ts": "2026-06-18 19:03:35", "action": "set_instrument_output", "status": "executed", "risk_level": "high", "arguments": {"session_id": "n6705c:A", "channel": 1, "enabled": false}, "message": "[白名单自动批准] 已将通道 1 输出设为 OFF。"}
{"ts": "2026-06-18 19:16:58", "action": "get_instrument_status", "status": "executed", "risk_level": "low", "arguments": {}, "message": "共 1 个仪器会话。"}
{"ts": "2026-06-18 19:16:59", "action": "set_instrument_output", "status": "executed", "risk_level": "high", "arguments": {"session_id": "n6705c:A", "channel": 1, "enabled": true}, "message": "[白名单自动批准] 已将通道 1 输出设为 ON。"}
{"ts": "2026-06-18 19:17:05", "action": "get_instrument_status", "status": "executed", "risk_level": "low", "arguments": {}, "message": "共 1 个仪器会话。"}
{"ts": "2026-06-18 19:17:06", "action": "set_instrument_output", "status": "executed", "risk_level": "high", "arguments": {"session_id": "n6705c:A", "channel": 1, "enabled": false}, "message": "[白名单自动批准] 已将通道 1 输出设为 OFF。"}
{"ts": "2026-06-18 19:17:14", "action": "get_instrument_status", "status": "executed", "risk_level": "low", "arguments": {}, "message": "共 1 个仪器会话。"}
{"ts": "2026-06-18 19:17:16", "action": "set_instrument_output", "status": "executed", "risk_level": "high", "arguments": {"session_id": "n6705c:A", "channel": 1, "enabled": true}, "message": "[白名单自动批准] 已将通道 1 输出设为 ON。"}
{"ts": "2026-06-18 19:17:27", "action": "get_instrument_status", "status": "executed", "risk_level": "low", "arguments": {}, "message": "共 1 个仪器会话。"}
{"ts": "2026-06-18 19:17:28", "action": "set_instrument_output", "status": "executed", "risk_level": "high", "arguments": {"session_id": "n6705c:A", "channel": 1, "enabled": false}, "message": "[白名单自动批准] 已将通道 1 输出设为 OFF。"}
{"ts": "2026-06-18 19:17:31", "action": "get_instrument_status", "status": "executed", "risk_level": "low", "arguments": {}, "message": "共 1 个仪器会话。"}
{"ts": "2026-06-18 19:17:32", "action": "set_instrument_output", "status": "executed", "risk_level": "high", "arguments": {"session_id": "n6705c:A", "channel": 1, "enabled": true}, "message": "[白名单自动批准] 已将通道 1 输出设为 ON。"}
{"ts": "2026-06-18 19:17:37", "action": "get_instrument_status", "status": "executed", "risk_level": "low", "arguments": {}, "message": "共 1 个仪器会话。"}
{"ts": "2026-06-18 19:17:40", "action": "query_instrument", "status": "executed", "risk_level": "low", "arguments": {"session_id": "n6705c:A", "command": "MEAS:VOLT? (@1)"}, "message": "查询完成。"}
{"ts": "2026-06-18 19:17:40", "action": "query_instrument", "status": "executed", "risk_level": "low", "arguments": {"session_id": "n6705c:A", "command": "MEAS:CURR? (@1)"}, "message": "查询完成。"}
{"ts": "2026-06-18 19:17:40", "action": "query_instrument", "status": "executed", "risk_level": "low", "arguments": {"session_id": "n6705c:A", "command": "MEAS:VOLT? (@2)"}, "message": "查询完成。"}
{"ts": "2026-06-18 19:17:41", "action": "query_instrument", "status": "executed", "risk_level": "low", "arguments": {"session_id": "n6705c:A", "command": "MEAS:CURR? (@2)"}, "message": "查询完成。"}
{"ts": "2026-06-18 19:17:41", "action": "query_instrument", "status": "executed", "risk_level": "low", "arguments": {"session_id": "n6705c:A", "command": "MEAS:VOLT? (@3)"}, "message": "查询完成。"}
{"ts": "2026-06-18 19:17:41", "action": "query_instrument", "status": "executed", "risk_level": "low", "arguments": {"session_id": "n6705c:A", "command": "MEAS:CURR? (@3)"}, "message": "查询完成。"}
{"ts": "2026-06-18 19:17:41", "action": "query_instrument", "status": "executed", "risk_level": "low", "arguments": {"session_id": "n6705c:A", "command": "MEAS:VOLT? (@4)"}, "message": "查询完成。"}
{"ts": "2026-06-18 19:17:41", "action": "query_instrument", "status": "executed", "risk_level": "low", "arguments": {"session_id": "n6705c:A", "command": "MEAS:CURR? (@4)"}, "message": "查询完成。"}
{"ts": "2026-06-18 19:20:09", "action": "get_instrument_status", "status": "executed", "risk_level": "low", "arguments": {}, "message": "共 1 个仪器会话。"}
{"ts": "2026-06-18 19:20:10", "action": "set_instrument_output", "status": "executed", "risk_level": "high", "arguments": {"session_id": "n6705c:A", "channel": 1, "enabled": false}, "message": "[白名单自动批准] 已将通道 1 输出设为 OFF。"}
{"ts": "2026-06-18 19:20:13", "action": "get_instrument_status", "status": "executed", "risk_level": "low", "arguments": {}, "message": "共 1 个仪器会话。"}
{"ts": "2026-06-18 19:20:14", "action": "set_instrument_output", "status": "executed", "risk_level": "high", "arguments": {"session_id": "n6705c:A", "channel": 1, "enabled": true}, "message": "[白名单自动批准] 已将通道 1 输出设为 ON。"}
{"ts": "2026-06-18 19:31:39", "action": "get_current_page", "status": "executed", "risk_level": "low", "arguments": {}, "message": "当前页面：datalog"}
{"ts": "2026-06-18 19:31:39", "action": "get_instrument_status", "status": "executed", "risk_level": "low", "arguments": {}, "message": "共 1 个仪器会话。"}
{"ts": "2026-06-18 20:06:41", "action": "get_waveform_window", "status": "failed", "risk_level": "low", "arguments": {"label": "CH1 I", "t0": 1.017, "t1": 1.025, "max_points": 2500}, "message": "当前无可放大的波形数据。"}
{"ts": "2026-06-18 20:09:45", "action": "get_instrument_status", "status": "executed", "risk_level": "low", "arguments": {}, "message": "共 1 个仪器会话。"}
{"ts": "2026-06-18 20:09:46", "action": "set_instrument_output", "status": "executed", "risk_level": "high", "arguments": {"session_id": "n6705c:A", "channel": 1, "enabled": false}, "message": "[白名单自动批准] 已将通道 1 输出设为 OFF。"}
{"ts": "2026-06-18 20:09:56", "action": "get_instrument_status", "status": "executed", "risk_level": "low", "arguments": {}, "message": "共 1 个仪器会话。"}
{"ts": "2026-06-18 20:09:57", "action": "set_instrument_output", "status": "executed", "risk_level": "high", "arguments": {"session_id": "n6705c:A", "channel": 1, "enabled": true}, "message": "[白名单自动批准] 已将通道 1 输出设为 ON。"}
{"ts": "2026-06-19 11:25:13", "action": "get_current_page", "status": "executed", "risk_level": "low", "arguments": {}, "message": "当前页面：datalog"}
{"ts": "2026-06-19 11:27:45", "action": "get_waveform_window", "status": "failed", "risk_level": "low", "arguments": {"label": "CH1 I", "t0": 0.38, "t1": 0.72, "max_points": 3000}, "message": "通道 'CH1 I' 不存在，请从 available_labels 选择。"}
{"ts": "2026-06-19 11:27:46", "action": "get_waveform_window", "status": "executed", "risk_level": "low", "arguments": {"label": "F1-CH1 I", "t0": 0.38, "t1": 0.72, "max_points": 3000}, "message": "通道 F1-CH1 I 在 [0.38, 0.72] 窗口返回 3000 点。"}
{"ts": "2026-06-19 17:32:41", "action": "get_current_page", "status": "executed", "risk_level": "low", "arguments": {}, "message": "当前页面：datalog"}
{"ts": "2026-06-19 17:32:41", "action": "get_instrument_status", "status": "executed", "risk_level": "low", "arguments": {}, "message": "共 0 个仪器会话。"}
{"ts": "2026-06-20 14:57:51", "action": "get_instrument_status", "status": "executed", "risk_level": "low", "arguments": {}, "message": "共 1 个仪器会话。"}
{"ts": "2026-06-20 14:57:55", "action": "query_instrument", "status": "executed", "risk_level": "low", "arguments": {"session_id": "n6705c:A", "command": "MEAS:VOLT? (@1)"}, "message": "查询完成。"}
{"ts": "2026-06-20 14:57:55", "action": "query_instrument", "status": "executed", "risk_level": "low", "arguments": {"session_id": "n6705c:A", "command": "MEAS:CURR? (@1)"}, "message": "查询完成。"}
{"ts": "2026-06-20 14:57:56", "action": "query_instrument", "status": "executed", "risk_level": "low", "arguments": {"session_id": "n6705c:A", "command": "MEAS:VOLT? (@2)"}, "message": "查询完成。"}
{"ts": "2026-06-20 14:57:56", "action": "query_instrument", "status": "executed", "risk_level": "low", "arguments": {"session_id": "n6705c:A", "command": "MEAS:CURR? (@2)"}, "message": "查询完成。"}
{"ts": "2026-06-20 14:57:56", "action": "query_instrument", "status": "executed", "risk_level": "low", "arguments": {"session_id": "n6705c:A", "command": "MEAS:VOLT? (@3)"}, "message": "查询完成。"}
{"ts": "2026-06-20 14:58:06", "action": "query_instrument", "status": "executed", "risk_level": "low", "arguments": {"session_id": "n6705c:A", "command": "MEAS:CURR? (@3)"}, "message": "查询完成。"}
{"ts": "2026-06-20 14:58:16", "action": "query_instrument", "status": "executed", "risk_level": "low", "arguments": {"session_id": "n6705c:A", "command": "MEAS:VOLT? (@4)"}, "message": "查询完成。"}
{"ts": "2026-06-20 14:58:26", "action": "query_instrument", "status": "executed", "risk_level": "low", "arguments": {"session_id": "n6705c:A", "command": "MEAS:CURR? (@4)"}, "message": "查询完成。"}
{"ts": "2026-06-20 14:58:46", "action": "query_instrument", "status": "executed", "risk_level": "low", "arguments": {"session_id": "n6705c:A", "command": "OUTP? (@1)"}, "message": "查询完成。"}
{"ts": "2026-06-20 14:58:56", "action": "query_instrument", "status": "executed", "risk_level": "low", "arguments": {"session_id": "n6705c:A", "command": "OUTP? (@2)"}, "message": "查询完成。"}
{"ts": "2026-06-20 14:59:07", "action": "query_instrument", "status": "executed", "risk_level": "low", "arguments": {"session_id": "n6705c:A", "command": "OUTP? (@3)"}, "message": "查询完成。"}
{"ts": "2026-06-20 14:59:17", "action": "query_instrument", "status": "executed", "risk_level": "low", "arguments": {"session_id": "n6705c:A", "command": "OUTP? (@4)"}, "message": "查询完成。"}
{"ts": "2026-06-20 14:59:59", "action": "get_instrument_status", "status": "executed", "risk_level": "low", "arguments": {}, "message": "共 1 个仪器会话。"}
{"ts": "2026-06-20 15:00:00", "action": "set_instrument_output", "status": "executed", "risk_level": "high", "arguments": {"session_id": "n6705c:A", "channel": 1, "enabled": false}, "message": "[白名单自动批准] 已将通道 1 输出设为 OFF。"}
{"ts": "2026-06-20 15:00:14", "action": "set_instrument_output", "status": "executed", "risk_level": "high", "arguments": {"session_id": "n6705c:A", "channel": 1, "enabled": true}, "message": "[白名单自动批准] 已将通道 1 输出设为 ON。"}
{"ts": "2026-06-20 18:04:00", "action": "get_current_page", "status": "executed", "risk_level": "low", "arguments": {}, "message": "当前页面：datalog"}
{"ts": "2026-06-20 18:04:00", "action": "get_instrument_status", "status": "executed", "risk_level": "low", "arguments": {}, "message": "共 0 个仪器会话。"}
{"ts": "2026-06-20 18:34:24", "action": "get_current_page", "status": "executed", "risk_level": "low", "arguments": {}, "message": "当前页面：datalog"}
{"ts": "2026-06-20 19:02:43", "action": "get_waveform_window", "status": "executed", "risk_level": "low", "arguments": {"label": "F1-A-I1", "t0": 0.4091, "t1": 0.4092, "max_points": 500}, "message": "通道 F1-A-I1 在 [0.4091, 0.4092] 窗口返回 5 点。"}
{"ts": "2026-06-20 19:03:39", "action": "get_waveform_window", "status": "executed", "risk_level": "low", "arguments": {"label": "F1-A-I1", "t0": 0.408531, "t1": 0.409988, "max_points": 5000}, "message": "通道 F1-A-I1 在 [0.408531, 0.409988] 窗口返回 71 点。"}
{"ts": "2026-06-20 23:26:27", "action": "get_current_page", "status": "executed", "risk_level": "low", "arguments": {}, "message": "当前页面：datalog"}
{"ts": "2026-06-20 23:26:28", "action": "get_instrument_status", "status": "executed", "risk_level": "low", "arguments": {}, "message": "共 0 个仪器会话。"}
{"ts": "2026-06-20 23:27:26", "action": "get_current_page", "status": "executed", "risk_level": "low", "arguments": {}, "message": "当前页面：datalog"}
{"ts": "2026-06-20 23:28:05", "action": "get_instrument_status", "status": "executed", "risk_level": "low", "arguments": {}, "message": "共 0 个仪器会话。"}
{"ts": "2026-06-20 23:30:09", "action": "get_current_page", "status": "executed", "risk_level": "low", "arguments": {}, "message": "当前页面：datalog"}
{"ts": "2026-06-20 23:30:09", "action": "get_instrument_status", "status": "executed", "risk_level": "low", "arguments": {}, "message": "共 0 个仪器会话。"}
{"ts": "2026-06-20 23:30:11", "action": "get_recent_app_logs", "status": "executed", "risk_level": "low", "arguments": {"lines": 50}, "message": ""}
{"ts": "2026-06-20 23:32:56", "action": "get_current_page", "status": "executed", "risk_level": "low", "arguments": {}, "message": "当前页面：datalog"}
{"ts": "2026-06-20 23:32:56", "action": "get_instrument_status", "status": "executed", "risk_level": "low", "arguments": {}, "message": "共 0 个仪器会话。"}
{"ts": "2026-06-20 23:38:41", "action": "get_instrument_status", "status": "executed", "risk_level": "low", "arguments": {}, "message": "共 0 个仪器会话。"}
{"ts": "2026-06-21 16:31:13", "action": "get_current_page", "status": "executed", "risk_level": "low", "arguments": {}, "message": "当前页面：datalog"}
{"ts": "2026-06-21 16:31:13", "action": "get_instrument_status", "status": "executed", "risk_level": "low", "arguments": {}, "message": "共 0 个仪器会话。"}
{"ts": "2026-06-21 16:31:14", "action": "get_recent_app_logs", "status": "executed", "risk_level": "low", "arguments": {"lines": 100}, "message": ""}
{"ts": "2026-06-21 16:31:14", "action": "get_recent_serial_logs", "status": "executed", "risk_level": "low", "arguments": {"lines": 100}, "message": ""}
{"ts": "2026-06-21 16:33:32", "action": "get_recent_app_logs", "status": "executed", "risk_level": "low", "arguments": {"lines": 100}, "message": ""}
{"ts": "2026-06-21 16:33:33", "action": "get_instrument_status", "status": "executed", "risk_level": "low", "arguments": {}, "message": "共 0 个仪器会话。"}
{"ts": "2026-06-21 16:33:33", "action": "get_current_page", "status": "executed", "risk_level": "low", "arguments": {}, "message": "当前页面：datalog"}
{"ts": "2026-06-22 10:13:08", "action": "get_current_page", "status": "executed", "risk_level": "low", "arguments": {}, "message": "当前页面：datalog"}
{"ts": "2026-06-22 10:13:08", "action": "get_instrument_status", "status": "executed", "risk_level": "low", "arguments": {}, "message": "共 1 个仪器会话。"}
{"ts": "2026-06-22 10:21:50", "action": "get_instrument_status", "status": "executed", "risk_level": "low", "arguments": {}, "message": "共 1 个仪器会话。"}
{"ts": "2026-06-22 10:21:52", "action": "query_instrument", "status": "executed", "risk_level": "low", "arguments": {"session_id": "n6705c:A", "command": "OUTP? (@1)"}, "message": "查询完成。"}
{"ts": "2026-06-22 10:21:52", "action": "query_instrument", "status": "executed", "risk_level": "low", "arguments": {"session_id": "n6705c:A", "command": "MEAS:VOLT? (@1)"}, "message": "查询完成。"}
{"ts": "2026-06-22 10:21:52", "action": "query_instrument", "status": "executed", "risk_level": "low", "arguments": {"session_id": "n6705c:A", "command": "MEAS:CURR? (@1)"}, "message": "查询完成。"}
{"ts": "2026-06-22 10:32:31", "action": "get_instrument_status", "status": "executed", "risk_level": "low", "arguments": {}, "message": "共 1 个仪器会话。"}
{"ts": "2026-06-22 10:32:34", "action": "query_instrument", "status": "executed", "risk_level": "low", "arguments": {"session_id": "n6705c:A", "command": "MEAS:VOLT? (@1)"}, "message": "查询完成。"}
{"ts": "2026-06-22 10:32:34", "action": "query_instrument", "status": "executed", "risk_level": "low", "arguments": {"session_id": "n6705c:A", "command": "MEAS:CURR? (@1)"}, "message": "查询完成。"}
{"ts": "2026-06-22 10:32:34", "action": "query_instrument", "status": "executed", "risk_level": "low", "arguments": {"session_id": "n6705c:A", "command": "MEAS:VOLT? (@2)"}, "message": "查询完成。"}
{"ts": "2026-06-22 10:32:34", "action": "query_instrument", "status": "executed", "risk_level": "low", "arguments": {"session_id": "n6705c:A", "command": "MEAS:CURR? (@2)"}, "message": "查询完成。"}
{"ts": "2026-06-22 10:32:34", "action": "query_instrument", "status": "executed", "risk_level": "low", "arguments": {"session_id": "n6705c:A", "command": "MEAS:VOLT? (@3)"}, "message": "查询完成。"}
{"ts": "2026-06-22 10:32:34", "action": "query_instrument", "status": "executed", "risk_level": "low", "arguments": {"session_id": "n6705c:A", "command": "MEAS:CURR? (@3)"}, "message": "查询完成。"}
{"ts": "2026-06-22 10:32:34", "action": "query_instrument", "status": "executed", "risk_level": "low", "arguments": {"session_id": "n6705c:A", "command": "MEAS:VOLT? (@4)"}, "message": "查询完成。"}
{"ts": "2026-06-22 10:32:35", "action": "query_instrument", "status": "executed", "risk_level": "low", "arguments": {"session_id": "n6705c:A", "command": "MEAS:CURR? (@4)"}, "message": "查询完成。"}
{"ts": "2026-06-22 10:45:04", "action": "get_current_page", "status": "executed", "risk_level": "low", "arguments": {}, "message": "当前页面：datalog"}
{"ts": "2026-06-22 10:45:04", "action": "get_instrument_status", "status": "executed", "risk_level": "low", "arguments": {}, "message": "共 1 个仪器会话。"}
{"ts": "2026-06-22 10:52:54", "action": "get_current_page", "status": "executed", "risk_level": "low", "arguments": {}, "message": "当前页面：power_analyser"}
{"ts": "2026-06-22 11:00:29", "action": "get_current_page", "status": "executed", "risk_level": "low", "arguments": {}, "message": "当前页面：power_analyser"}
{"ts": "2026-06-22 11:00:29", "action": "get_instrument_status", "status": "executed", "risk_level": "low", "arguments": {}, "message": "共 1 个仪器会话。"}
{"ts": "2026-06-22 11:00:32", "action": "query_instrument", "status": "executed", "risk_level": "low", "arguments": {"session_id": "n6705c:A", "command": "MEAS:VOLT? (@1)"}, "message": "查询完成。"}
{"ts": "2026-06-22 11:00:32", "action": "query_instrument", "status": "executed", "risk_level": "low", "arguments": {"session_id": "n6705c:A", "command": "MEAS:VOLT? (@2)"}, "message": "查询完成。"}
{"ts": "2026-06-22 11:00:32", "action": "query_instrument", "status": "executed", "risk_level": "low", "arguments": {"session_id": "n6705c:A", "command": "MEAS:VOLT? (@3)"}, "message": "查询完成。"}
{"ts": "2026-06-22 11:00:32", "action": "query_instrument", "status": "executed", "risk_level": "low", "arguments": {"session_id": "n6705c:A", "command": "MEAS:VOLT? (@4)"}, "message": "查询完成。"}
{"ts": "2026-06-22 11:00:32", "action": "query_instrument", "status": "executed", "risk_level": "low", "arguments": {"session_id": "n6705c:A", "command": "OUTP? (@1)"}, "message": "查询完成。"}
{"ts": "2026-06-22 11:00:42", "action": "query_instrument", "status": "executed", "risk_level": "low", "arguments": {"session_id": "n6705c:A", "command": "OUTP? (@2)"}, "message": "查询完成。"}
{"ts": "2026-06-22 11:00:52", "action": "query_instrument", "status": "executed", "risk_level": "low", "arguments": {"session_id": "n6705c:A", "command": "OUTP? (@3)"}, "message": "查询完成。"}
{"ts": "2026-06-22 11:00:52", "action": "query_instrument", "status": "executed", "risk_level": "low", "arguments": {"session_id": "n6705c:A", "command": "OUTP? (@4)"}, "message": "查询完成。"}
{"ts": "2026-06-22 14:26:42", "action": "get_instrument_status", "status": "executed", "risk_level": "low", "arguments": {}, "message": "共 1 个仪器会话。"}
{"ts": "2026-06-22 14:26:46", "action": "query_instrument", "status": "executed", "risk_level": "low", "arguments": {"session_id": "n6705c:A", "command": "MEAS:VOLT? (@1)"}, "message": "查询完成。"}
{"ts": "2026-06-22 14:26:46", "action": "query_instrument", "status": "executed", "risk_level": "low", "arguments": {"session_id": "n6705c:A", "command": "MEAS:CURR? (@1)"}, "message": "查询完成。"}
{"ts": "2026-06-22 14:26:46", "action": "query_instrument", "status": "executed", "risk_level": "low", "arguments": {"session_id": "n6705c:A", "command": "MEAS:VOLT? (@2)"}, "message": "查询完成。"}
{"ts": "2026-06-22 14:26:46", "action": "query_instrument", "status": "executed", "risk_level": "low", "arguments": {"session_id": "n6705c:A", "command": "MEAS:CURR? (@2)"}, "message": "查询完成。"}
{"ts": "2026-06-22 14:26:46", "action": "query_instrument", "status": "executed", "risk_level": "low", "arguments": {"session_id": "n6705c:A", "command": "MEAS:VOLT? (@3)"}, "message": "查询完成。"}
{"ts": "2026-06-22 14:26:46", "action": "query_instrument", "status": "executed", "risk_level": "low", "arguments": {"session_id": "n6705c:A", "command": "MEAS:CURR? (@3)"}, "message": "查询完成。"}
{"ts": "2026-06-22 14:26:46", "action": "query_instrument", "status": "executed", "risk_level": "low", "arguments": {"session_id": "n6705c:A", "command": "MEAS:VOLT? (@4)"}, "message": "查询完成。"}
{"ts": "2026-06-22 14:26:47", "action": "query_instrument", "status": "executed", "risk_level": "low", "arguments": {"session_id": "n6705c:A", "command": "MEAS:CURR? (@4)"}, "message": "查询完成。"}
{"ts": "2026-06-22 14:28:21", "action": "get_current_page", "status": "executed", "risk_level": "low", "arguments": {}, "message": "当前页面：custom_test"}
{"ts": "2026-06-22 14:28:56", "action": "get_current_page", "status": "executed", "risk_level": "low", "arguments": {}, "message": "当前页面：custom_test"}
{"ts": "2026-06-22 14:33:43", "action": "get_current_page", "status": "executed", "risk_level": "low", "arguments": {}, "message": "当前页面：thermal_chamber"}
{"ts": "2026-06-22 14:33:43", "action": "get_instrument_status", "status": "executed", "risk_level": "low", "arguments": {}, "message": "共 2 个仪器会话。"}
{"ts": "2026-06-22 14:33:58", "action": "set_instrument_voltage", "status": "failed", "risk_level": "high", "arguments": {"session_id": "vt6002:chamber", "channel": 1, "voltage": 20}, "message": "执行失败：该仪器不支持 set_voltage。"}
{"ts": "2026-06-22 14:33:59", "action": "query_instrument", "status": "failed", "risk_level": "low", "arguments": {"session_id": "vt6002:chamber", "command": "*IDN?"}, "message": "该仪器不支持 query 接口。"}
{"ts": "2026-06-22 14:34:00", "action": "get_serial_status", "status": "executed", "risk_level": "low", "arguments": {}, "message": "当前无活动串口会话。"}
{"ts": "2026-06-22 14:34:01", "action": "get_instrument_status", "status": "executed", "risk_level": "low", "arguments": {}, "message": "共 2 个仪器会话。"}
{"ts": "2026-06-22 14:37:23", "action": "get_instrument_status", "status": "executed", "risk_level": "low", "arguments": {}, "message": "共 1 个仪器会话。"}
{"ts": "2026-06-22 14:37:27", "action": "query_instrument", "status": "executed", "risk_level": "low", "arguments": {"session_id": "n6705c:A", "command": "MEAS:VOLT? (@1)"}, "message": "查询完成。"}
{"ts": "2026-06-22 14:37:37", "action": "query_instrument", "status": "executed", "risk_level": "low", "arguments": {"session_id": "n6705c:A", "command": "MEAS:CURR? (@1)"}, "message": "查询完成。"}
{"ts": "2026-06-22 14:37:47", "action": "query_instrument", "status": "executed", "risk_level": "low", "arguments": {"session_id": "n6705c:A", "command": "MEAS:VOLT? (@2)"}, "message": "查询完成。"}
{"ts": "2026-06-22 14:37:47", "action": "query_instrument", "status": "executed", "risk_level": "low", "arguments": {"session_id": "n6705c:A", "command": "MEAS:CURR? (@2)"}, "message": "查询完成。"}
{"ts": "2026-06-22 14:37:47", "action": "query_instrument", "status": "executed", "risk_level": "low", "arguments": {"session_id": "n6705c:A", "command": "MEAS:VOLT? (@3)"}, "message": "查询完成。"}
{"ts": "2026-06-22 14:37:47", "action": "query_instrument", "status": "executed", "risk_level": "low", "arguments": {"session_id": "n6705c:A", "command": "MEAS:CURR? (@3)"}, "message": "查询完成。"}
{"ts": "2026-06-22 14:37:47", "action": "query_instrument", "status": "executed", "risk_level": "low", "arguments": {"session_id": "n6705c:A", "command": "MEAS:VOLT? (@4)"}, "message": "查询完成。"}
{"ts": "2026-06-22 14:37:47", "action": "query_instrument", "status": "executed", "risk_level": "low", "arguments": {"session_id": "n6705c:A", "command": "MEAS:CURR? (@4)"}, "message": "查询完成。"}
{"ts": "2026-06-22 14:38:15", "action": "get_instrument_status", "status": "executed", "risk_level": "low", "arguments": {}, "message": "共 1 个仪器会话。"}
{"ts": "2026-06-22 14:38:18", "action": "query_instrument", "status": "executed", "risk_level": "low", "arguments": {"session_id": "n6705c:A", "command": "MEAS:VOLT? (@1)"}, "message": "查询完成。"}
{"ts": "2026-06-22 14:38:18", "action": "query_instrument", "status": "executed", "risk_level": "low", "arguments": {"session_id": "n6705c:A", "command": "MEAS:VOLT? (@2)"}, "message": "查询完成。"}
{"ts": "2026-06-22 14:38:18", "action": "query_instrument", "status": "executed", "risk_level": "low", "arguments": {"session_id": "n6705c:A", "command": "MEAS:VOLT? (@3)"}, "message": "查询完成。"}
{"ts": "2026-06-22 14:38:18", "action": "query_instrument", "status": "executed", "risk_level": "low", "arguments": {"session_id": "n6705c:A", "command": "MEAS:VOLT? (@4)"}, "message": "查询完成。"}
{"ts": "2026-06-22 14:38:18", "action": "query_instrument", "status": "executed", "risk_level": "low", "arguments": {"session_id": "n6705c:A", "command": "MEAS:CURR? (@1)"}, "message": "查询完成。"}
{"ts": "2026-06-22 14:38:18", "action": "query_instrument", "status": "executed", "risk_level": "low", "arguments": {"session_id": "n6705c:A", "command": "MEAS:CURR? (@2)"}, "message": "查询完成。"}
{"ts": "2026-06-22 14:38:18", "action": "query_instrument", "status": "executed", "risk_level": "low", "arguments": {"session_id": "n6705c:A", "command": "MEAS:CURR? (@3)"}, "message": "查询完成。"}
{"ts": "2026-06-22 14:38:19", "action": "query_instrument", "status": "executed", "risk_level": "low", "arguments": {"session_id": "n6705c:A", "command": "MEAS:CURR? (@4)"}, "message": "查询完成。"}
{"ts": "2026-06-22 18:05:10", "action": "get_current_page", "status": "executed", "risk_level": "low", "arguments": {}, "message": "当前页面：custom_test"}
{"ts": "2026-06-22 18:05:10", "action": "get_test_sequence_status", "status": "executed", "risk_level": "low", "arguments": {}, "message": ""}
{"ts": "2026-06-24 18:57:43", "action": "measure_voltage", "status": "executed", "risk_level": "low", "arguments": {"session_id": "n6705c:A", "channel": 1}, "message": "通道 1 电压测量完成。"}
{"ts": "2026-06-24 18:57:43", "action": "measure_current", "status": "executed", "risk_level": "low", "arguments": {"session_id": "n6705c:A", "channel": 3}, "message": "通道 3 电流测量完成。"}
{"ts": "2026-06-24 18:57:43", "action": "get_channel_output_state", "status": "executed", "risk_level": "low", "arguments": {"session_id": "n6705c:A", "channel": 1}, "message": "通道 1 输出状态读取完成。"}
{"ts": "2026-06-24 18:57:43", "action": "get_channel_limits", "status": "executed", "risk_level": "low", "arguments": {"session_id": "n6705c:A", "channel": 1}, "message": "通道 1 限值读取完成。"}
{"ts": "2026-06-24 18:57:43", "action": "set_current_limit", "status": "executed", "risk_level": "high", "arguments": {"session_id": "n6705c:A", "channel": 1, "limit": 2.5}, "message": "已设置通道 1 电流限值为 2.5 A。"}
{"ts": "2026-06-24 18:57:43", "action": "set_output_off_mode", "status": "executed", "risk_level": "high", "arguments": {"session_id": "n6705c:A", "channel": 1, "mode": "HIGHZ"}, "message": "已设置通道 1 输出关闭模式为 HIGHZ。"}
{"ts": "2026-06-24 18:57:43", "action": "set_output_off_mode", "status": "failed", "risk_level": "high", "arguments": {"session_id": "n6705c:A", "channel": 1, "mode": "BAD"}, "message": "参数校验失败：mode 取值非法（应为 ['HIGHZ', 'LOWZ'] 之一）"}
{"ts": "2026-06-24 18:57:43", "action": "find_instrument_sessions", "status": "executed", "risk_level": "low", "arguments": {"role": "power"}, "message": "找到 1 个匹配会话。"}
{"ts": "2026-06-24 18:57:43", "action": "get_instrument_capabilities", "status": "executed", "risk_level": "low", "arguments": {"session_id": "n6705c:A"}, "message": "会话 n6705c:A 能力：datalog, measure_current, measure_voltage, multi_channel_output, set_current_limit, set_voltage"}
{"ts": "2026-06-24 18:57:43", "action": "scan_instruments", "status": "executed", "risk_level": "low", "arguments": {"instrument_type": "n6705c"}, "message": "已发起新一轮扫描；上次扫描到 1 个候选。完成后再次调用可获取最新结果。"}
{"ts": "2026-06-24 18:57:43", "action": "connect_instrument", "status": "executed", "risk_level": "medium", "arguments": {"instrument_type": "n6705c", "resource": "MOCK::N6705C::B", "role": "power", "slot": "b"}, "message": "已发起连接（异步），可稍后用 get_instrument_status 确认。"}
{"ts": "2026-06-24 18:57:43", "action": "connect_instrument", "status": "failed", "risk_level": "medium", "arguments": {"instrument_type": "no_such", "resource": "x"}, "message": "未注册的仪器类型：no_such"}
{"ts": "2026-06-24 18:57:43", "action": "disconnect_all_instruments", "status": "executed", "risk_level": "medium", "arguments": {}, "message": "已发起断开 1 个已连接会话（异步）。"}
{"ts": "2026-06-24 18:57:43", "action": "measure_voltage", "status": "failed", "risk_level": "low", "arguments": {"session_id": "no_such", "channel": 1}, "message": "会话未连接：no_such"}
{"ts": "2026-06-24 18:57:43", "action": "get_channel_limits", "status": "executed", "risk_level": "low", "arguments": {"session_id": "n6705c:A", "channel": 1}, "message": "通道 1 限值读取完成。"}
{"ts": "2026-06-24 19:27:32", "action": "scope_measure_channel", "status": "executed", "risk_level": "low", "arguments": {"session_id": "dsox4034a:main_scope", "channel": 1}, "message": "通道 1 批量测量完成（PK2PK/FREQUENCY/VMAX/VMIN）。"}
{"ts": "2026-06-24 19:27:32", "action": "scope_get_measurement", "status": "executed", "risk_level": "low", "arguments": {"session_id": "dsox4034a:main_scope", "channel": 1, "type": "rms"}, "message": "通道 1 的 rms 测量完成。"}
{"ts": "2026-06-24 19:27:32", "action": "scope_get_measurement", "status": "failed", "risk_level": "low", "arguments": {"session_id": "dsox4034a:main_scope", "channel": 1, "type": "bad"}, "message": "参数校验失败：type 取值非法（应为 ['pk2pk', 'frequency', 'mean', 'max', 'min', 'rms', 'amplitude'] 之一）"}
{"ts": "2026-06-24 19:27:32", "action": "scope_is_acquiring", "status": "executed", "risk_level": "low", "arguments": {"session_id": "dsox4034a:main_scope"}, "message": "示波器 dsox4034a:main_scope 采集状态读取完成。"}
{"ts": "2026-06-24 19:27:32", "action": "scope_capture_screen", "status": "executed", "risk_level": "low", "arguments": {"session_id": "dsox4034a:main_scope", "invert": true}, "message": "截屏已保存：D:\\CodeProject\\TRAE_Projects\\KK_Lab\\user_data\\ai\\screenshots\\scope_dsox4034a_main_scope_20260624_192732.png"}
{"ts": "2026-06-24 19:27:32", "action": "scope_set_timebase", "status": "executed", "risk_level": "high", "arguments": {"session_id": "dsox4034a:main_scope", "seconds_per_div": 1e-06}, "message": "已设置时基为 1e-06 s/div。"}
{"ts": "2026-06-24 19:27:32", "action": "scope_set_channel_scale", "status": "executed", "risk_level": "high", "arguments": {"session_id": "dsox4034a:main_scope", "channel": 1, "volts_per_div": 0.02}, "message": "已设置通道 1 垂直档位为 0.02 V/div。"}
{"ts": "2026-06-24 19:27:32", "action": "scope_set_trigger", "status": "executed", "risk_level": "high", "arguments": {"session_id": "dsox4034a:main_scope", "source": 1, "level": 1.25, "slope": "NEG"}, "message": "已设置触发：源 CH1，电平 1.25 V，斜率 NEG。"}
{"ts": "2026-06-24 19:27:32", "action": "scope_stop", "status": "executed", "risk_level": "medium", "arguments": {"session_id": "dsox4034a:main_scope"}, "message": "示波器 dsox4034a:main_scope 已停止采集（STOP）。"}
{"ts": "2026-06-24 19:27:32", "action": "scope_run", "status": "executed", "risk_level": "medium", "arguments": {"session_id": "dsox4034a:main_scope"}, "message": "示波器 dsox4034a:main_scope 已进入连续采集（RUN）。"}
{"ts": "2026-06-24 19:27:32", "action": "scope_single", "status": "executed", "risk_level": "medium", "arguments": {"session_id": "dsox4034a:main_scope"}, "message": "示波器 dsox4034a:main_scope 已发起单次采集（SINGLE）。"}
{"ts": "2026-06-24 19:27:32", "action": "scope_autoscale", "status": "executed", "risk_level": "medium", "arguments": {"session_id": "dsox4034a:main_scope"}, "message": "示波器 dsox4034a:main_scope 已执行自动量程。"}
{"ts": "2026-06-24 19:27:32", "action": "scope_set_timebase", "status": "cancelled", "risk_level": "high", "arguments": {"session_id": "dsox4034a:main_scope", "seconds_per_div": 2e-06}, "message": "用户取消或未确认。"}
{"ts": "2026-06-24 19:27:32", "action": "scope_measure_channel", "status": "failed", "risk_level": "low", "arguments": {"session_id": "dsox4034a:main_scope", "channel": 1}, "message": "会话未连接：dsox4034a:main_scope"}
{"ts": "2026-06-24 19:27:56", "action": "scope_autoscale", "status": "failed", "risk_level": "medium", "arguments": {"session_id": "mso64b:main_scope"}, "message": "执行失败：该示波器不支持 autoscale（仅 DSOX4034A 支持）。"}
{"ts": "2026-06-24 19:27:56", "action": "scope_capture_screen", "status": "executed", "risk_level": "low", "arguments": {"session_id": "mso64b:main_scope"}, "message": "仪器未返回截图数据（可能是 Mock 模式或采集未就绪）。"}
{"ts": "2026-06-24 19:27:56", "action": "scope_measure_channel", "status": "executed", "risk_level": "low", "arguments": {"session_id": "mso64b:main_scope", "channel": 1}, "message": "通道 1 批量测量完成（PK2PK/FREQUENCY/VMAX/VMIN）。"}
{"ts": "2026-06-24 19:27:56", "action": "scope_get_measurement", "status": "failed", "risk_level": "low", "arguments": {"session_id": "mso64b:main_scope", "channel": 1, "type": "amplitude"}, "message": "执行失败：该示波器不支持 get_channel_amplitude。"}
{"ts": "2026-06-24 19:41:32", "action": "chamber_get_current_temp", "status": "executed", "risk_level": "low", "arguments": {"session_id": "vt6002:default"}, "message": "温箱 vt6002:default 当前温度读取完成。"}
{"ts": "2026-06-24 19:41:32", "action": "chamber_get_set_temp", "status": "executed", "risk_level": "low", "arguments": {"session_id": "vt6002:default"}, "message": "温箱 vt6002:default 设定温度读取完成。"}
{"ts": "2026-06-24 19:41:32", "action": "chamber_get_current_temp", "status": "failed", "risk_level": "low", "arguments": {"session_id": ""}, "message": "缺少 session_id。"}
{"ts": "2026-06-24 20:24:56", "action": "get_current_test_config", "status": "executed", "risk_level": "low", "arguments": {}, "message": ""}
{"ts": "2026-06-24 20:24:56", "action": "get_current_test_config", "status": "executed", "risk_level": "low", "arguments": {}, "message": ""}
{"ts": "2026-06-24 20:24:56", "action": "list_test_steps", "status": "executed", "risk_level": "low", "arguments": {}, "message": "当前序列共 1 个步骤。"}
{"ts": "2026-06-24 20:24:56", "action": "get_test_result_summary", "status": "executed", "risk_level": "low", "arguments": {}, "message": ""}
{"ts": "2026-06-24 20:24:56", "action": "apply_test_config_draft", "status": "executed", "risk_level": "high", "arguments": {"draft_id": "draft_001"}, "message": "applied"}
{"ts": "2026-06-24 20:24:56", "action": "apply_test_config_draft", "status": "executed", "risk_level": "high", "arguments": {"draft_id": "draft_001"}, "message": "applied"}
{"ts": "2026-06-24 20:24:56", "action": "set_test_variable", "status": "executed", "risk_level": "high", "arguments": {"name": "chip", "value": "BES2300"}, "message": "ok"}
{"ts": "2026-06-24 20:24:56", "action": "run_single_step", "status": "executed", "risk_level": "high", "arguments": {"step_id": "u1"}, "message": "ran"}
{"ts": "2026-06-24 20:24:56", "action": "set_test_variable", "status": "cancelled", "risk_level": "high", "arguments": {"name": "x", "value": 1}, "message": "用户取消或未确认。"}
{"ts": "2026-06-24 20:24:56", "action": "set_test_variable", "status": "cancelled", "risk_level": "high", "arguments": {"name": "a b", "value": 1}, "message": "用户取消或未确认。"}
{"ts": "2026-06-24 20:45:45", "action": "get_artifact_list", "status": "executed", "risk_level": "low", "arguments": {}, "message": "本次会话共产生 2 个产物。"}
{"ts": "2026-06-24 20:45:45", "action": "export_waveform_csv", "status": "failed", "risk_level": "low", "arguments": {"label": "X", "t0": 0, "t1": 1}, "message": "当前无可导出的波形数据（请切到 Datalog 页并加载数据）。"}
{"ts": "2026-06-24 20:57:37", "action": "test_ping", "status": "executed", "risk_level": "low", "arguments": {"session_id": "s1"}, "message": "ok"}
{"ts": "2026-06-24 20:57:37", "action": "test_selftest", "status": "executed", "risk_level": "medium", "arguments": {"session_id": "s1"}, "message": "passed"}
{"ts": "2026-06-24 21:50:16", "action": "get_current_page", "status": "executed", "risk_level": "low", "arguments": {}, "message": "当前页面：power_analyser"}
{"ts": "2026-06-24 21:52:03", "action": "get_instrument_status", "status": "executed", "risk_level": "low", "arguments": {}, "message": "共 1 个仪器会话。"}
{"ts": "2026-06-24 21:52:04", "action": "ping_instrument", "status": "failed", "risk_level": "low", "arguments": {"session_id": "n6705c:A"}, "message": "会话未连接：n6705c:A"}
{"ts": "2026-06-24 21:52:05", "action": "scan_instruments", "status": "executed", "risk_level": "low", "arguments": {"instrument_type": "n6705c"}, "message": "已发起扫描（异步），完成后再次调用可获取结果。"}
{"ts": "2026-06-24 21:52:06", "action": "scan_instruments", "status": "executed", "risk_level": "low", "arguments": {"instrument_type": "n6705c"}, "message": "已发起扫描（异步），完成后再次调用可获取结果。"}
{"ts": "2026-06-24 21:52:07", "action": "scan_instruments", "status": "executed", "risk_level": "low", "arguments": {"instrument_type": "n6705c"}, "message": "已发起扫描（异步），完成后再次调用可获取结果。"}
{"ts": "2026-06-24 21:57:14", "action": "get_instrument_status", "status": "executed", "risk_level": "low", "arguments": {}, "message": "共 1 个仪器会话。"}
{"ts": "2026-06-24 21:57:27", "action": "scan_instruments", "status": "executed", "risk_level": "low", "arguments": {"instrument_type": "n6705c"}, "message": "已发起新一轮扫描；上次扫描到 2 个候选。完成后再次调用可获取最新结果。"}
{"ts": "2026-06-24 21:58:55", "action": "connect_instrument", "status": "executed", "risk_level": "medium", "arguments": {"instrument_type": "n6705c", "resource": "TCPIP0::K-N6705C-06098.local::hislip0::INSTR", "slot": "A"}, "message": "已发起连接（异步），可稍后用 get_instrument_status 确认。"}
{"ts": "2026-06-24 21:58:55", "action": "get_instrument_status", "status": "executed", "risk_level": "low", "arguments": {}, "message": "共 1 个仪器会话。"}
{"ts": "2026-06-24 21:58:56", "action": "query_instrument", "status": "executed", "risk_level": "low", "arguments": {"session_id": "n6705c:A", "command": "*IDN?"}, "message": "查询完成。"}
{"ts": "2026-06-24 21:59:31", "action": "measure_voltage", "status": "executed", "risk_level": "low", "arguments": {"session_id": "n6705c:A", "channel": 1}, "message": "通道 1 电压测量完成。"}
{"ts": "2026-06-24 21:59:31", "action": "measure_voltage", "status": "executed", "risk_level": "low", "arguments": {"session_id": "n6705c:A", "channel": 2}, "message": "通道 2 电压测量完成。"}
{"ts": "2026-06-24 21:59:32", "action": "measure_voltage", "status": "executed", "risk_level": "low", "arguments": {"session_id": "n6705c:A", "channel": 3}, "message": "通道 3 电压测量完成。"}
{"ts": "2026-06-24 21:59:32", "action": "measure_voltage", "status": "executed", "risk_level": "low", "arguments": {"session_id": "n6705c:A", "channel": 4}, "message": "通道 4 电压测量完成。"}
{"ts": "2026-06-24 21:59:32", "action": "measure_current", "status": "executed", "risk_level": "low", "arguments": {"session_id": "n6705c:A", "channel": 1}, "message": "通道 1 电流测量完成。"}
{"ts": "2026-06-24 21:59:42", "action": "measure_current", "status": "executed", "risk_level": "low", "arguments": {"session_id": "n6705c:A", "channel": 2}, "message": "通道 2 电流测量完成。"}
{"ts": "2026-06-24 21:59:52", "action": "measure_current", "status": "executed", "risk_level": "low", "arguments": {"session_id": "n6705c:A", "channel": 3}, "message": "通道 3 电流测量完成。"}
{"ts": "2026-06-24 21:59:52", "action": "measure_current", "status": "executed", "risk_level": "low", "arguments": {"session_id": "n6705c:A", "channel": 4}, "message": "通道 4 电流测量完成。"}
{"ts": "2026-06-24 21:59:52", "action": "get_channel_output_state", "status": "executed", "risk_level": "low", "arguments": {"session_id": "n6705c:A", "channel": 1}, "message": "通道 1 输出状态读取完成。"}
{"ts": "2026-06-24 21:59:52", "action": "get_channel_output_state", "status": "executed", "risk_level": "low", "arguments": {"session_id": "n6705c:A", "channel": 2}, "message": "通道 2 输出状态读取完成。"}
{"ts": "2026-06-24 21:59:52", "action": "get_channel_output_state", "status": "executed", "risk_level": "low", "arguments": {"session_id": "n6705c:A", "channel": 3}, "message": "通道 3 输出状态读取完成。"}
{"ts": "2026-06-24 21:59:52", "action": "get_channel_output_state", "status": "executed", "risk_level": "low", "arguments": {"session_id": "n6705c:A", "channel": 4}, "message": "通道 4 输出状态读取完成。"}
{"ts": "2026-06-25 00:02:22", "action": "get_current_page", "status": "executed", "risk_level": "low", "arguments": {}, "message": "当前页面：orchestrator"}
{"ts": "2026-06-25 00:04:23", "action": "schedule_action", "status": "executed", "risk_level": "high", "arguments": {"action": {"arguments": {"session_id": "n6705c:A", "channel": 1, "enabled": false}, "name": "set_instrument_output"}, "pre_authorized": true, "trigger": {"seconds": 60, "type": "delay"}}, "message": "已登记调度任务 sched_001：约 60 秒后执行 set_instrument_output。"}
{"ts": "2026-06-25 00:05:23", "action": "set_instrument_output", "status": "executed", "risk_level": "high", "arguments": {"session_id": "n6705c:A", "channel": 1, "enabled": false}, "message": "[白名单自动批准] 已将通道 1 输出设为 OFF。"}
{"ts": "2026-06-25 00:13:33", "action": "cancel_scheduled_task", "status": "failed", "risk_level": "medium", "arguments": {"task_id": "sched_001"}, "message": "任务 sched_001 当前状态为 done，无法取消。"}
{"ts": "2026-06-25 00:13:40", "action": "schedule_action", "status": "executed", "risk_level": "high", "arguments": {"trigger": {"type": "delay", "seconds": 60}, "action": {"name": "set_instrument_output", "arguments": {"session_id": "n6705c:A", "channel": 1, "enabled": true}}, "pre_authorized": true}, "message": "已登记调度任务 sched_002：约 60 秒后执行 set_instrument_output。"}
{"ts": "2026-06-25 00:14:39", "action": "cancel_scheduled_task", "status": "executed", "risk_level": "medium", "arguments": {"task_id": "sched_002"}, "message": "已取消调度任务 sched_002。"}
{"ts": "2026-06-25 13:17:50", "action": "get_instrument_status", "status": "executed", "risk_level": "low", "arguments": {}, "message": "共 0 个仪器会话。"}
{"ts": "2026-06-25 13:17:51", "action": "scan_instruments", "status": "executed", "risk_level": "low", "arguments": {"instrument_type": "n6705c"}, "message": "已发起扫描（异步），完成后会自动回灌结果。"}
{"ts": "2026-06-25 13:17:52", "action": "get_task_result", "status": "executed", "risk_level": "low", "arguments": {"task_id": "T-0001"}, "message": "任务 T-0001 当前状态：pending。"}
{"ts": "2026-06-25 13:17:52", "action": "scan_instruments", "status": "executed", "risk_level": "low", "arguments": {"instrument_type": "n6705c"}, "message": "已发起扫描（异步），完成后会自动回灌结果。"}
{"ts": "2026-06-25 13:17:53", "action": "get_task_result", "status": "executed", "risk_level": "low", "arguments": {"task_id": "T-0002"}, "message": "任务 T-0002 当前状态：pending。"}
{"ts": "2026-06-25 13:18:53", "action": "schedule_action", "status": "executed", "risk_level": "high", "arguments": {"action": {"name": "set_instrument_output", "arguments": {"session_id": "n6705c:A", "channel": 4, "enabled": true}}, "pre_authorized": true, "trigger": {"type": "delay", "seconds": 60}}, "message": "已登记调度任务 sched_001：约 60 秒后执行 set_instrument_output。"}
{"ts": "2026-06-25 13:19:53", "action": "set_instrument_output", "status": "failed", "risk_level": "high", "arguments": {"session_id": "n6705c:A", "channel": 4, "enabled": true}, "message": "执行失败：仪器通信异常，详见日志。"}
{"ts": "2026-06-25 13:22:10", "action": "set_instrument_output", "status": "cancelled", "risk_level": "high", "arguments": {"session_id": "n6705c:A", "channel": 4, "enabled": true}, "message": "用户取消或未确认。"}
{"ts": "2026-06-25 13:22:23", "action": "get_current_page", "status": "executed", "risk_level": "low", "arguments": {}, "message": "当前页面：pmu_dcdc_efficiency"}
{"ts": "2026-06-25 13:22:23", "action": "get_instrument_status", "status": "executed", "risk_level": "low", "arguments": {}, "message": "共 1 个仪器会话。"}
{"ts": "2026-06-25 13:22:23", "action": "get_current_test_config", "status": "executed", "risk_level": "low", "arguments": {}, "message": "当前页面无可用测试配置快照。"}
{"ts": "2026-06-25 13:22:24", "action": "list_test_steps", "status": "executed", "risk_level": "low", "arguments": {}, "message": "当前序列为空。"}
{"ts": "2026-06-25 13:22:25", "action": "get_instrument_capabilities", "status": "executed", "risk_level": "low", "arguments": {"session_id": "n6705c:A"}, "message": "会话 n6705c:A 能力：datalog, measure_current, measure_voltage, multi_channel_output, set_current_limit, set_voltage"}
{"ts": "2026-06-25 13:22:26", "action": "get_channel_output_state", "status": "executed", "risk_level": "low", "arguments": {"session_id": "n6705c:A", "channel": 1}, "message": "通道 1 输出状态读取完成。"}
{"ts": "2026-06-25 13:22:26", "action": "get_channel_output_state", "status": "executed", "risk_level": "low", "arguments": {"session_id": "n6705c:A", "channel": 2}, "message": "通道 2 输出状态读取完成。"}
{"ts": "2026-06-25 13:22:26", "action": "get_channel_output_state", "status": "executed", "risk_level": "low", "arguments": {"session_id": "n6705c:A", "channel": 3}, "message": "通道 3 输出状态读取完成。"}
{"ts": "2026-06-25 13:22:26", "action": "get_channel_output_state", "status": "executed", "risk_level": "low", "arguments": {"session_id": "n6705c:A", "channel": 4}, "message": "通道 4 输出状态读取完成。"}
{"ts": "2026-06-25 13:22:28", "action": "measure_voltage", "status": "executed", "risk_level": "low", "arguments": {"session_id": "n6705c:A", "channel": 1}, "message": "通道 1 电压测量完成。"}
{"ts": "2026-06-25 13:22:28", "action": "measure_voltage", "status": "executed", "risk_level": "low", "arguments": {"session_id": "n6705c:A", "channel": 2}, "message": "通道 2 电压测量完成。"}
{"ts": "2026-06-25 13:22:28", "action": "measure_current", "status": "executed", "risk_level": "low", "arguments": {"session_id": "n6705c:A", "channel": 1}, "message": "通道 1 电流测量完成。"}
{"ts": "2026-06-25 13:22:28", "action": "measure_current", "status": "executed", "risk_level": "low", "arguments": {"session_id": "n6705c:A", "channel": 2}, "message": "通道 2 电流测量完成。"}
{"ts": "2026-06-25 14:38:26", "action": "get_current_page", "status": "executed", "risk_level": "low", "arguments": {}, "message": "当前页面：power_analyser"}
{"ts": "2026-06-25 14:38:26", "action": "get_instrument_status", "status": "executed", "risk_level": "low", "arguments": {}, "message": "共 1 个仪器会话。"}
{"ts": "2026-06-25 14:38:27", "action": "scan_instruments", "status": "executed", "risk_level": "low", "arguments": {"instrument_type": "n6705c"}, "message": "已发起扫描（异步），完成后会自动回灌结果。"}
{"ts": "2026-06-25 14:38:27", "action": "get_task_result", "status": "executed", "risk_level": "low", "arguments": {"task_id": "T-0001"}, "message": "任务 T-0001 当前状态：pending。"}
{"ts": "2026-06-25 14:38:28", "action": "scan_instruments", "status": "executed", "risk_level": "low", "arguments": {"instrument_type": "n6705c"}, "message": "已发起扫描（异步），完成后会自动回灌结果。"}
{"ts": "2026-06-25 14:38:29", "action": "get_task_result", "status": "executed", "risk_level": "low", "arguments": {"task_id": "T-0002"}, "message": "任务 T-0002 当前状态：pending。"}
{"ts": "2026-06-25 14:38:48", "action": "get_task_result", "status": "executed", "risk_level": "low", "arguments": {"task_id": "T-0001"}, "message": "任务 T-0001 当前状态：pending。"}
{"ts": "2026-06-25 14:38:53", "action": "get_task_result", "status": "executed", "risk_level": "low", "arguments": {"task_id": "T-0002"}, "message": "任务 T-0002 当前状态：pending。"}
{"ts": "2026-06-25 14:39:29", "action": "get_instrument_status", "status": "executed", "risk_level": "low", "arguments": {}, "message": "共 1 个仪器会话。"}
{"ts": "2026-06-25 14:39:33", "action": "schedule_action", "status": "executed", "risk_level": "high", "arguments": {"trigger": {"type": "delay", "seconds": 60}, "action": {"name": "set_instrument_output", "arguments": {"session_id": "n6705c:A", "channel": 1, "enabled": true}}, "pre_authorized": true}, "message": "已登记调度任务 sched_001：约 60 秒后执行 set_instrument_output。"}
{"ts": "2026-06-25 14:46:28", "action": "get_instrument_status", "status": "executed", "risk_level": "low", "arguments": {}, "message": "共 1 个仪器会话。"}
{"ts": "2026-06-25 14:46:29", "action": "disconnect_instrument", "status": "executed", "risk_level": "medium", "arguments": {"session_id": "n6705c:A"}, "message": "已发起断开（异步）。"}
{"ts": "2026-06-25 14:46:55", "action": "get_instrument_status", "status": "executed", "risk_level": "low", "arguments": {}, "message": "共 1 个仪器会话。"}
{"ts": "2026-06-25 14:46:56", "action": "set_instrument_output", "status": "executed", "risk_level": "high", "arguments": {"session_id": "n6705c:A", "channel": 1, "enabled": true}, "message": "[白名单自动批准] 已将通道 1 输出设为 ON。"}
{"ts": "2026-06-25 14:47:04", "action": "get_instrument_status", "status": "executed", "risk_level": "low", "arguments": {}, "message": "共 1 个仪器会话。"}
{"ts": "2026-06-25 14:47:05", "action": "set_instrument_output", "status": "executed", "risk_level": "high", "arguments": {"session_id": "n6705c:A", "channel": 1, "enabled": false}, "message": "[白名单自动批准] 已将通道 1 输出设为 OFF。"}
{"ts": "2026-06-25 14:47:09", "action": "get_instrument_status", "status": "executed", "risk_level": "low", "arguments": {}, "message": "共 1 个仪器会话。"}
{"ts": "2026-06-25 14:47:11", "action": "measure_voltage", "status": "executed", "risk_level": "low", "arguments": {"session_id": "n6705c:A", "channel": 1}, "message": "通道 1 电压测量完成。"}
{"ts": "2026-06-25 14:47:12", "action": "measure_current", "status": "executed", "risk_level": "low", "arguments": {"session_id": "n6705c:A", "channel": 1}, "message": "通道 1 电流测量完成。"}
{"ts": "2026-06-25 14:47:12", "action": "measure_voltage", "status": "executed", "risk_level": "low", "arguments": {"session_id": "n6705c:A", "channel": 2}, "message": "通道 2 电压测量完成。"}
{"ts": "2026-06-25 14:47:12", "action": "measure_current", "status": "executed", "risk_level": "low", "arguments": {"session_id": "n6705c:A", "channel": 2}, "message": "通道 2 电流测量完成。"}
{"ts": "2026-06-25 14:47:12", "action": "measure_voltage", "status": "executed", "risk_level": "low", "arguments": {"session_id": "n6705c:A", "channel": 3}, "message": "通道 3 电压测量完成。"}
{"ts": "2026-06-25 14:47:12", "action": "measure_current", "status": "executed", "risk_level": "low", "arguments": {"session_id": "n6705c:A", "channel": 3}, "message": "通道 3 电流测量完成。"}
{"ts": "2026-06-25 14:47:12", "action": "measure_voltage", "status": "executed", "risk_level": "low", "arguments": {"session_id": "n6705c:A", "channel": 4}, "message": "通道 4 电压测量完成。"}
{"ts": "2026-06-25 14:47:23", "action": "measure_current", "status": "executed", "risk_level": "low", "arguments": {"session_id": "n6705c:A", "channel": 4}, "message": "通道 4 电流测量完成。"}
{"ts": "2026-06-25 17:25:30", "action": "get_current_test_config", "status": "executed", "risk_level": "low", "arguments": {}, "message": ""}
{"ts": "2026-06-25 17:25:35", "action": "start_test_sequence", "status": "executed", "risk_level": "high", "arguments": {}, "message": "已请求启动 DCDC 效率测试。"}
{"ts": "2026-06-25 17:27:52", "action": "get_test_result_summary", "status": "executed", "risk_level": "low", "arguments": {}, "message": "当前无测试结果。"}
{"ts": "2026-06-25 17:28:27", "action": "get_current_test_config", "status": "executed", "risk_level": "low", "arguments": {}, "message": ""}
{"ts": "2026-06-25 17:28:28", "action": "get_current_page", "status": "executed", "risk_level": "low", "arguments": {}, "message": "当前页面：pmu_dcdc_efficiency"}
{"ts": "2026-06-25 18:33:50", "action": "get_instrument_status", "status": "executed", "risk_level": "low", "arguments": {}, "message": "共 1 个仪器会话。"}
{"ts": "2026-06-25 18:34:01", "action": "get_instrument_status", "status": "executed", "risk_level": "low", "arguments": {}, "message": "共 1 个仪器会话。"}
{"ts": "2026-06-25 18:34:02", "action": "set_instrument_output", "status": "executed", "risk_level": "high", "arguments": {"session_id": "n6705c:A", "channel": 1, "enabled": false}, "message": "[白名单自动批准] 已将通道 1 输出设为 OFF。"}
{"ts": "2026-06-25 18:34:10", "action": "get_instrument_status", "status": "executed", "risk_level": "low", "arguments": {}, "message": "共 1 个仪器会话。"}
{"ts": "2026-06-25 18:34:13", "action": "measure_voltage", "status": "executed", "risk_level": "low", "arguments": {"session_id": "n6705c:A", "channel": 1}, "message": "通道 1 电压测量完成。"}
{"ts": "2026-06-25 18:34:13", "action": "measure_current", "status": "executed", "risk_level": "low", "arguments": {"session_id": "n6705c:A", "channel": 1}, "message": "通道 1 电流测量完成。"}
{"ts": "2026-06-25 18:34:13", "action": "measure_voltage", "status": "executed", "risk_level": "low", "arguments": {"session_id": "n6705c:A", "channel": 2}, "message": "通道 2 电压测量完成。"}
{"ts": "2026-06-25 18:34:13", "action": "measure_current", "status": "executed", "risk_level": "low", "arguments": {"session_id": "n6705c:A", "channel": 2}, "message": "通道 2 电流测量完成。"}
{"ts": "2026-06-25 18:34:13", "action": "measure_voltage", "status": "executed", "risk_level": "low", "arguments": {"session_id": "n6705c:A", "channel": 3}, "message": "通道 3 电压测量完成。"}
{"ts": "2026-06-25 18:34:14", "action": "measure_current", "status": "executed", "risk_level": "low", "arguments": {"session_id": "n6705c:A", "channel": 3}, "message": "通道 3 电流测量完成。"}
{"ts": "2026-06-25 18:34:24", "action": "measure_voltage", "status": "executed", "risk_level": "low", "arguments": {"session_id": "n6705c:A", "channel": 4}, "message": "通道 4 电压测量完成。"}
{"ts": "2026-06-25 18:34:34", "action": "measure_current", "status": "executed", "risk_level": "low", "arguments": {"session_id": "n6705c:A", "channel": 4}, "message": "通道 4 电流测量完成。"}
{"ts": "2026-06-25 18:34:35", "action": "get_channel_output_state", "status": "executed", "risk_level": "low", "arguments": {"session_id": "n6705c:A", "channel": 1}, "message": "通道 1 输出状态读取完成。"}
{"ts": "2026-06-25 18:34:35", "action": "get_channel_output_state", "status": "executed", "risk_level": "low", "arguments": {"session_id": "n6705c:A", "channel": 2}, "message": "通道 2 输出状态读取完成。"}
{"ts": "2026-06-25 18:34:35", "action": "get_channel_output_state", "status": "executed", "risk_level": "low", "arguments": {"session_id": "n6705c:A", "channel": 3}, "message": "通道 3 输出状态读取完成。"}
{"ts": "2026-06-25 18:34:35", "action": "get_channel_output_state", "status": "executed", "risk_level": "low", "arguments": {"session_id": "n6705c:A", "channel": 4}, "message": "通道 4 输出状态读取完成。"}
{"ts": "2026-06-25 18:53:27", "action": "get_current_test_config", "status": "executed", "risk_level": "low", "arguments": {}, "message": ""}
{"ts": "2026-06-25 18:53:30", "action": "start_test_sequence", "status": "cancelled", "risk_level": "high", "arguments": {}, "message": "用户取消或未确认。"}
{"ts": "2026-06-25 19:00:53", "action": "get_current_test_config", "status": "executed", "risk_level": "low", "arguments": {}, "message": ""}
{"ts": "2026-06-25 19:08:19", "action": "get_current_test_config", "status": "executed", "risk_level": "low", "arguments": {}, "message": ""}
{"ts": "2026-06-25 19:14:35", "action": "get_current_test_config", "status": "executed", "risk_level": "low", "arguments": {}, "message": ""}
{"ts": "2026-06-25 19:14:36", "action": "get_current_test_config", "status": "executed", "risk_level": "low", "arguments": {}, "message": ""}
{"ts": "2026-06-25 19:14:56", "action": "get_current_test_config", "status": "executed", "risk_level": "low", "arguments": {}, "message": ""}
{"ts": "2026-06-25 19:15:01", "action": "start_test_sequence", "status": "executed", "risk_level": "high", "arguments": {}, "message": "已请求启动 DCDC 效率测试。"}
{"ts": "2026-06-25 19:15:03", "action": "get_test_sequence_status", "status": "executed", "risk_level": "low", "arguments": {}, "message": "当前页面无测试序列。"}
{"ts": "2026-06-25 19:15:04", "action": "get_test_sequence_status", "status": "executed", "risk_level": "low", "arguments": {}, "message": "当前页面无测试序列。"}
{"ts": "2026-06-25 19:15:06", "action": "get_test_sequence_status", "status": "executed", "risk_level": "low", "arguments": {}, "message": "当前页面无测试序列。"}
{"ts": "2026-06-25 19:15:07", "action": "get_test_sequence_status", "status": "executed", "risk_level": "low", "arguments": {}, "message": "当前页面无测试序列。"}
{"ts": "2026-06-25 19:15:09", "action": "get_test_sequence_status", "status": "executed", "risk_level": "low", "arguments": {}, "message": "当前页面无测试序列。"}
{"ts": "2026-06-25 19:15:10", "action": "get_test_sequence_status", "status": "executed", "risk_level": "low", "arguments": {}, "message": "当前页面无测试序列。"}
{"ts": "2026-06-25 19:15:12", "action": "get_test_sequence_status", "status": "executed", "risk_level": "low", "arguments": {}, "message": "当前页面无测试序列。"}
{"ts": "2026-06-25 19:15:13", "action": "get_test_sequence_status", "status": "executed", "risk_level": "low", "arguments": {}, "message": "当前页面无测试序列。"}
{"ts": "2026-06-25 19:15:15", "action": "get_test_sequence_status", "status": "executed", "risk_level": "low", "arguments": {}, "message": "当前页面无测试序列。"}
{"ts": "2026-06-25 19:15:16", "action": "get_test_sequence_status", "status": "executed", "risk_level": "low", "arguments": {}, "message": "当前页面无测试序列。"}
{"ts": "2026-06-25 19:15:18", "action": "get_test_sequence_status", "status": "executed", "risk_level": "low", "arguments": {}, "message": "当前页面无测试序列。"}
{"ts": "2026-06-25 19:15:19", "action": "get_test_sequence_status", "status": "executed", "risk_level": "low", "arguments": {}, "message": "当前页面无测试序列。"}
{"ts": "2026-06-25 19:15:21", "action": "get_test_sequence_status", "status": "executed", "risk_level": "low", "arguments": {}, "message": "当前页面无测试序列。"}
{"ts": "2026-06-25 19:15:22", "action": "get_test_sequence_status", "status": "executed", "risk_level": "low", "arguments": {}, "message": "当前页面无测试序列。"}
{"ts": "2026-06-25 19:15:24", "action": "get_test_sequence_status", "status": "executed", "risk_level": "low", "arguments": {}, "message": "当前页面无测试序列。"}
{"ts": "2026-06-25 19:15:25", "action": "get_test_sequence_status", "status": "executed", "risk_level": "low", "arguments": {}, "message": "当前页面无测试序列。"}
{"ts": "2026-06-25 19:15:26", "action": "get_test_result_summary", "status": "executed", "risk_level": "low", "arguments": {}, "message": "当前无测试结果。"}
{"ts": "2026-06-25 19:15:27", "action": "get_test_sequence_status", "status": "executed", "risk_level": "low", "arguments": {}, "message": "当前页面无测试序列。"}
{"ts": "2026-06-25 19:15:27", "action": "get_test_sequence_status", "status": "executed", "risk_level": "low", "arguments": {}, "message": "当前页面无测试序列。"}
{"ts": "2026-06-25 19:15:27", "action": "get_recent_app_logs", "status": "executed", "risk_level": "low", "arguments": {"lines": 50}, "message": ""}
{"ts": "2026-06-25 19:15:28", "action": "get_test_sequence_status", "status": "executed", "risk_level": "low", "arguments": {}, "message": "当前页面无测试序列。"}
{"ts": "2026-06-25 19:15:28", "action": "get_current_page", "status": "executed", "risk_level": "low", "arguments": {}, "message": "当前页面：pmu_dcdc_efficiency"}
{"ts": "2026-06-25 19:15:28", "action": "get_current_test_config", "status": "executed", "risk_level": "low", "arguments": {}, "message": ""}
{"ts": "2026-06-25 19:15:30", "action": "get_test_sequence_status", "status": "executed", "risk_level": "low", "arguments": {}, "message": "当前页面无测试序列。"}
{"ts": "2026-06-25 19:15:31", "action": "get_test_sequence_status", "status": "executed", "risk_level": "low", "arguments": {}, "message": "当前页面无测试序列。"}
{"ts": "2026-06-25 19:15:33", "action": "get_test_sequence_status", "status": "executed", "risk_level": "low", "arguments": {}, "message": "当前页面无测试序列。"}
{"ts": "2026-06-25 19:15:34", "action": "get_test_sequence_status", "status": "executed", "risk_level": "low", "arguments": {}, "message": "当前页面无测试序列。"}
{"ts": "2026-06-25 19:15:36", "action": "get_test_sequence_status", "status": "executed", "risk_level": "low", "arguments": {}, "message": "当前页面无测试序列。"}
{"ts": "2026-06-25 19:15:37", "action": "get_test_sequence_status", "status": "executed", "risk_level": "low", "arguments": {}, "message": "当前页面无测试序列。"}
{"ts": "2026-06-25 19:15:39", "action": "get_test_sequence_status", "status": "executed", "risk_level": "low", "arguments": {}, "message": "当前页面无测试序列。"}
{"ts": "2026-06-25 19:15:40", "action": "get_test_sequence_status", "status": "executed", "risk_level": "low", "arguments": {}, "message": "当前页面无测试序列。"}
{"ts": "2026-06-25 19:15:42", "action": "get_test_sequence_status", "status": "executed", "risk_level": "low", "arguments": {}, "message": "当前页面无测试序列。"}
{"ts": "2026-06-25 19:15:43", "action": "get_test_sequence_status", "status": "executed", "risk_level": "low", "arguments": {}, "message": "当前页面无测试序列。"}
{"ts": "2026-06-25 19:15:45", "action": "get_test_sequence_status", "status": "executed", "risk_level": "low", "arguments": {}, "message": "当前页面无测试序列。"}
{"ts": "2026-06-25 19:15:46", "action": "get_test_sequence_status", "status": "executed", "risk_level": "low", "arguments": {}, "message": "当前页面无测试序列。"}
{"ts": "2026-06-25 19:15:48", "action": "get_test_sequence_status", "status": "executed", "risk_level": "low", "arguments": {}, "message": "当前页面无测试序列。"}
{"ts": "2026-06-25 19:15:49", "action": "get_test_sequence_status", "status": "executed", "risk_level": "low", "arguments": {}, "message": "当前页面无测试序列。"}
{"ts": "2026-06-25 19:15:51", "action": "get_test_sequence_status", "status": "executed", "risk_level": "low", "arguments": {}, "message": "当前页面无测试序列。"}
{"ts": "2026-06-25 19:15:52", "action": "get_test_sequence_status", "status": "executed", "risk_level": "low", "arguments": {}, "message": "当前页面无测试序列。"}
{"ts": "2026-06-25 19:15:54", "action": "get_test_sequence_status", "status": "executed", "risk_level": "low", "arguments": {}, "message": "当前页面无测试序列。"}
{"ts": "2026-06-25 19:15:55", "action": "get_test_sequence_status", "status": "executed", "risk_level": "low", "arguments": {}, "message": "当前页面无测试序列。"}
{"ts": "2026-06-25 19:15:57", "action": "get_test_sequence_status", "status": "executed", "risk_level": "low", "arguments": {}, "message": "当前页面无测试序列。"}
{"ts": "2026-06-25 19:15:58", "action": "get_test_sequence_status", "status": "executed", "risk_level": "low", "arguments": {}, "message": "当前页面无测试序列。"}
{"ts": "2026-06-25 19:16:00", "action": "get_test_sequence_status", "status": "executed", "risk_level": "low", "arguments": {}, "message": "当前页面无测试序列。"}
{"ts": "2026-06-25 19:16:01", "action": "get_test_sequence_status", "status": "executed", "risk_level": "low", "arguments": {}, "message": "当前页面无测试序列。"}
{"ts": "2026-06-25 19:16:03", "action": "get_test_sequence_status", "status": "executed", "risk_level": "low", "arguments": {}, "message": "当前页面无测试序列。"}
{"ts": "2026-06-25 19:16:04", "action": "get_test_sequence_status", "status": "executed", "risk_level": "low", "arguments": {}, "message": "当前页面无测试序列。"}
{"ts": "2026-06-25 19:16:06", "action": "get_test_sequence_status", "status": "executed", "risk_level": "low", "arguments": {}, "message": "当前页面无测试序列。"}
{"ts": "2026-06-25 19:16:07", "action": "get_test_sequence_status", "status": "executed", "risk_level": "low", "arguments": {}, "message": "当前页面无测试序列。"}
{"ts": "2026-06-25 19:16:09", "action": "get_test_sequence_status", "status": "executed", "risk_level": "low", "arguments": {}, "message": "当前页面无测试序列。"}
{"ts": "2026-06-25 19:16:10", "action": "get_test_sequence_status", "status": "executed", "risk_level": "low", "arguments": {}, "message": "当前页面无测试序列。"}
{"ts": "2026-06-25 19:16:12", "action": "get_test_sequence_status", "status": "executed", "risk_level": "low", "arguments": {}, "message": "当前页面无测试序列。"}
{"ts": "2026-06-25 19:16:13", "action": "get_test_sequence_status", "status": "executed", "risk_level": "low", "arguments": {}, "message": "当前页面无测试序列。"}
{"ts": "2026-06-25 19:16:15", "action": "get_test_sequence_status", "status": "executed", "risk_level": "low", "arguments": {}, "message": "当前页面无测试序列。"}
{"ts": "2026-06-25 19:16:16", "action": "get_test_sequence_status", "status": "executed", "risk_level": "low", "arguments": {}, "message": "当前页面无测试序列。"}
{"ts": "2026-06-25 19:16:18", "action": "get_test_sequence_status", "status": "executed", "risk_level": "low", "arguments": {}, "message": "当前页面无测试序列。"}
{"ts": "2026-06-25 19:16:19", "action": "get_test_sequence_status", "status": "executed", "risk_level": "low", "arguments": {}, "message": "当前页面无测试序列。"}
{"ts": "2026-06-25 19:16:21", "action": "get_test_sequence_status", "status": "executed", "risk_level": "low", "arguments": {}, "message": "当前页面无测试序列。"}
{"ts": "2026-06-25 19:16:21", "action": "get_test_result_summary", "status": "executed", "risk_level": "low", "arguments": {}, "message": "当前无测试结果。"}
{"ts": "2026-06-25 19:16:22", "action": "get_test_sequence_status", "status": "executed", "risk_level": "low", "arguments": {}, "message": "当前页面无测试序列。"}
{"ts": "2026-06-25 19:16:24", "action": "get_test_sequence_status", "status": "executed", "risk_level": "low", "arguments": {}, "message": "当前页面无测试序列。"}
{"ts": "2026-06-25 19:16:25", "action": "get_test_sequence_status", "status": "executed", "risk_level": "low", "arguments": {}, "message": "当前页面无测试序列。"}
{"ts": "2026-06-25 19:16:27", "action": "get_test_sequence_status", "status": "executed", "risk_level": "low", "arguments": {}, "message": "当前页面无测试序列。"}
{"ts": "2026-06-25 19:16:28", "action": "get_test_sequence_status", "status": "executed", "risk_level": "low", "arguments": {}, "message": "当前页面无测试序列。"}
{"ts": "2026-06-25 19:16:30", "action": "get_test_sequence_status", "status": "executed", "risk_level": "low", "arguments": {}, "message": "当前页面无测试序列。"}
{"ts": "2026-06-25 19:16:31", "action": "get_test_sequence_status", "status": "executed", "risk_level": "low", "arguments": {}, "message": "当前页面无测试序列。"}
{"ts": "2026-06-25 19:16:33", "action": "get_test_sequence_status", "status": "executed", "risk_level": "low", "arguments": {}, "message": "当前页面无测试序列。"}
{"ts": "2026-06-25 19:16:34", "action": "get_test_sequence_status", "status": "executed", "risk_level": "low", "arguments": {}, "message": "当前页面无测试序列。"}
{"ts": "2026-06-25 19:16:36", "action": "get_test_sequence_status", "status": "executed", "risk_level": "low", "arguments": {}, "message": "当前页面无测试序列。"}
{"ts": "2026-06-25 19:16:37", "action": "get_test_sequence_status", "status": "executed", "risk_level": "low", "arguments": {}, "message": "当前页面无测试序列。"}
{"ts": "2026-06-25 19:16:39", "action": "get_test_sequence_status", "status": "executed", "risk_level": "low", "arguments": {}, "message": "当前页面无测试序列。"}
{"ts": "2026-06-25 19:16:40", "action": "get_test_sequence_status", "status": "executed", "risk_level": "low", "arguments": {}, "message": "当前页面无测试序列。"}
{"ts": "2026-06-25 19:16:42", "action": "get_test_sequence_status", "status": "executed", "risk_level": "low", "arguments": {}, "message": "当前页面无测试序列。"}
{"ts": "2026-06-25 19:16:43", "action": "get_test_sequence_status", "status": "executed", "risk_level": "low", "arguments": {}, "message": "当前页面无测试序列。"}
{"ts": "2026-06-25 19:16:45", "action": "get_test_sequence_status", "status": "executed", "risk_level": "low", "arguments": {}, "message": "当前页面无测试序列。"}
{"ts": "2026-06-25 19:16:46", "action": "get_test_sequence_status", "status": "executed", "risk_level": "low", "arguments": {}, "message": "当前页面无测试序列。"}
{"ts": "2026-06-25 19:16:48", "action": "get_test_sequence_status", "status": "executed", "risk_level": "low", "arguments": {}, "message": "当前页面无测试序列。"}
{"ts": "2026-06-25 19:16:49", "action": "get_test_sequence_status", "status": "executed", "risk_level": "low", "arguments": {}, "message": "当前页面无测试序列。"}
{"ts": "2026-06-25 19:16:51", "action": "get_test_sequence_status", "status": "executed", "risk_level": "low", "arguments": {}, "message": "当前页面无测试序列。"}
{"ts": "2026-06-25 19:16:52", "action": "get_test_sequence_status", "status": "executed", "risk_level": "low", "arguments": {}, "message": "当前页面无测试序列。"}
{"ts": "2026-06-25 19:16:54", "action": "get_test_sequence_status", "status": "executed", "risk_level": "low", "arguments": {}, "message": "当前页面无测试序列。"}
{"ts": "2026-06-25 19:16:55", "action": "get_test_sequence_status", "status": "executed", "risk_level": "low", "arguments": {}, "message": "当前页面无测试序列。"}
{"ts": "2026-06-25 19:16:57", "action": "get_test_sequence_status", "status": "executed", "risk_level": "low", "arguments": {}, "message": "当前页面无测试序列。"}
{"ts": "2026-06-25 19:16:58", "action": "get_test_sequence_status", "status": "executed", "risk_level": "low", "arguments": {}, "message": "当前页面无测试序列。"}
{"ts": "2026-06-25 19:17:00", "action": "get_test_sequence_status", "status": "executed", "risk_level": "low", "arguments": {}, "message": "当前页面无测试序列。"}
{"ts": "2026-06-25 19:17:01", "action": "get_test_sequence_status", "status": "executed", "risk_level": "low", "arguments": {}, "message": "当前页面无测试序列。"}
{"ts": "2026-06-25 19:17:03", "action": "get_test_sequence_status", "status": "executed", "risk_level": "low", "arguments": {}, "message": "当前页面无测试序列。"}
{"ts": "2026-06-25 19:17:04", "action": "get_test_sequence_status", "status": "executed", "risk_level": "low", "arguments": {}, "message": "当前页面无测试序列。"}
{"ts": "2026-06-25 19:17:06", "action": "get_test_sequence_status", "status": "executed", "risk_level": "low", "arguments": {}, "message": "当前页面无测试序列。"}
{"ts": "2026-06-25 19:17:07", "action": "get_test_sequence_status", "status": "executed", "risk_level": "low", "arguments": {}, "message": "当前页面无测试序列。"}
{"ts": "2026-06-25 19:17:09", "action": "get_test_sequence_status", "status": "executed", "risk_level": "low", "arguments": {}, "message": "当前页面无测试序列。"}
{"ts": "2026-06-25 19:17:10", "action": "get_test_sequence_status", "status": "executed", "risk_level": "low", "arguments": {}, "message": "当前页面无测试序列。"}
{"ts": "2026-06-25 19:17:12", "action": "get_test_sequence_status", "status": "executed", "risk_level": "low", "arguments": {}, "message": "当前页面无测试序列。"}
{"ts": "2026-06-25 19:17:13", "action": "get_test_sequence_status", "status": "executed", "risk_level": "low", "arguments": {}, "message": "当前页面无测试序列。"}
{"ts": "2026-06-25 19:17:15", "action": "get_test_sequence_status", "status": "executed", "risk_level": "low", "arguments": {}, "message": "当前页面无测试序列。"}
{"ts": "2026-06-25 19:17:16", "action": "get_test_sequence_status", "status": "executed", "risk_level": "low", "arguments": {}, "message": "当前页面无测试序列。"}
{"ts": "2026-06-25 19:17:18", "action": "get_test_sequence_status", "status": "executed", "risk_level": "low", "arguments": {}, "message": "当前页面无测试序列。"}
{"ts": "2026-06-25 19:17:19", "action": "get_test_sequence_status", "status": "executed", "risk_level": "low", "arguments": {}, "message": "当前页面无测试序列。"}
{"ts": "2026-06-25 19:17:21", "action": "get_test_sequence_status", "status": "executed", "risk_level": "low", "arguments": {}, "message": "当前页面无测试序列。"}
{"ts": "2026-06-25 19:17:22", "action": "get_test_sequence_status", "status": "executed", "risk_level": "low", "arguments": {}, "message": "当前页面无测试序列。"}
{"ts": "2026-06-25 19:17:24", "action": "get_test_sequence_status", "status": "executed", "risk_level": "low", "arguments": {}, "message": "当前页面无测试序列。"}
{"ts": "2026-06-25 19:17:25", "action": "get_test_sequence_status", "status": "executed", "risk_level": "low", "arguments": {}, "message": "当前页面无测试序列。"}
{"ts": "2026-06-25 19:17:27", "action": "get_test_sequence_status", "status": "executed", "risk_level": "low", "arguments": {}, "message": "当前页面无测试序列。"}
{"ts": "2026-06-25 19:17:28", "action": "get_test_sequence_status", "status": "executed", "risk_level": "low", "arguments": {}, "message": "当前页面无测试序列。"}
{"ts": "2026-06-25 19:17:30", "action": "get_test_sequence_status", "status": "executed", "risk_level": "low", "arguments": {}, "message": "当前页面无测试序列。"}
{"ts": "2026-06-25 19:17:31", "action": "get_test_sequence_status", "status": "executed", "risk_level": "low", "arguments": {}, "message": "当前页面无测试序列。"}
{"ts": "2026-06-25 19:17:33", "action": "get_test_sequence_status", "status": "executed", "risk_level": "low", "arguments": {}, "message": "当前页面无测试序列。"}
{"ts": "2026-06-25 19:17:34", "action": "get_test_sequence_status", "status": "executed", "risk_level": "low", "arguments": {}, "message": "当前页面无测试序列。"}
{"ts": "2026-06-25 19:17:36", "action": "get_test_sequence_status", "status": "executed", "risk_level": "low", "arguments": {}, "message": "当前页面无测试序列。"}
{"ts": "2026-06-25 19:17:37", "action": "get_test_sequence_status", "status": "executed", "risk_level": "low", "arguments": {}, "message": "当前页面无测试序列。"}
{"ts": "2026-06-25 19:17:39", "action": "get_test_sequence_status", "status": "executed", "risk_level": "low", "arguments": {}, "message": "当前页面无测试序列。"}
{"ts": "2026-06-25 19:17:40", "action": "get_test_sequence_status", "status": "executed", "risk_level": "low", "arguments": {}, "message": "当前页面无测试序列。"}
{"ts": "2026-06-25 19:17:42", "action": "get_test_sequence_status", "status": "executed", "risk_level": "low", "arguments": {}, "message": "当前页面无测试序列。"}
{"ts": "2026-06-25 19:17:43", "action": "get_test_sequence_status", "status": "executed", "risk_level": "low", "arguments": {}, "message": "当前页面无测试序列。"}
{"ts": "2026-06-25 19:17:45", "action": "get_test_sequence_status", "status": "executed", "risk_level": "low", "arguments": {}, "message": "当前页面无测试序列。"}
{"ts": "2026-06-25 19:17:46", "action": "get_test_sequence_status", "status": "executed", "risk_level": "low", "arguments": {}, "message": "当前页面无测试序列。"}
{"ts": "2026-06-25 19:17:48", "action": "get_test_sequence_status", "status": "executed", "risk_level": "low", "arguments": {}, "message": "当前页面无测试序列。"}
{"ts": "2026-06-25 19:17:49", "action": "get_test_sequence_status", "status": "executed", "risk_level": "low", "arguments": {}, "message": "当前页面无测试序列。"}
{"ts": "2026-06-25 19:17:51", "action": "get_test_sequence_status", "status": "executed", "risk_level": "low", "arguments": {}, "message": "当前页面无测试序列。"}
{"ts": "2026-06-25 19:17:52", "action": "get_test_sequence_status", "status": "executed", "risk_level": "low", "arguments": {}, "message": "当前页面无测试序列。"}
{"ts": "2026-06-25 19:17:54", "action": "get_test_sequence_status", "status": "executed", "risk_level": "low", "arguments": {}, "message": "当前页面无测试序列。"}
{"ts": "2026-06-25 19:17:55", "action": "get_test_sequence_status", "status": "executed", "risk_level": "low", "arguments": {}, "message": "当前页面无测试序列。"}
{"ts": "2026-06-25 19:17:57", "action": "get_test_sequence_status", "status": "executed", "risk_level": "low", "arguments": {}, "message": "当前页面无测试序列。"}
{"ts": "2026-06-25 19:17:58", "action": "get_test_sequence_status", "status": "executed", "risk_level": "low", "arguments": {}, "message": "当前页面无测试序列。"}
{"ts": "2026-06-25 19:18:00", "action": "get_test_sequence_status", "status": "executed", "risk_level": "low", "arguments": {}, "message": "当前页面无测试序列。"}
{"ts": "2026-06-25 19:18:01", "action": "get_test_sequence_status", "status": "executed", "risk_level": "low", "arguments": {}, "message": "当前页面无测试序列。"}
{"ts": "2026-06-25 19:18:03", "action": "get_test_sequence_status", "status": "executed", "risk_level": "low", "arguments": {}, "message": "当前页面无测试序列。"}
{"ts": "2026-06-25 19:18:04", "action": "get_test_sequence_status", "status": "executed", "risk_level": "low", "arguments": {}, "message": "当前页面无测试序列。"}
{"ts": "2026-06-25 19:18:06", "action": "get_test_sequence_status", "status": "executed", "risk_level": "low", "arguments": {}, "message": "当前页面无测试序列。"}
{"ts": "2026-06-25 19:18:07", "action": "get_test_sequence_status", "status": "executed", "risk_level": "low", "arguments": {}, "message": "当前页面无测试序列。"}
{"ts": "2026-06-25 19:18:09", "action": "get_test_sequence_status", "status": "executed", "risk_level": "low", "arguments": {}, "message": "当前页面无测试序列。"}
{"ts": "2026-06-25 19:18:10", "action": "get_test_sequence_status", "status": "executed", "risk_level": "low", "arguments": {}, "message": "当前页面无测试序列。"}
{"ts": "2026-06-25 19:18:12", "action": "get_test_sequence_status", "status": "executed", "risk_level": "low", "arguments": {}, "message": "当前页面无测试序列。"}
{"ts": "2026-06-25 19:18:13", "action": "get_test_sequence_status", "status": "executed", "risk_level": "low", "arguments": {}, "message": "当前页面无测试序列。"}
{"ts": "2026-06-25 19:18:15", "action": "get_test_sequence_status", "status": "executed", "risk_level": "low", "arguments": {}, "message": "当前页面无测试序列。"}
{"ts": "2026-06-25 19:18:16", "action": "get_test_sequence_status", "status": "executed", "risk_level": "low", "arguments": {}, "message": "当前页面无测试序列。"}
{"ts": "2026-06-25 19:18:18", "action": "get_test_sequence_status", "status": "executed", "risk_level": "low", "arguments": {}, "message": "当前页面无测试序列。"}
{"ts": "2026-06-25 19:18:19", "action": "get_test_sequence_status", "status": "executed", "risk_level": "low", "arguments": {}, "message": "当前页面无测试序列。"}
{"ts": "2026-06-25 19:18:21", "action": "get_test_sequence_status", "status": "executed", "risk_level": "low", "arguments": {}, "message": "当前页面无测试序列。"}
{"ts": "2026-06-25 19:18:22", "action": "get_test_sequence_status", "status": "executed", "risk_level": "low", "arguments": {}, "message": "当前页面无测试序列。"}
{"ts": "2026-06-25 19:18:24", "action": "get_test_sequence_status", "status": "executed", "risk_level": "low", "arguments": {}, "message": "当前页面无测试序列。"}
{"ts": "2026-06-25 19:18:25", "action": "get_test_sequence_status", "status": "executed", "risk_level": "low", "arguments": {}, "message": "当前页面无测试序列。"}
{"ts": "2026-06-25 19:18:27", "action": "get_test_sequence_status", "status": "executed", "risk_level": "low", "arguments": {}, "message": "当前页面无测试序列。"}
{"ts": "2026-06-25 19:18:28", "action": "get_test_sequence_status", "status": "executed", "risk_level": "low", "arguments": {}, "message": "当前页面无测试序列。"}
{"ts": "2026-06-25 19:18:30", "action": "get_test_sequence_status", "status": "executed", "risk_level": "low", "arguments": {}, "message": "当前页面无测试序列。"}
{"ts": "2026-06-25 19:18:31", "action": "get_test_sequence_status", "status": "executed", "risk_level": "low", "arguments": {}, "message": "当前页面无测试序列。"}
{"ts": "2026-06-25 19:18:33", "action": "get_test_sequence_status", "status": "executed", "risk_level": "low", "arguments": {}, "message": "当前页面无测试序列。"}
{"ts": "2026-06-25 19:18:34", "action": "get_test_sequence_status", "status": "executed", "risk_level": "low", "arguments": {}, "message": "当前页面无测试序列。"}
{"ts": "2026-06-25 19:18:36", "action": "get_test_sequence_status", "status": "executed", "risk_level": "low", "arguments": {}, "message": "当前页面无测试序列。"}
{"ts": "2026-06-25 19:18:37", "action": "get_test_sequence_status", "status": "executed", "risk_level": "low", "arguments": {}, "message": "当前页面无测试序列。"}
{"ts": "2026-06-25 19:18:39", "action": "get_test_sequence_status", "status": "executed", "risk_level": "low", "arguments": {}, "message": "当前页面无测试序列。"}
{"ts": "2026-06-25 19:18:40", "action": "get_test_sequence_status", "status": "executed", "risk_level": "low", "arguments": {}, "message": "当前页面无测试序列。"}
{"ts": "2026-06-25 19:18:42", "action": "get_test_sequence_status", "status": "executed", "risk_level": "low", "arguments": {}, "message": "当前页面无测试序列。"}
{"ts": "2026-06-25 19:18:43", "action": "get_test_sequence_status", "status": "executed", "risk_level": "low", "arguments": {}, "message": "当前页面无测试序列。"}
{"ts": "2026-06-25 19:18:45", "action": "get_test_sequence_status", "status": "executed", "risk_level": "low", "arguments": {}, "message": "当前页面无测试序列。"}
{"ts": "2026-06-25 19:18:46", "action": "get_test_sequence_status", "status": "executed", "risk_level": "low", "arguments": {}, "message": "当前页面无测试序列。"}
{"ts": "2026-06-25 19:18:48", "action": "get_test_sequence_status", "status": "executed", "risk_level": "low", "arguments": {}, "message": "当前页面无测试序列。"}
{"ts": "2026-06-25 19:18:49", "action": "get_test_sequence_status", "status": "executed", "risk_level": "low", "arguments": {}, "message": "当前页面无测试序列。"}
{"ts": "2026-06-25 19:18:51", "action": "get_test_sequence_status", "status": "executed", "risk_level": "low", "arguments": {}, "message": "当前页面无测试序列。"}
{"ts": "2026-06-25 19:18:52", "action": "get_test_sequence_status", "status": "executed", "risk_level": "low", "arguments": {}, "message": "当前页面无测试序列。"}
{"ts": "2026-06-25 19:18:54", "action": "get_test_sequence_status", "status": "executed", "risk_level": "low", "arguments": {}, "message": "当前页面无测试序列。"}
{"ts": "2026-06-25 19:18:55", "action": "get_test_sequence_status", "status": "executed", "risk_level": "low", "arguments": {}, "message": "当前页面无测试序列。"}
{"ts": "2026-06-25 19:18:57", "action": "get_test_sequence_status", "status": "executed", "risk_level": "low", "arguments": {}, "message": "当前页面无测试序列。"}
{"ts": "2026-06-25 19:18:58", "action": "get_test_sequence_status", "status": "executed", "risk_level": "low", "arguments": {}, "message": "当前页面无测试序列。"}
{"ts": "2026-06-25 19:19:00", "action": "get_test_sequence_status", "status": "executed", "risk_level": "low", "arguments": {}, "message": "当前页面无测试序列。"}
{"ts": "2026-06-25 19:19:01", "action": "get_test_sequence_status", "status": "executed", "risk_level": "low", "arguments": {}, "message": "当前页面无测试序列。"}
{"ts": "2026-06-25 19:19:03", "action": "get_test_sequence_status", "status": "executed", "risk_level": "low", "arguments": {}, "message": "当前页面无测试序列。"}
{"ts": "2026-06-25 19:19:04", "action": "get_test_sequence_status", "status": "executed", "risk_level": "low", "arguments": {}, "message": "当前页面无测试序列。"}
{"ts": "2026-06-25 19:19:06", "action": "get_test_sequence_status", "status": "executed", "risk_level": "low", "arguments": {}, "message": "当前页面无测试序列。"}
{"ts": "2026-06-25 19:19:07", "action": "get_test_sequence_status", "status": "executed", "risk_level": "low", "arguments": {}, "message": "当前页面无测试序列。"}
{"ts": "2026-06-25 19:19:09", "action": "get_test_sequence_status", "status": "executed", "risk_level": "low", "arguments": {}, "message": "当前页面无测试序列。"}
{"ts": "2026-06-25 19:19:10", "action": "get_test_sequence_status", "status": "executed", "risk_level": "low", "arguments": {}, "message": "当前页面无测试序列。"}
{"ts": "2026-06-25 19:19:12", "action": "get_test_sequence_status", "status": "executed", "risk_level": "low", "arguments": {}, "message": "当前页面无测试序列。"}
{"ts": "2026-06-25 19:19:13", "action": "get_test_sequence_status", "status": "executed", "risk_level": "low", "arguments": {}, "message": "当前页面无测试序列。"}
{"ts": "2026-06-25 19:19:15", "action": "get_test_sequence_status", "status": "executed", "risk_level": "low", "arguments": {}, "message": "当前页面无测试序列。"}
{"ts": "2026-06-25 19:19:16", "action": "get_test_sequence_status", "status": "executed", "risk_level": "low", "arguments": {}, "message": "当前页面无测试序列。"}
{"ts": "2026-06-25 19:19:18", "action": "get_test_sequence_status", "status": "executed", "risk_level": "low", "arguments": {}, "message": "当前页面无测试序列。"}
{"ts": "2026-06-25 19:19:19", "action": "get_test_sequence_status", "status": "executed", "risk_level": "low", "arguments": {}, "message": "当前页面无测试序列。"}
{"ts": "2026-06-25 19:19:21", "action": "get_test_sequence_status", "status": "executed", "risk_level": "low", "arguments": {}, "message": "当前页面无测试序列。"}
{"ts": "2026-06-25 19:19:22", "action": "get_test_sequence_status", "status": "executed", "risk_level": "low", "arguments": {}, "message": "当前页面无测试序列。"}
{"ts": "2026-06-25 19:19:24", "action": "get_test_sequence_status", "status": "executed", "risk_level": "low", "arguments": {}, "message": "当前页面无测试序列。"}
{"ts": "2026-06-25 19:19:25", "action": "get_test_sequence_status", "status": "executed", "risk_level": "low", "arguments": {}, "message": "当前页面无测试序列。"}
{"ts": "2026-06-25 19:19:27", "action": "get_test_sequence_status", "status": "executed", "risk_level": "low", "arguments": {}, "message": "当前页面无测试序列。"}
{"ts": "2026-06-25 19:19:28", "action": "get_test_sequence_status", "status": "executed", "risk_level": "low", "arguments": {}, "message": "当前页面无测试序列。"}
{"ts": "2026-06-25 19:19:30", "action": "get_test_sequence_status", "status": "executed", "risk_level": "low", "arguments": {}, "message": "当前页面无测试序列。"}
{"ts": "2026-06-25 19:19:31", "action": "get_test_sequence_status", "status": "executed", "risk_level": "low", "arguments": {}, "message": "当前页面无测试序列。"}
{"ts": "2026-06-25 19:19:33", "action": "get_test_sequence_status", "status": "executed", "risk_level": "low", "arguments": {}, "message": "当前页面无测试序列。"}
{"ts": "2026-06-25 19:19:34", "action": "get_test_sequence_status", "status": "executed", "risk_level": "low", "arguments": {}, "message": "当前页面无测试序列。"}
{"ts": "2026-06-25 19:19:36", "action": "get_test_sequence_status", "status": "executed", "risk_level": "low", "arguments": {}, "message": "当前页面无测试序列。"}
{"ts": "2026-06-25 19:19:37", "action": "get_test_sequence_status", "status": "executed", "risk_level": "low", "arguments": {}, "message": "当前页面无测试序列。"}
{"ts": "2026-06-25 19:19:39", "action": "get_test_sequence_status", "status": "executed", "risk_level": "low", "arguments": {}, "message": "当前页面无测试序列。"}
{"ts": "2026-06-25 19:19:40", "action": "get_test_sequence_status", "status": "executed", "risk_level": "low", "arguments": {}, "message": "当前页面无测试序列。"}
{"ts": "2026-06-25 19:19:42", "action": "get_test_sequence_status", "status": "executed", "risk_level": "low", "arguments": {}, "message": "当前页面无测试序列。"}
{"ts": "2026-06-25 19:19:43", "action": "get_test_sequence_status", "status": "executed", "risk_level": "low", "arguments": {}, "message": "当前页面无测试序列。"}
{"ts": "2026-06-25 19:19:45", "action": "get_test_sequence_status", "status": "executed", "risk_level": "low", "arguments": {}, "message": "当前页面无测试序列。"}
{"ts": "2026-06-25 19:19:46", "action": "get_test_sequence_status", "status": "executed", "risk_level": "low", "arguments": {}, "message": "当前页面无测试序列。"}
{"ts": "2026-06-25 19:19:48", "action": "get_test_sequence_status", "status": "executed", "risk_level": "low", "arguments": {}, "message": "当前页面无测试序列。"}
{"ts": "2026-06-25 19:19:49", "action": "get_test_sequence_status", "status": "executed", "risk_level": "low", "arguments": {}, "message": "当前页面无测试序列。"}
{"ts": "2026-06-25 19:19:50", "action": "get_task_result", "status": "executed", "risk_level": "low", "arguments": {"task_id": "T-0001"}, "message": "任务 T-0001 当前状态：pending。"}
{"ts": "2026-06-25 19:19:50", "action": "get_test_sequence_status", "status": "executed", "risk_level": "low", "arguments": {}, "message": "当前页面无测试序列。"}
{"ts": "2026-06-25 19:19:51", "action": "get_test_sequence_status", "status": "executed", "risk_level": "low", "arguments": {}, "message": "当前页面无测试序列。"}
{"ts": "2026-06-25 19:19:52", "action": "get_test_sequence_status", "status": "executed", "risk_level": "low", "arguments": {}, "message": "当前页面无测试序列。"}
{"ts": "2026-06-25 19:19:54", "action": "get_test_sequence_status", "status": "executed", "risk_level": "low", "arguments": {}, "message": "当前页面无测试序列。"}
{"ts": "2026-06-25 19:19:55", "action": "get_test_sequence_status", "status": "executed", "risk_level": "low", "arguments": {}, "message": "当前页面无测试序列。"}
{"ts": "2026-06-25 19:19:57", "action": "get_test_sequence_status", "status": "executed", "risk_level": "low", "arguments": {}, "message": "当前页面无测试序列。"}
{"ts": "2026-06-25 19:19:58", "action": "get_test_sequence_status", "status": "executed", "risk_level": "low", "arguments": {}, "message": "当前页面无测试序列。"}
{"ts": "2026-06-25 19:20:00", "action": "get_test_sequence_status", "status": "executed", "risk_level": "low", "arguments": {}, "message": "当前页面无测试序列。"}
{"ts": "2026-06-25 19:20:01", "action": "get_test_sequence_status", "status": "executed", "risk_level": "low", "arguments": {}, "message": "当前页面无测试序列。"}
{"ts": "2026-06-25 19:20:03", "action": "get_test_sequence_status", "status": "executed", "risk_level": "low", "arguments": {}, "message": "当前页面无测试序列。"}
{"ts": "2026-06-25 19:20:04", "action": "get_test_sequence_status", "status": "executed", "risk_level": "low", "arguments": {}, "message": "当前页面无测试序列。"}
{"ts": "2026-06-25 19:20:06", "action": "get_test_sequence_status", "status": "executed", "risk_level": "low", "arguments": {}, "message": "当前页面无测试序列。"}
{"ts": "2026-06-25 19:20:07", "action": "get_test_sequence_status", "status": "executed", "risk_level": "low", "arguments": {}, "message": "当前页面无测试序列。"}
{"ts": "2026-06-25 19:20:09", "action": "get_test_sequence_status", "status": "executed", "risk_level": "low", "arguments": {}, "message": "当前页面无测试序列。"}
{"ts": "2026-06-25 19:20:10", "action": "get_test_sequence_status", "status": "executed", "risk_level": "low", "arguments": {}, "message": "当前页面无测试序列。"}
{"ts": "2026-06-25 19:20:12", "action": "get_test_sequence_status", "status": "executed", "risk_level": "low", "arguments": {}, "message": "当前页面无测试序列。"}
{"ts": "2026-06-25 19:20:13", "action": "get_test_sequence_status", "status": "executed", "risk_level": "low", "arguments": {}, "message": "当前页面无测试序列。"}
{"ts": "2026-06-25 19:20:15", "action": "get_test_sequence_status", "status": "executed", "risk_level": "low", "arguments": {}, "message": "当前页面无测试序列。"}
{"ts": "2026-06-25 19:20:16", "action": "get_test_sequence_status", "status": "executed", "risk_level": "low", "arguments": {}, "message": "当前页面无测试序列。"}
{"ts": "2026-06-25 19:20:18", "action": "get_test_sequence_status", "status": "executed", "risk_level": "low", "arguments": {}, "message": "当前页面无测试序列。"}
{"ts": "2026-06-25 19:20:19", "action": "get_test_sequence_status", "status": "executed", "risk_level": "low", "arguments": {}, "message": "当前页面无测试序列。"}
{"ts": "2026-06-25 19:20:21", "action": "get_test_sequence_status", "status": "executed", "risk_level": "low", "arguments": {}, "message": "当前页面无测试序列。"}
{"ts": "2026-06-25 19:20:22", "action": "get_test_sequence_status", "status": "executed", "risk_level": "low", "arguments": {}, "message": "当前页面无测试序列。"}
{"ts": "2026-06-25 19:20:24", "action": "get_test_sequence_status", "status": "executed", "risk_level": "low", "arguments": {}, "message": "当前页面无测试序列。"}
{"ts": "2026-06-25 19:20:25", "action": "get_test_sequence_status", "status": "executed", "risk_level": "low", "arguments": {}, "message": "当前页面无测试序列。"}
{"ts": "2026-06-25 19:20:27", "action": "get_test_sequence_status", "status": "executed", "risk_level": "low", "arguments": {}, "message": "当前页面无测试序列。"}
{"ts": "2026-06-25 19:20:28", "action": "get_test_sequence_status", "status": "executed", "risk_level": "low", "arguments": {}, "message": "当前页面无测试序列。"}
{"ts": "2026-06-25 19:20:30", "action": "get_test_sequence_status", "status": "executed", "risk_level": "low", "arguments": {}, "message": "当前页面无测试序列。"}
{"ts": "2026-06-25 19:20:31", "action": "get_test_sequence_status", "status": "executed", "risk_level": "low", "arguments": {}, "message": "当前页面无测试序列。"}
{"ts": "2026-06-25 19:20:33", "action": "get_test_sequence_status", "status": "executed", "risk_level": "low", "arguments": {}, "message": "当前页面无测试序列。"}
{"ts": "2026-06-25 19:20:34", "action": "get_test_sequence_status", "status": "executed", "risk_level": "low", "arguments": {}, "message": "当前页面无测试序列。"}
{"ts": "2026-06-25 19:20:36", "action": "get_test_sequence_status", "status": "executed", "risk_level": "low", "arguments": {}, "message": "当前页面无测试序列。"}
{"ts": "2026-06-25 19:20:37", "action": "get_test_sequence_status", "status": "executed", "risk_level": "low", "arguments": {}, "message": "当前页面无测试序列。"}
{"ts": "2026-06-25 19:20:39", "action": "get_test_sequence_status", "status": "executed", "risk_level": "low", "arguments": {}, "message": "当前页面无测试序列。"}
{"ts": "2026-06-25 19:20:40", "action": "get_test_sequence_status", "status": "executed", "risk_level": "low", "arguments": {}, "message": "当前页面无测试序列。"}
{"ts": "2026-06-25 19:20:42", "action": "get_test_sequence_status", "status": "executed", "risk_level": "low", "arguments": {}, "message": "当前页面无测试序列。"}
{"ts": "2026-06-25 19:20:43", "action": "get_test_sequence_status", "status": "executed", "risk_level": "low", "arguments": {}, "message": "当前页面无测试序列。"}
{"ts": "2026-06-25 19:20:45", "action": "get_test_sequence_status", "status": "executed", "risk_level": "low", "arguments": {}, "message": "当前页面无测试序列。"}
{"ts": "2026-06-25 19:20:46", "action": "get_test_sequence_status", "status": "executed", "risk_level": "low", "arguments": {}, "message": "当前页面无测试序列。"}
{"ts": "2026-06-25 19:20:48", "action": "get_test_sequence_status", "status": "executed", "risk_level": "low", "arguments": {}, "message": "当前页面无测试序列。"}
{"ts": "2026-06-25 19:20:49", "action": "get_test_sequence_status", "status": "executed", "risk_level": "low", "arguments": {}, "message": "当前页面无测试序列。"}
{"ts": "2026-06-25 19:20:51", "action": "get_test_sequence_status", "status": "executed", "risk_level": "low", "arguments": {}, "message": "当前页面无测试序列。"}
{"ts": "2026-06-25 19:20:52", "action": "get_test_sequence_status", "status": "executed", "risk_level": "low", "arguments": {}, "message": "当前页面无测试序列。"}
{"ts": "2026-06-25 19:20:54", "action": "get_test_sequence_status", "status": "executed", "risk_level": "low", "arguments": {}, "message": "当前页面无测试序列。"}
{"ts": "2026-06-25 19:20:55", "action": "get_test_sequence_status", "status": "executed", "risk_level": "low", "arguments": {}, "message": "当前页面无测试序列。"}
{"ts": "2026-06-25 19:20:57", "action": "get_test_sequence_status", "status": "executed", "risk_level": "low", "arguments": {}, "message": "当前页面无测试序列。"}
{"ts": "2026-06-25 19:20:58", "action": "get_test_sequence_status", "status": "executed", "risk_level": "low", "arguments": {}, "message": "当前页面无测试序列。"}
{"ts": "2026-06-25 19:21:00", "action": "get_test_sequence_status", "status": "executed", "risk_level": "low", "arguments": {}, "message": "当前页面无测试序列。"}
{"ts": "2026-06-25 19:21:01", "action": "get_test_sequence_status", "status": "executed", "risk_level": "low", "arguments": {}, "message": "当前页面无测试序列。"}
{"ts": "2026-06-25 19:21:03", "action": "get_test_sequence_status", "status": "executed", "risk_level": "low", "arguments": {}, "message": "当前页面无测试序列。"}
{"ts": "2026-06-25 19:21:04", "action": "get_test_sequence_status", "status": "executed", "risk_level": "low", "arguments": {}, "message": "当前页面无测试序列。"}
{"ts": "2026-06-25 19:21:06", "action": "get_test_sequence_status", "status": "executed", "risk_level": "low", "arguments": {}, "message": "当前页面无测试序列。"}
{"ts": "2026-06-25 19:21:07", "action": "get_test_sequence_status", "status": "executed", "risk_level": "low", "arguments": {}, "message": "当前页面无测试序列。"}
{"ts": "2026-06-25 19:21:09", "action": "get_test_sequence_status", "status": "executed", "risk_level": "low", "arguments": {}, "message": "当前页面无测试序列。"}
{"ts": "2026-06-25 19:21:10", "action": "get_test_sequence_status", "status": "executed", "risk_level": "low", "arguments": {}, "message": "当前页面无测试序列。"}
{"ts": "2026-06-25 19:21:12", "action": "get_test_sequence_status", "status": "executed", "risk_level": "low", "arguments": {}, "message": "当前页面无测试序列。"}
{"ts": "2026-06-25 19:21:13", "action": "get_test_sequence_status", "status": "executed", "risk_level": "low", "arguments": {}, "message": "当前页面无测试序列。"}
{"ts": "2026-06-25 19:21:15", "action": "get_test_sequence_status", "status": "executed", "risk_level": "low", "arguments": {}, "message": "当前页面无测试序列。"}
{"ts": "2026-06-25 19:21:16", "action": "get_test_sequence_status", "status": "executed", "risk_level": "low", "arguments": {}, "message": "当前页面无测试序列。"}
{"ts": "2026-06-25 19:21:18", "action": "get_test_sequence_status", "status": "executed", "risk_level": "low", "arguments": {}, "message": "当前页面无测试序列。"}
{"ts": "2026-06-25 19:21:19", "action": "get_test_sequence_status", "status": "executed", "risk_level": "low", "arguments": {}, "message": "当前页面无测试序列。"}
{"ts": "2026-06-25 19:21:21", "action": "get_test_sequence_status", "status": "executed", "risk_level": "low", "arguments": {}, "message": "当前页面无测试序列。"}
{"ts": "2026-06-25 19:21:22", "action": "get_test_sequence_status", "status": "executed", "risk_level": "low", "arguments": {}, "message": "当前页面无测试序列。"}
{"ts": "2026-06-25 19:21:24", "action": "get_test_sequence_status", "status": "executed", "risk_level": "low", "arguments": {}, "message": "当前页面无测试序列。"}
{"ts": "2026-06-25 19:21:25", "action": "get_test_sequence_status", "status": "executed", "risk_level": "low", "arguments": {}, "message": "当前页面无测试序列。"}
{"ts": "2026-06-25 19:21:27", "action": "get_test_sequence_status", "status": "executed", "risk_level": "low", "arguments": {}, "message": "当前页面无测试序列。"}
{"ts": "2026-06-25 19:21:28", "action": "get_test_sequence_status", "status": "executed", "risk_level": "low", "arguments": {}, "message": "当前页面无测试序列。"}
{"ts": "2026-06-25 19:21:30", "action": "get_test_sequence_status", "status": "executed", "risk_level": "low", "arguments": {}, "message": "当前页面无测试序列。"}
{"ts": "2026-06-25 19:21:31", "action": "get_test_sequence_status", "status": "executed", "risk_level": "low", "arguments": {}, "message": "当前页面无测试序列。"}
{"ts": "2026-06-25 19:21:33", "action": "get_test_sequence_status", "status": "executed", "risk_level": "low", "arguments": {}, "message": "当前页面无测试序列。"}
{"ts": "2026-06-25 19:21:34", "action": "get_test_sequence_status", "status": "executed", "risk_level": "low", "arguments": {}, "message": "当前页面无测试序列。"}
{"ts": "2026-06-25 19:21:36", "action": "get_test_sequence_status", "status": "executed", "risk_level": "low", "arguments": {}, "message": "当前页面无测试序列。"}
{"ts": "2026-06-25 19:21:37", "action": "get_test_sequence_status", "status": "executed", "risk_level": "low", "arguments": {}, "message": "当前页面无测试序列。"}
{"ts": "2026-06-25 19:21:39", "action": "get_test_sequence_status", "status": "executed", "risk_level": "low", "arguments": {}, "message": "当前页面无测试序列。"}
{"ts": "2026-06-25 19:21:40", "action": "get_test_sequence_status", "status": "executed", "risk_level": "low", "arguments": {}, "message": "当前页面无测试序列。"}
{"ts": "2026-06-25 19:21:42", "action": "get_test_sequence_status", "status": "executed", "risk_level": "low", "arguments": {}, "message": "当前页面无测试序列。"}
{"ts": "2026-06-25 19:21:43", "action": "get_test_sequence_status", "status": "executed", "risk_level": "low", "arguments": {}, "message": "当前页面无测试序列。"}
{"ts": "2026-06-25 19:21:45", "action": "get_test_sequence_status", "status": "executed", "risk_level": "low", "arguments": {}, "message": "当前页面无测试序列。"}
{"ts": "2026-06-25 19:21:46", "action": "get_test_sequence_status", "status": "executed", "risk_level": "low", "arguments": {}, "message": "当前页面无测试序列。"}
{"ts": "2026-06-25 19:21:48", "action": "get_test_sequence_status", "status": "executed", "risk_level": "low", "arguments": {}, "message": "当前页面无测试序列。"}
{"ts": "2026-06-25 19:21:49", "action": "get_test_sequence_status", "status": "executed", "risk_level": "low", "arguments": {}, "message": "当前页面无测试序列。"}
{"ts": "2026-06-25 19:21:51", "action": "get_test_sequence_status", "status": "executed", "risk_level": "low", "arguments": {}, "message": "当前页面无测试序列。"}
{"ts": "2026-06-25 19:21:52", "action": "get_test_sequence_status", "status": "executed", "risk_level": "low", "arguments": {}, "message": "当前页面无测试序列。"}
{"ts": "2026-06-25 19:21:54", "action": "get_test_sequence_status", "status": "executed", "risk_level": "low", "arguments": {}, "message": "当前页面无测试序列。"}
{"ts": "2026-06-25 19:21:55", "action": "get_test_sequence_status", "status": "executed", "risk_level": "low", "arguments": {}, "message": "当前页面无测试序列。"}
{"ts": "2026-06-25 19:21:57", "action": "get_test_sequence_status", "status": "executed", "risk_level": "low", "arguments": {}, "message": "当前页面无测试序列。"}
{"ts": "2026-06-25 19:21:58", "action": "get_test_sequence_status", "status": "executed", "risk_level": "low", "arguments": {}, "message": "当前页面无测试序列。"}
{"ts": "2026-06-25 19:22:00", "action": "get_test_sequence_status", "status": "executed", "risk_level": "low", "arguments": {}, "message": "当前页面无测试序列。"}
{"ts": "2026-06-25 19:22:01", "action": "get_test_sequence_status", "status": "executed", "risk_level": "low", "arguments": {}, "message": "当前页面无测试序列。"}
{"ts": "2026-06-25 19:22:03", "action": "get_test_sequence_status", "status": "executed", "risk_level": "low", "arguments": {}, "message": "当前页面无测试序列。"}
{"ts": "2026-06-25 19:22:04", "action": "get_test_sequence_status", "status": "executed", "risk_level": "low", "arguments": {}, "message": "当前页面无测试序列。"}
{"ts": "2026-06-25 19:22:06", "action": "get_test_sequence_status", "status": "executed", "risk_level": "low", "arguments": {}, "message": "当前页面无测试序列。"}
{"ts": "2026-06-25 19:22:07", "action": "get_test_sequence_status", "status": "executed", "risk_level": "low", "arguments": {}, "message": "当前页面无测试序列。"}
{"ts": "2026-06-25 19:22:09", "action": "get_test_sequence_status", "status": "executed", "risk_level": "low", "arguments": {}, "message": "当前页面无测试序列。"}
{"ts": "2026-06-25 19:22:10", "action": "get_test_sequence_status", "status": "executed", "risk_level": "low", "arguments": {}, "message": "当前页面无测试序列。"}
{"ts": "2026-06-25 19:22:12", "action": "get_test_sequence_status", "status": "executed", "risk_level": "low", "arguments": {}, "message": "当前页面无测试序列。"}
{"ts": "2026-06-25 19:22:13", "action": "get_test_sequence_status", "status": "executed", "risk_level": "low", "arguments": {}, "message": "当前页面无测试序列。"}
{"ts": "2026-06-25 19:22:15", "action": "get_test_sequence_status", "status": "executed", "risk_level": "low", "arguments": {}, "message": "当前页面无测试序列。"}
{"ts": "2026-06-25 19:22:16", "action": "get_test_sequence_status", "status": "executed", "risk_level": "low", "arguments": {}, "message": "当前页面无测试序列。"}
{"ts": "2026-06-25 19:22:18", "action": "get_test_sequence_status", "status": "executed", "risk_level": "low", "arguments": {}, "message": "当前页面无测试序列。"}
{"ts": "2026-06-25 19:22:19", "action": "get_test_sequence_status", "status": "executed", "risk_level": "low", "arguments": {}, "message": "当前页面无测试序列。"}
{"ts": "2026-06-25 19:22:21", "action": "get_test_sequence_status", "status": "executed", "risk_level": "low", "arguments": {}, "message": "当前页面无测试序列。"}
{"ts": "2026-06-25 19:22:22", "action": "get_test_sequence_status", "status": "executed", "risk_level": "low", "arguments": {}, "message": "当前页面无测试序列。"}
{"ts": "2026-06-25 19:22:24", "action": "get_test_sequence_status", "status": "executed", "risk_level": "low", "arguments": {}, "message": "当前页面无测试序列。"}
{"ts": "2026-06-25 19:22:25", "action": "get_test_sequence_status", "status": "executed", "risk_level": "low", "arguments": {}, "message": "当前页面无测试序列。"}
{"ts": "2026-06-25 19:22:27", "action": "get_test_sequence_status", "status": "executed", "risk_level": "low", "arguments": {}, "message": "当前页面无测试序列。"}
{"ts": "2026-06-25 19:22:51", "action": "get_current_test_config", "status": "executed", "risk_level": "low", "arguments": {}, "message": ""}
{"ts": "2026-06-25 19:22:51", "action": "get_test_sequence_status", "status": "executed", "risk_level": "low", "arguments": {}, "message": "当前页面无测试序列。"}
{"ts": "2026-06-25 19:22:59", "action": "get_current_test_config", "status": "executed", "risk_level": "low", "arguments": {}, "message": ""}
{"ts": "2026-06-25 19:23:01", "action": "start_test_sequence", "status": "executed", "risk_level": "high", "arguments": {}, "message": "已请求启动 DCDC 效率测试。"}
{"ts": "2026-06-25 19:23:03", "action": "get_test_sequence_status", "status": "executed", "risk_level": "low", "arguments": {}, "message": "当前页面无测试序列。"}
{"ts": "2026-06-25 19:23:04", "action": "get_test_sequence_status", "status": "executed", "risk_level": "low", "arguments": {}, "message": "当前页面无测试序列。"}
{"ts": "2026-06-25 19:23:06", "action": "get_test_sequence_status", "status": "executed", "risk_level": "low", "arguments": {}, "message": "当前页面无测试序列。"}
{"ts": "2026-06-25 19:23:07", "action": "get_test_sequence_status", "status": "executed", "risk_level": "low", "arguments": {}, "message": "当前页面无测试序列。"}
{"ts": "2026-06-25 19:23:09", "action": "get_test_sequence_status", "status": "executed", "risk_level": "low", "arguments": {}, "message": "当前页面无测试序列。"}
{"ts": "2026-06-25 19:23:10", "action": "get_test_sequence_status", "status": "executed", "risk_level": "low", "arguments": {}, "message": "当前页面无测试序列。"}
{"ts": "2026-06-25 19:23:12", "action": "get_test_sequence_status", "status": "executed", "risk_level": "low", "arguments": {}, "message": "当前页面无测试序列。"}
{"ts": "2026-06-25 19:23:13", "action": "get_test_sequence_status", "status": "executed", "risk_level": "low", "arguments": {}, "message": "当前页面无测试序列。"}
{"ts": "2026-06-25 19:23:15", "action": "get_test_sequence_status", "status": "executed", "risk_level": "low", "arguments": {}, "message": "当前页面无测试序列。"}
{"ts": "2026-06-25 19:23:16", "action": "get_test_sequence_status", "status": "executed", "risk_level": "low", "arguments": {}, "message": "当前页面无测试序列。"}
{"ts": "2026-06-25 19:23:18", "action": "get_test_sequence_status", "status": "executed", "risk_level": "low", "arguments": {}, "message": "当前页面无测试序列。"}
{"ts": "2026-06-25 19:23:19", "action": "get_test_sequence_status", "status": "executed", "risk_level": "low", "arguments": {}, "message": "当前页面无测试序列。"}
{"ts": "2026-06-25 19:23:21", "action": "get_test_sequence_status", "status": "executed", "risk_level": "low", "arguments": {}, "message": "当前页面无测试序列。"}
{"ts": "2026-06-25 19:23:22", "action": "get_test_sequence_status", "status": "executed", "risk_level": "low", "arguments": {}, "message": "当前页面无测试序列。"}
{"ts": "2026-06-25 19:23:24", "action": "get_test_sequence_status", "status": "executed", "risk_level": "low", "arguments": {}, "message": "当前页面无测试序列。"}
{"ts": "2026-06-25 19:23:25", "action": "get_test_sequence_status", "status": "executed", "risk_level": "low", "arguments": {}, "message": "当前页面无测试序列。"}
{"ts": "2026-06-25 19:23:27", "action": "get_test_sequence_status", "status": "executed", "risk_level": "low", "arguments": {}, "message": "当前页面无测试序列。"}
{"ts": "2026-06-25 19:23:28", "action": "get_test_sequence_status", "status": "executed", "risk_level": "low", "arguments": {}, "message": "当前页面无测试序列。"}
{"ts": "2026-06-25 19:23:30", "action": "get_test_sequence_status", "status": "executed", "risk_level": "low", "arguments": {}, "message": "当前页面无测试序列。"}
{"ts": "2026-06-25 19:23:31", "action": "get_test_sequence_status", "status": "executed", "risk_level": "low", "arguments": {}, "message": "当前页面无测试序列。"}
{"ts": "2026-06-25 19:23:33", "action": "get_test_sequence_status", "status": "executed", "risk_level": "low", "arguments": {}, "message": "当前页面无测试序列。"}
{"ts": "2026-06-25 19:23:34", "action": "get_test_sequence_status", "status": "executed", "risk_level": "low", "arguments": {}, "message": "当前页面无测试序列。"}
{"ts": "2026-06-25 19:23:36", "action": "get_test_sequence_status", "status": "executed", "risk_level": "low", "arguments": {}, "message": "当前页面无测试序列。"}
{"ts": "2026-06-25 19:23:37", "action": "get_test_sequence_status", "status": "executed", "risk_level": "low", "arguments": {}, "message": "当前页面无测试序列。"}
{"ts": "2026-06-25 19:23:39", "action": "get_test_sequence_status", "status": "executed", "risk_level": "low", "arguments": {}, "message": "当前页面无测试序列。"}
{"ts": "2026-06-25 19:23:40", "action": "get_test_sequence_status", "status": "executed", "risk_level": "low", "arguments": {}, "message": "当前页面无测试序列。"}
{"ts": "2026-06-25 19:23:42", "action": "get_test_sequence_status", "status": "executed", "risk_level": "low", "arguments": {}, "message": "当前页面无测试序列。"}
{"ts": "2026-06-25 19:23:43", "action": "get_test_sequence_status", "status": "executed", "risk_level": "low", "arguments": {}, "message": "当前页面无测试序列。"}
{"ts": "2026-06-25 19:23:45", "action": "get_test_sequence_status", "status": "executed", "risk_level": "low", "arguments": {}, "message": "当前页面无测试序列。"}
{"ts": "2026-06-25 19:23:46", "action": "get_test_sequence_status", "status": "executed", "risk_level": "low", "arguments": {}, "message": "当前页面无测试序列。"}
{"ts": "2026-06-25 19:23:48", "action": "get_test_sequence_status", "status": "executed", "risk_level": "low", "arguments": {}, "message": "当前页面无测试序列。"}
{"ts": "2026-06-25 19:23:49", "action": "get_test_sequence_status", "status": "executed", "risk_level": "low", "arguments": {}, "message": "当前页面无测试序列。"}
{"ts": "2026-06-25 19:23:51", "action": "get_test_sequence_status", "status": "executed", "risk_level": "low", "arguments": {}, "message": "当前页面无测试序列。"}
{"ts": "2026-06-25 19:23:52", "action": "get_test_sequence_status", "status": "executed", "risk_level": "low", "arguments": {}, "message": "当前页面无测试序列。"}
{"ts": "2026-06-25 19:23:54", "action": "get_test_sequence_status", "status": "executed", "risk_level": "low", "arguments": {}, "message": "当前页面无测试序列。"}
{"ts": "2026-06-25 19:23:55", "action": "get_test_sequence_status", "status": "executed", "risk_level": "low", "arguments": {}, "message": "当前页面无测试序列。"}
{"ts": "2026-06-25 19:23:57", "action": "get_test_sequence_status", "status": "executed", "risk_level": "low", "arguments": {}, "message": "当前页面无测试序列。"}
{"ts": "2026-06-25 19:23:58", "action": "get_test_sequence_status", "status": "executed", "risk_level": "low", "arguments": {}, "message": "当前页面无测试序列。"}
{"ts": "2026-06-25 19:24:00", "action": "get_test_sequence_status", "status": "executed", "risk_level": "low", "arguments": {}, "message": "当前页面无测试序列。"}
{"ts": "2026-06-25 19:24:01", "action": "get_test_sequence_status", "status": "executed", "risk_level": "low", "arguments": {}, "message": "当前页面无测试序列。"}
{"ts": "2026-06-25 19:24:02", "action": "get_task_result", "status": "executed", "risk_level": "low", "arguments": {"task_id": "T-0001"}, "message": "任务 T-0001 当前状态：pending。"}
{"ts": "2026-06-25 19:24:02", "action": "get_test_sequence_status", "status": "executed", "risk_level": "low", "arguments": {}, "message": "当前页面无测试序列。"}
{"ts": "2026-06-25 19:24:03", "action": "get_test_sequence_status", "status": "executed", "risk_level": "low", "arguments": {}, "message": "当前页面无测试序列。"}
{"ts": "2026-06-25 19:24:04", "action": "get_test_sequence_status", "status": "executed", "risk_level": "low", "arguments": {}, "message": "当前页面无测试序列。"}
{"ts": "2026-06-25 19:24:06", "action": "get_test_sequence_status", "status": "executed", "risk_level": "low", "arguments": {}, "message": "当前页面无测试序列。"}
{"ts": "2026-06-25 19:24:07", "action": "get_test_sequence_status", "status": "executed", "risk_level": "low", "arguments": {}, "message": "当前页面无测试序列。"}
{"ts": "2026-06-25 19:24:09", "action": "get_test_sequence_status", "status": "executed", "risk_level": "low", "arguments": {}, "message": "当前页面无测试序列。"}
{"ts": "2026-06-25 19:24:10", "action": "get_test_sequence_status", "status": "executed", "risk_level": "low", "arguments": {}, "message": "当前页面无测试序列。"}
{"ts": "2026-06-25 19:24:12", "action": "get_test_sequence_status", "status": "executed", "risk_level": "low", "arguments": {}, "message": "当前页面无测试序列。"}
{"ts": "2026-06-25 19:24:13", "action": "get_test_sequence_status", "status": "executed", "risk_level": "low", "arguments": {}, "message": "当前页面无测试序列。"}
{"ts": "2026-06-25 19:24:15", "action": "get_test_sequence_status", "status": "executed", "risk_level": "low", "arguments": {}, "message": "当前页面无测试序列。"}
{"ts": "2026-06-25 19:24:16", "action": "get_test_sequence_status", "status": "executed", "risk_level": "low", "arguments": {}, "message": "当前页面无测试序列。"}
{"ts": "2026-06-25 19:24:18", "action": "get_test_sequence_status", "status": "executed", "risk_level": "low", "arguments": {}, "message": "当前页面无测试序列。"}
{"ts": "2026-06-25 19:24:19", "action": "get_test_sequence_status", "status": "executed", "risk_level": "low", "arguments": {}, "message": "当前页面无测试序列。"}
{"ts": "2026-06-25 19:24:21", "action": "get_test_sequence_status", "status": "executed", "risk_level": "low", "arguments": {}, "message": "当前页面无测试序列。"}
{"ts": "2026-06-25 19:24:22", "action": "get_test_sequence_status", "status": "executed", "risk_level": "low", "arguments": {}, "message": "当前页面无测试序列。"}
{"ts": "2026-06-25 19:24:24", "action": "get_test_sequence_status", "status": "executed", "risk_level": "low", "arguments": {}, "message": "当前页面无测试序列。"}
{"ts": "2026-06-25 19:24:25", "action": "get_test_sequence_status", "status": "executed", "risk_level": "low", "arguments": {}, "message": "当前页面无测试序列。"}
{"ts": "2026-06-25 19:24:27", "action": "get_test_sequence_status", "status": "executed", "risk_level": "low", "arguments": {}, "message": "当前页面无测试序列。"}
{"ts": "2026-06-25 19:24:28", "action": "get_test_sequence_status", "status": "executed", "risk_level": "low", "arguments": {}, "message": "当前页面无测试序列。"}
{"ts": "2026-06-25 19:24:30", "action": "get_test_sequence_status", "status": "executed", "risk_level": "low", "arguments": {}, "message": "当前页面无测试序列。"}
{"ts": "2026-06-25 19:24:31", "action": "get_test_sequence_status", "status": "executed", "risk_level": "low", "arguments": {}, "message": "当前页面无测试序列。"}
{"ts": "2026-06-25 19:24:33", "action": "get_test_sequence_status", "status": "executed", "risk_level": "low", "arguments": {}, "message": "当前页面无测试序列。"}
{"ts": "2026-06-25 19:24:34", "action": "get_test_sequence_status", "status": "executed", "risk_level": "low", "arguments": {}, "message": "当前页面无测试序列。"}
{"ts": "2026-06-25 19:24:36", "action": "get_test_sequence_status", "status": "executed", "risk_level": "low", "arguments": {}, "message": "当前页面无测试序列。"}
{"ts": "2026-06-25 19:24:37", "action": "get_test_sequence_status", "status": "executed", "risk_level": "low", "arguments": {}, "message": "当前页面无测试序列。"}
{"ts": "2026-06-25 19:24:39", "action": "get_test_sequence_status", "status": "executed", "risk_level": "low", "arguments": {}, "message": "当前页面无测试序列。"}
{"ts": "2026-06-25 19:24:40", "action": "get_test_sequence_status", "status": "executed", "risk_level": "low", "arguments": {}, "message": "当前页面无测试序列。"}
{"ts": "2026-06-25 19:24:42", "action": "get_test_sequence_status", "status": "executed", "risk_level": "low", "arguments": {}, "message": "当前页面无测试序列。"}
{"ts": "2026-06-25 19:24:43", "action": "get_test_sequence_status", "status": "executed", "risk_level": "low", "arguments": {}, "message": "当前页面无测试序列。"}
{"ts": "2026-06-25 19:24:45", "action": "get_test_sequence_status", "status": "executed", "risk_level": "low", "arguments": {}, "message": "当前页面无测试序列。"}
{"ts": "2026-06-25 19:24:46", "action": "get_test_sequence_status", "status": "executed", "risk_level": "low", "arguments": {}, "message": "当前页面无测试序列。"}
{"ts": "2026-06-25 19:24:48", "action": "get_test_sequence_status", "status": "executed", "risk_level": "low", "arguments": {}, "message": "当前页面无测试序列。"}
{"ts": "2026-06-25 19:24:49", "action": "get_test_sequence_status", "status": "executed", "risk_level": "low", "arguments": {}, "message": "当前页面无测试序列。"}
{"ts": "2026-06-25 19:24:51", "action": "get_test_sequence_status", "status": "executed", "risk_level": "low", "arguments": {}, "message": "当前页面无测试序列。"}
{"ts": "2026-06-25 19:24:52", "action": "get_test_sequence_status", "status": "executed", "risk_level": "low", "arguments": {}, "message": "当前页面无测试序列。"}
{"ts": "2026-06-25 19:24:54", "action": "get_test_sequence_status", "status": "executed", "risk_level": "low", "arguments": {}, "message": "当前页面无测试序列。"}
{"ts": "2026-06-25 19:24:55", "action": "get_test_sequence_status", "status": "executed", "risk_level": "low", "arguments": {}, "message": "当前页面无测试序列。"}
{"ts": "2026-06-25 19:24:57", "action": "get_test_sequence_status", "status": "executed", "risk_level": "low", "arguments": {}, "message": "当前页面无测试序列。"}
{"ts": "2026-06-25 19:24:58", "action": "get_test_sequence_status", "status": "executed", "risk_level": "low", "arguments": {}, "message": "当前页面无测试序列。"}
{"ts": "2026-06-25 19:25:00", "action": "get_test_sequence_status", "status": "executed", "risk_level": "low", "arguments": {}, "message": "当前页面无测试序列。"}
{"ts": "2026-06-25 19:25:01", "action": "get_test_sequence_status", "status": "executed", "risk_level": "low", "arguments": {}, "message": "当前页面无测试序列。"}
{"ts": "2026-06-25 19:25:03", "action": "get_test_sequence_status", "status": "executed", "risk_level": "low", "arguments": {}, "message": "当前页面无测试序列。"}
{"ts": "2026-06-25 19:25:04", "action": "get_test_sequence_status", "status": "executed", "risk_level": "low", "arguments": {}, "message": "当前页面无测试序列。"}
{"ts": "2026-06-25 19:25:06", "action": "get_test_sequence_status", "status": "executed", "risk_level": "low", "arguments": {}, "message": "当前页面无测试序列。"}
{"ts": "2026-06-25 19:25:07", "action": "get_test_sequence_status", "status": "executed", "risk_level": "low", "arguments": {}, "message": "当前页面无测试序列。"}
{"ts": "2026-06-25 19:25:09", "action": "get_test_sequence_status", "status": "executed", "risk_level": "low", "arguments": {}, "message": "当前页面无测试序列。"}
{"ts": "2026-06-25 19:25:10", "action": "get_test_sequence_status", "status": "executed", "risk_level": "low", "arguments": {}, "message": "当前页面无测试序列。"}
{"ts": "2026-06-25 19:25:12", "action": "get_test_sequence_status", "status": "executed", "risk_level": "low", "arguments": {}, "message": "当前页面无测试序列。"}
{"ts": "2026-06-25 19:25:13", "action": "get_test_sequence_status", "status": "executed", "risk_level": "low", "arguments": {}, "message": "当前页面无测试序列。"}
{"ts": "2026-06-25 19:25:15", "action": "get_test_sequence_status", "status": "executed", "risk_level": "low", "arguments": {}, "message": "当前页面无测试序列。"}
{"ts": "2026-06-25 19:25:16", "action": "get_test_sequence_status", "status": "executed", "risk_level": "low", "arguments": {}, "message": "当前页面无测试序列。"}
{"ts": "2026-06-25 19:25:18", "action": "get_test_sequence_status", "status": "executed", "risk_level": "low", "arguments": {}, "message": "当前页面无测试序列。"}
{"ts": "2026-06-25 19:25:19", "action": "get_test_sequence_status", "status": "executed", "risk_level": "low", "arguments": {}, "message": "当前页面无测试序列。"}
{"ts": "2026-06-25 19:25:21", "action": "get_test_sequence_status", "status": "executed", "risk_level": "low", "arguments": {}, "message": "当前页面无测试序列。"}
{"ts": "2026-06-25 19:25:22", "action": "get_test_sequence_status", "status": "executed", "risk_level": "low", "arguments": {}, "message": "当前页面无测试序列。"}
{"ts": "2026-06-25 19:25:23", "action": "stop_test_sequence", "status": "failed", "risk_level": "high", "arguments": {}, "message": "当前未在运行测试。"}
{"ts": "2026-06-25 19:25:23", "action": "get_test_sequence_status", "status": "executed", "risk_level": "low", "arguments": {}, "message": "当前页面无测试序列。"}
{"ts": "2026-06-25 19:25:24", "action": "get_test_sequence_status", "status": "executed", "risk_level": "low", "arguments": {}, "message": "当前页面无测试序列。"}
{"ts": "2026-06-25 19:25:25", "action": "get_test_sequence_status", "status": "executed", "risk_level": "low", "arguments": {}, "message": "当前页面无测试序列。"}
{"ts": "2026-06-25 19:25:26", "action": "get_task_result", "status": "executed", "risk_level": "low", "arguments": {"task_id": "T-0001"}, "message": "任务 T-0001 当前状态：pending。"}
{"ts": "2026-06-25 19:25:26", "action": "get_test_sequence_status", "status": "executed", "risk_level": "low", "arguments": {}, "message": "当前页面无测试序列。"}
{"ts": "2026-06-25 19:25:27", "action": "get_test_sequence_status", "status": "executed", "risk_level": "low", "arguments": {}, "message": "当前页面无测试序列。"}
{"ts": "2026-06-25 19:25:28", "action": "get_test_sequence_status", "status": "executed", "risk_level": "low", "arguments": {}, "message": "当前页面无测试序列。"}
{"ts": "2026-06-25 19:25:30", "action": "get_test_sequence_status", "status": "executed", "risk_level": "low", "arguments": {}, "message": "当前页面无测试序列。"}
{"ts": "2026-06-25 19:25:31", "action": "get_test_sequence_status", "status": "executed", "risk_level": "low", "arguments": {}, "message": "当前页面无测试序列。"}
{"ts": "2026-06-25 19:25:33", "action": "get_test_sequence_status", "status": "executed", "risk_level": "low", "arguments": {}, "message": "当前页面无测试序列。"}
{"ts": "2026-06-25 19:25:33", "action": "get_task_result", "status": "executed", "risk_level": "low", "arguments": {"task_id": "T-0001"}, "message": "任务 T-0001 当前状态：pending。"}
{"ts": "2026-06-25 19:25:33", "action": "get_test_sequence_status", "status": "executed", "risk_level": "low", "arguments": {}, "message": "当前页面无测试序列。"}
{"ts": "2026-06-25 19:25:34", "action": "get_test_sequence_status", "status": "executed", "risk_level": "low", "arguments": {}, "message": "当前页面无测试序列。"}
{"ts": "2026-06-25 19:25:36", "action": "get_test_sequence_status", "status": "executed", "risk_level": "low", "arguments": {}, "message": "当前页面无测试序列。"}
{"ts": "2026-06-25 19:25:37", "action": "get_test_sequence_status", "status": "executed", "risk_level": "low", "arguments": {}, "message": "当前页面无测试序列。"}
{"ts": "2026-06-25 19:25:39", "action": "get_test_sequence_status", "status": "executed", "risk_level": "low", "arguments": {}, "message": "当前页面无测试序列。"}
{"ts": "2026-06-25 19:25:40", "action": "get_test_sequence_status", "status": "executed", "risk_level": "low", "arguments": {}, "message": "当前页面无测试序列。"}
{"ts": "2026-06-25 19:25:42", "action": "get_test_sequence_status", "status": "executed", "risk_level": "low", "arguments": {}, "message": "当前页面无测试序列。"}
{"ts": "2026-06-25 19:25:43", "action": "get_test_sequence_status", "status": "executed", "risk_level": "low", "arguments": {}, "message": "当前页面无测试序列。"}
{"ts": "2026-06-25 19:25:45", "action": "get_test_sequence_status", "status": "executed", "risk_level": "low", "arguments": {}, "message": "当前页面无测试序列。"}
{"ts": "2026-06-25 19:25:46", "action": "get_test_sequence_status", "status": "executed", "risk_level": "low", "arguments": {}, "message": "当前页面无测试序列。"}
{"ts": "2026-06-25 19:25:48", "action": "get_test_sequence_status", "status": "executed", "risk_level": "low", "arguments": {}, "message": "当前页面无测试序列。"}
{"ts": "2026-06-25 19:25:49", "action": "get_test_sequence_status", "status": "executed", "risk_level": "low", "arguments": {}, "message": "当前页面无测试序列。"}
{"ts": "2026-06-25 19:25:50", "action": "get_task_result", "status": "executed", "risk_level": "low", "arguments": {"task_id": "T-0001"}, "message": "任务 T-0001 当前状态：pending。"}
{"ts": "2026-06-25 19:25:50", "action": "get_test_sequence_status", "status": "executed", "risk_level": "low", "arguments": {}, "message": "当前页面无测试序列。"}
{"ts": "2026-06-25 19:25:51", "action": "get_test_sequence_status", "status": "executed", "risk_level": "low", "arguments": {}, "message": "当前页面无测试序列。"}
{"ts": "2026-06-25 19:25:52", "action": "get_test_sequence_status", "status": "executed", "risk_level": "low", "arguments": {}, "message": "当前页面无测试序列。"}
{"ts": "2026-06-25 19:25:54", "action": "get_test_sequence_status", "status": "executed", "risk_level": "low", "arguments": {}, "message": "当前页面无测试序列。"}
{"ts": "2026-06-25 19:25:55", "action": "get_test_sequence_status", "status": "executed", "risk_level": "low", "arguments": {}, "message": "当前页面无测试序列。"}
{"ts": "2026-06-25 19:25:57", "action": "get_test_sequence_status", "status": "executed", "risk_level": "low", "arguments": {}, "message": "当前页面无测试序列。"}
{"ts": "2026-06-25 19:25:58", "action": "get_test_sequence_status", "status": "executed", "risk_level": "low", "arguments": {}, "message": "当前页面无测试序列。"}
{"ts": "2026-06-25 19:26:00", "action": "get_test_sequence_status", "status": "executed", "risk_level": "low", "arguments": {}, "message": "当前页面无测试序列。"}
{"ts": "2026-06-25 19:26:01", "action": "get_test_sequence_status", "status": "executed", "risk_level": "low", "arguments": {}, "message": "当前页面无测试序列。"}
{"ts": "2026-06-25 19:26:03", "action": "get_test_sequence_status", "status": "executed", "risk_level": "low", "arguments": {}, "message": "当前页面无测试序列。"}
{"ts": "2026-06-25 19:26:04", "action": "get_test_sequence_status", "status": "executed", "risk_level": "low", "arguments": {}, "message": "当前页面无测试序列。"}
{"ts": "2026-06-25 19:26:04", "action": "get_test_result_summary", "status": "executed", "risk_level": "low", "arguments": {}, "message": "当前无测试结果。"}
{"ts": "2026-06-25 19:26:05", "action": "get_test_sequence_status", "status": "executed", "risk_level": "low", "arguments": {}, "message": "当前页面无测试序列。"}
{"ts": "2026-06-25 19:26:06", "action": "get_test_sequence_status", "status": "executed", "risk_level": "low", "arguments": {}, "message": "当前页面无测试序列。"}
{"ts": "2026-06-25 19:26:07", "action": "get_test_sequence_status", "status": "executed", "risk_level": "low", "arguments": {}, "message": "当前页面无测试序列。"}
{"ts": "2026-06-25 19:26:09", "action": "get_test_sequence_status", "status": "executed", "risk_level": "low", "arguments": {}, "message": "当前页面无测试序列。"}
{"ts": "2026-06-25 19:26:10", "action": "get_test_sequence_status", "status": "executed", "risk_level": "low", "arguments": {}, "message": "当前页面无测试序列。"}
{"ts": "2026-06-25 19:26:12", "action": "get_test_sequence_status", "status": "executed", "risk_level": "low", "arguments": {}, "message": "当前页面无测试序列。"}
{"ts": "2026-06-25 19:26:13", "action": "get_test_sequence_status", "status": "executed", "risk_level": "low", "arguments": {}, "message": "当前页面无测试序列。"}
{"ts": "2026-06-25 19:26:15", "action": "get_test_sequence_status", "status": "executed", "risk_level": "low", "arguments": {}, "message": "当前页面无测试序列。"}
{"ts": "2026-06-25 19:26:16", "action": "get_test_sequence_status", "status": "executed", "risk_level": "low", "arguments": {}, "message": "当前页面无测试序列。"}
{"ts": "2026-06-25 19:26:18", "action": "get_test_sequence_status", "status": "executed", "risk_level": "low", "arguments": {}, "message": "当前页面无测试序列。"}
{"ts": "2026-06-25 19:26:19", "action": "get_test_sequence_status", "status": "executed", "risk_level": "low", "arguments": {}, "message": "当前页面无测试序列。"}
{"ts": "2026-06-25 19:26:21", "action": "get_test_sequence_status", "status": "executed", "risk_level": "low", "arguments": {}, "message": "当前页面无测试序列。"}
{"ts": "2026-06-25 19:26:22", "action": "get_test_sequence_status", "status": "executed", "risk_level": "low", "arguments": {}, "message": "当前页面无测试序列。"}
{"ts": "2026-06-25 19:26:24", "action": "get_test_sequence_status", "status": "executed", "risk_level": "low", "arguments": {}, "message": "当前页面无测试序列。"}
{"ts": "2026-06-25 19:26:25", "action": "get_test_sequence_status", "status": "executed", "risk_level": "low", "arguments": {}, "message": "当前页面无测试序列。"}
{"ts": "2026-06-25 19:26:27", "action": "get_test_sequence_status", "status": "executed", "risk_level": "low", "arguments": {}, "message": "当前页面无测试序列。"}
{"ts": "2026-06-25 19:26:28", "action": "get_test_sequence_status", "status": "executed", "risk_level": "low", "arguments": {}, "message": "当前页面无测试序列。"}
{"ts": "2026-06-25 19:26:30", "action": "get_test_sequence_status", "status": "executed", "risk_level": "low", "arguments": {}, "message": "当前页面无测试序列。"}
{"ts": "2026-06-25 19:26:31", "action": "get_test_sequence_status", "status": "executed", "risk_level": "low", "arguments": {}, "message": "当前页面无测试序列。"}
{"ts": "2026-06-25 19:26:33", "action": "get_test_sequence_status", "status": "executed", "risk_level": "low", "arguments": {}, "message": "当前页面无测试序列。"}
{"ts": "2026-06-25 19:26:34", "action": "get_test_sequence_status", "status": "executed", "risk_level": "low", "arguments": {}, "message": "当前页面无测试序列。"}
{"ts": "2026-06-25 19:26:36", "action": "get_test_sequence_status", "status": "executed", "risk_level": "low", "arguments": {}, "message": "当前页面无测试序列。"}
{"ts": "2026-06-25 19:26:37", "action": "get_test_sequence_status", "status": "executed", "risk_level": "low", "arguments": {}, "message": "当前页面无测试序列。"}
{"ts": "2026-06-25 19:26:39", "action": "get_test_sequence_status", "status": "executed", "risk_level": "low", "arguments": {}, "message": "当前页面无测试序列。"}
{"ts": "2026-06-25 19:26:40", "action": "get_test_sequence_status", "status": "executed", "risk_level": "low", "arguments": {}, "message": "当前页面无测试序列。"}
{"ts": "2026-06-25 19:26:42", "action": "get_test_sequence_status", "status": "executed", "risk_level": "low", "arguments": {}, "message": "当前页面无测试序列。"}
{"ts": "2026-06-25 19:26:43", "action": "get_test_sequence_status", "status": "executed", "risk_level": "low", "arguments": {}, "message": "当前页面无测试序列。"}
{"ts": "2026-06-25 19:26:45", "action": "get_test_sequence_status", "status": "executed", "risk_level": "low", "arguments": {}, "message": "当前页面无测试序列。"}
{"ts": "2026-06-25 19:26:46", "action": "get_test_sequence_status", "status": "executed", "risk_level": "low", "arguments": {}, "message": "当前页面无测试序列。"}
{"ts": "2026-06-25 19:26:48", "action": "get_test_sequence_status", "status": "executed", "risk_level": "low", "arguments": {}, "message": "当前页面无测试序列。"}
{"ts": "2026-06-25 19:26:49", "action": "get_test_sequence_status", "status": "executed", "risk_level": "low", "arguments": {}, "message": "当前页面无测试序列。"}
{"ts": "2026-06-25 19:26:51", "action": "get_test_sequence_status", "status": "executed", "risk_level": "low", "arguments": {}, "message": "当前页面无测试序列。"}
{"ts": "2026-06-25 19:26:52", "action": "get_test_sequence_status", "status": "executed", "risk_level": "low", "arguments": {}, "message": "当前页面无测试序列。"}
{"ts": "2026-06-25 19:26:54", "action": "get_test_sequence_status", "status": "executed", "risk_level": "low", "arguments": {}, "message": "当前页面无测试序列。"}
{"ts": "2026-06-25 19:26:55", "action": "get_test_sequence_status", "status": "executed", "risk_level": "low", "arguments": {}, "message": "当前页面无测试序列。"}
{"ts": "2026-06-25 19:26:57", "action": "get_test_sequence_status", "status": "executed", "risk_level": "low", "arguments": {}, "message": "当前页面无测试序列。"}
{"ts": "2026-06-25 19:26:58", "action": "get_test_sequence_status", "status": "executed", "risk_level": "low", "arguments": {}, "message": "当前页面无测试序列。"}
{"ts": "2026-06-25 19:27:00", "action": "get_test_sequence_status", "status": "executed", "risk_level": "low", "arguments": {}, "message": "当前页面无测试序列。"}
{"ts": "2026-06-25 19:27:01", "action": "get_test_sequence_status", "status": "executed", "risk_level": "low", "arguments": {}, "message": "当前页面无测试序列。"}
{"ts": "2026-06-25 19:27:03", "action": "get_test_sequence_status", "status": "executed", "risk_level": "low", "arguments": {}, "message": "当前页面无测试序列。"}
{"ts": "2026-06-25 19:27:04", "action": "get_test_sequence_status", "status": "executed", "risk_level": "low", "arguments": {}, "message": "当前页面无测试序列。"}
{"ts": "2026-06-25 19:27:06", "action": "get_test_sequence_status", "status": "executed", "risk_level": "low", "arguments": {}, "message": "当前页面无测试序列。"}
{"ts": "2026-06-25 19:27:07", "action": "get_test_sequence_status", "status": "executed", "risk_level": "low", "arguments": {}, "message": "当前页面无测试序列。"}
{"ts": "2026-06-25 19:27:09", "action": "get_test_sequence_status", "status": "executed", "risk_level": "low", "arguments": {}, "message": "当前页面无测试序列。"}
{"ts": "2026-06-25 19:27:10", "action": "get_test_sequence_status", "status": "executed", "risk_level": "low", "arguments": {}, "message": "当前页面无测试序列。"}
{"ts": "2026-06-25 19:27:12", "action": "get_test_sequence_status", "status": "executed", "risk_level": "low", "arguments": {}, "message": "当前页面无测试序列。"}
{"ts": "2026-06-25 19:27:13", "action": "get_test_sequence_status", "status": "executed", "risk_level": "low", "arguments": {}, "message": "当前页面无测试序列。"}
{"ts": "2026-06-25 19:27:15", "action": "get_test_sequence_status", "status": "executed", "risk_level": "low", "arguments": {}, "message": "当前页面无测试序列。"}
{"ts": "2026-06-25 19:27:16", "action": "get_test_sequence_status", "status": "executed", "risk_level": "low", "arguments": {}, "message": "当前页面无测试序列。"}
{"ts": "2026-06-25 19:27:18", "action": "get_test_sequence_status", "status": "executed", "risk_level": "low", "arguments": {}, "message": "当前页面无测试序列。"}
{"ts": "2026-06-25 19:27:19", "action": "get_test_sequence_status", "status": "executed", "risk_level": "low", "arguments": {}, "message": "当前页面无测试序列。"}
{"ts": "2026-06-25 19:27:21", "action": "get_test_sequence_status", "status": "executed", "risk_level": "low", "arguments": {}, "message": "当前页面无测试序列。"}
{"ts": "2026-06-25 19:27:22", "action": "get_test_sequence_status", "status": "executed", "risk_level": "low", "arguments": {}, "message": "当前页面无测试序列。"}
{"ts": "2026-06-25 19:27:24", "action": "get_test_sequence_status", "status": "executed", "risk_level": "low", "arguments": {}, "message": "当前页面无测试序列。"}
{"ts": "2026-06-25 19:27:25", "action": "get_test_sequence_status", "status": "executed", "risk_level": "low", "arguments": {}, "message": "当前页面无测试序列。"}
{"ts": "2026-06-25 19:27:27", "action": "get_test_sequence_status", "status": "executed", "risk_level": "low", "arguments": {}, "message": "当前页面无测试序列。"}
{"ts": "2026-06-25 19:27:28", "action": "get_test_sequence_status", "status": "executed", "risk_level": "low", "arguments": {}, "message": "当前页面无测试序列。"}
{"ts": "2026-06-25 19:27:30", "action": "get_test_sequence_status", "status": "executed", "risk_level": "low", "arguments": {}, "message": "当前页面无测试序列。"}
{"ts": "2026-06-25 19:27:31", "action": "get_test_sequence_status", "status": "executed", "risk_level": "low", "arguments": {}, "message": "当前页面无测试序列。"}
{"ts": "2026-06-25 19:27:33", "action": "get_test_sequence_status", "status": "executed", "risk_level": "low", "arguments": {}, "message": "当前页面无测试序列。"}
{"ts": "2026-06-25 19:27:34", "action": "get_test_sequence_status", "status": "executed", "risk_level": "low", "arguments": {}, "message": "当前页面无测试序列。"}
{"ts": "2026-06-25 19:27:36", "action": "get_test_sequence_status", "status": "executed", "risk_level": "low", "arguments": {}, "message": "当前页面无测试序列。"}
{"ts": "2026-06-25 19:27:37", "action": "get_test_sequence_status", "status": "executed", "risk_level": "low", "arguments": {}, "message": "当前页面无测试序列。"}
{"ts": "2026-06-25 19:27:39", "action": "get_test_sequence_status", "status": "executed", "risk_level": "low", "arguments": {}, "message": "当前页面无测试序列。"}
{"ts": "2026-06-25 19:27:40", "action": "get_test_sequence_status", "status": "executed", "risk_level": "low", "arguments": {}, "message": "当前页面无测试序列。"}
{"ts": "2026-06-25 19:27:42", "action": "get_test_sequence_status", "status": "executed", "risk_level": "low", "arguments": {}, "message": "当前页面无测试序列。"}
{"ts": "2026-06-25 19:27:43", "action": "get_test_sequence_status", "status": "executed", "risk_level": "low", "arguments": {}, "message": "当前页面无测试序列。"}
{"ts": "2026-06-25 19:27:45", "action": "get_test_sequence_status", "status": "executed", "risk_level": "low", "arguments": {}, "message": "当前页面无测试序列。"}
{"ts": "2026-06-25 19:27:46", "action": "get_test_sequence_status", "status": "executed", "risk_level": "low", "arguments": {}, "message": "当前页面无测试序列。"}
{"ts": "2026-06-25 19:27:48", "action": "get_test_sequence_status", "status": "executed", "risk_level": "low", "arguments": {}, "message": "当前页面无测试序列。"}
{"ts": "2026-06-25 19:27:49", "action": "get_test_sequence_status", "status": "executed", "risk_level": "low", "arguments": {}, "message": "当前页面无测试序列。"}
{"ts": "2026-06-25 19:27:51", "action": "get_test_sequence_status", "status": "executed", "risk_level": "low", "arguments": {}, "message": "当前页面无测试序列。"}
{"ts": "2026-06-25 19:27:52", "action": "get_test_sequence_status", "status": "executed", "risk_level": "low", "arguments": {}, "message": "当前页面无测试序列。"}
{"ts": "2026-06-25 19:27:54", "action": "get_test_sequence_status", "status": "executed", "risk_level": "low", "arguments": {}, "message": "当前页面无测试序列。"}
{"ts": "2026-06-25 19:27:55", "action": "get_test_sequence_status", "status": "executed", "risk_level": "low", "arguments": {}, "message": "当前页面无测试序列。"}
{"ts": "2026-06-25 19:27:57", "action": "get_test_sequence_status", "status": "executed", "risk_level": "low", "arguments": {}, "message": "当前页面无测试序列。"}
{"ts": "2026-06-25 19:27:58", "action": "get_test_sequence_status", "status": "executed", "risk_level": "low", "arguments": {}, "message": "当前页面无测试序列。"}
{"ts": "2026-06-25 19:28:00", "action": "get_test_sequence_status", "status": "executed", "risk_level": "low", "arguments": {}, "message": "当前页面无测试序列。"}
{"ts": "2026-06-25 19:28:01", "action": "get_test_sequence_status", "status": "executed", "risk_level": "low", "arguments": {}, "message": "当前页面无测试序列。"}
{"ts": "2026-06-25 19:28:03", "action": "get_test_sequence_status", "status": "executed", "risk_level": "low", "arguments": {}, "message": "当前页面无测试序列。"}
{"ts": "2026-06-25 19:28:04", "action": "get_test_sequence_status", "status": "executed", "risk_level": "low", "arguments": {}, "message": "当前页面无测试序列。"}
{"ts": "2026-06-25 19:28:06", "action": "get_test_sequence_status", "status": "executed", "risk_level": "low", "arguments": {}, "message": "当前页面无测试序列。"}
{"ts": "2026-06-25 19:28:07", "action": "get_test_sequence_status", "status": "executed", "risk_level": "low", "arguments": {}, "message": "当前页面无测试序列。"}
{"ts": "2026-06-25 19:28:09", "action": "get_test_sequence_status", "status": "executed", "risk_level": "low", "arguments": {}, "message": "当前页面无测试序列。"}
{"ts": "2026-06-25 19:28:10", "action": "get_test_sequence_status", "status": "executed", "risk_level": "low", "arguments": {}, "message": "当前页面无测试序列。"}
{"ts": "2026-06-25 19:28:12", "action": "get_test_sequence_status", "status": "executed", "risk_level": "low", "arguments": {}, "message": "当前页面无测试序列。"}
{"ts": "2026-06-25 19:28:13", "action": "get_test_sequence_status", "status": "executed", "risk_level": "low", "arguments": {}, "message": "当前页面无测试序列。"}
{"ts": "2026-06-25 19:28:15", "action": "get_test_sequence_status", "status": "executed", "risk_level": "low", "arguments": {}, "message": "当前页面无测试序列。"}
{"ts": "2026-06-25 19:28:16", "action": "get_test_sequence_status", "status": "executed", "risk_level": "low", "arguments": {}, "message": "当前页面无测试序列。"}
{"ts": "2026-06-25 19:28:18", "action": "get_test_sequence_status", "status": "executed", "risk_level": "low", "arguments": {}, "message": "当前页面无测试序列。"}
{"ts": "2026-06-25 19:28:19", "action": "get_test_sequence_status", "status": "executed", "risk_level": "low", "arguments": {}, "message": "当前页面无测试序列。"}
{"ts": "2026-06-25 19:28:21", "action": "get_test_sequence_status", "status": "executed", "risk_level": "low", "arguments": {}, "message": "当前页面无测试序列。"}
{"ts": "2026-06-25 19:28:22", "action": "get_test_sequence_status", "status": "executed", "risk_level": "low", "arguments": {}, "message": "当前页面无测试序列。"}
{"ts": "2026-06-25 19:28:24", "action": "get_test_sequence_status", "status": "executed", "risk_level": "low", "arguments": {}, "message": "当前页面无测试序列。"}
{"ts": "2026-06-25 19:28:25", "action": "get_test_sequence_status", "status": "executed", "risk_level": "low", "arguments": {}, "message": "当前页面无测试序列。"}
{"ts": "2026-06-25 19:28:27", "action": "get_test_sequence_status", "status": "executed", "risk_level": "low", "arguments": {}, "message": "当前页面无测试序列。"}
{"ts": "2026-06-25 19:28:28", "action": "get_test_sequence_status", "status": "executed", "risk_level": "low", "arguments": {}, "message": "当前页面无测试序列。"}
{"ts": "2026-06-25 19:28:30", "action": "get_test_sequence_status", "status": "executed", "risk_level": "low", "arguments": {}, "message": "当前页面无测试序列。"}
{"ts": "2026-06-25 19:28:31", "action": "get_test_sequence_status", "status": "executed", "risk_level": "low", "arguments": {}, "message": "当前页面无测试序列。"}
{"ts": "2026-06-25 19:28:33", "action": "get_test_sequence_status", "status": "executed", "risk_level": "low", "arguments": {}, "message": "当前页面无测试序列。"}
{"ts": "2026-06-25 19:28:34", "action": "get_test_sequence_status", "status": "executed", "risk_level": "low", "arguments": {}, "message": "当前页面无测试序列。"}
{"ts": "2026-06-25 19:28:36", "action": "get_test_sequence_status", "status": "executed", "risk_level": "low", "arguments": {}, "message": "当前页面无测试序列。"}
{"ts": "2026-06-25 19:28:37", "action": "get_test_sequence_status", "status": "executed", "risk_level": "low", "arguments": {}, "message": "当前页面无测试序列。"}
{"ts": "2026-06-25 19:28:39", "action": "get_test_sequence_status", "status": "executed", "risk_level": "low", "arguments": {}, "message": "当前页面无测试序列。"}
{"ts": "2026-06-25 19:28:40", "action": "get_test_sequence_status", "status": "executed", "risk_level": "low", "arguments": {}, "message": "当前页面无测试序列。"}
{"ts": "2026-06-25 19:28:42", "action": "get_test_sequence_status", "status": "executed", "risk_level": "low", "arguments": {}, "message": "当前页面无测试序列。"}
{"ts": "2026-06-25 19:28:43", "action": "get_test_sequence_status", "status": "executed", "risk_level": "low", "arguments": {}, "message": "当前页面无测试序列。"}
{"ts": "2026-06-25 19:28:45", "action": "get_test_sequence_status", "status": "executed", "risk_level": "low", "arguments": {}, "message": "当前页面无测试序列。"}
{"ts": "2026-06-25 19:28:46", "action": "get_test_sequence_status", "status": "executed", "risk_level": "low", "arguments": {}, "message": "当前页面无测试序列。"}
{"ts": "2026-06-25 19:28:48", "action": "get_test_sequence_status", "status": "executed", "risk_level": "low", "arguments": {}, "message": "当前页面无测试序列。"}
{"ts": "2026-06-25 19:28:49", "action": "get_test_sequence_status", "status": "executed", "risk_level": "low", "arguments": {}, "message": "当前页面无测试序列。"}
{"ts": "2026-06-25 19:28:51", "action": "get_test_sequence_status", "status": "executed", "risk_level": "low", "arguments": {}, "message": "当前页面无测试序列。"}
{"ts": "2026-06-25 19:28:52", "action": "get_test_sequence_status", "status": "executed", "risk_level": "low", "arguments": {}, "message": "当前页面无测试序列。"}
{"ts": "2026-06-25 19:28:54", "action": "get_test_sequence_status", "status": "executed", "risk_level": "low", "arguments": {}, "message": "当前页面无测试序列。"}
{"ts": "2026-06-25 19:28:55", "action": "get_test_sequence_status", "status": "executed", "risk_level": "low", "arguments": {}, "message": "当前页面无测试序列。"}
{"ts": "2026-06-25 19:28:57", "action": "get_test_sequence_status", "status": "executed", "risk_level": "low", "arguments": {}, "message": "当前页面无测试序列。"}
{"ts": "2026-06-25 19:28:58", "action": "get_test_sequence_status", "status": "executed", "risk_level": "low", "arguments": {}, "message": "当前页面无测试序列。"}
{"ts": "2026-06-25 19:29:00", "action": "get_test_sequence_status", "status": "executed", "risk_level": "low", "arguments": {}, "message": "当前页面无测试序列。"}
{"ts": "2026-06-25 19:29:01", "action": "get_test_sequence_status", "status": "executed", "risk_level": "low", "arguments": {}, "message": "当前页面无测试序列。"}
{"ts": "2026-06-25 19:29:03", "action": "get_test_sequence_status", "status": "executed", "risk_level": "low", "arguments": {}, "message": "当前页面无测试序列。"}
{"ts": "2026-06-25 19:29:04", "action": "get_test_sequence_status", "status": "executed", "risk_level": "low", "arguments": {}, "message": "当前页面无测试序列。"}
{"ts": "2026-06-25 19:29:06", "action": "get_test_sequence_status", "status": "executed", "risk_level": "low", "arguments": {}, "message": "当前页面无测试序列。"}
{"ts": "2026-06-25 19:29:07", "action": "get_test_sequence_status", "status": "executed", "risk_level": "low", "arguments": {}, "message": "当前页面无测试序列。"}
{"ts": "2026-06-25 19:29:09", "action": "get_test_sequence_status", "status": "executed", "risk_level": "low", "arguments": {}, "message": "当前页面无测试序列。"}
{"ts": "2026-06-25 19:29:10", "action": "get_test_sequence_status", "status": "executed", "risk_level": "low", "arguments": {}, "message": "当前页面无测试序列。"}
{"ts": "2026-06-25 19:29:12", "action": "get_test_sequence_status", "status": "executed", "risk_level": "low", "arguments": {}, "message": "当前页面无测试序列。"}
{"ts": "2026-06-25 19:29:13", "action": "get_test_sequence_status", "status": "executed", "risk_level": "low", "arguments": {}, "message": "当前页面无测试序列。"}
{"ts": "2026-06-25 19:29:15", "action": "get_test_sequence_status", "status": "executed", "risk_level": "low", "arguments": {}, "message": "当前页面无测试序列。"}
{"ts": "2026-06-25 19:29:16", "action": "get_test_sequence_status", "status": "executed", "risk_level": "low", "arguments": {}, "message": "当前页面无测试序列。"}
{"ts": "2026-06-25 19:29:18", "action": "get_test_sequence_status", "status": "executed", "risk_level": "low", "arguments": {}, "message": "当前页面无测试序列。"}
{"ts": "2026-06-25 19:29:19", "action": "get_test_sequence_status", "status": "executed", "risk_level": "low", "arguments": {}, "message": "当前页面无测试序列。"}
{"ts": "2026-06-25 19:29:21", "action": "get_test_sequence_status", "status": "executed", "risk_level": "low", "arguments": {}, "message": "当前页面无测试序列。"}
{"ts": "2026-06-25 19:29:22", "action": "get_test_sequence_status", "status": "executed", "risk_level": "low", "arguments": {}, "message": "当前页面无测试序列。"}
{"ts": "2026-06-25 19:29:24", "action": "get_test_sequence_status", "status": "executed", "risk_level": "low", "arguments": {}, "message": "当前页面无测试序列。"}
{"ts": "2026-06-25 19:29:25", "action": "get_test_sequence_status", "status": "executed", "risk_level": "low", "arguments": {}, "message": "当前页面无测试序列。"}
{"ts": "2026-06-25 19:29:27", "action": "get_test_sequence_status", "status": "executed", "risk_level": "low", "arguments": {}, "message": "当前页面无测试序列。"}
{"ts": "2026-06-25 19:29:28", "action": "get_test_sequence_status", "status": "executed", "risk_level": "low", "arguments": {}, "message": "当前页面无测试序列。"}
{"ts": "2026-06-25 19:29:30", "action": "get_test_sequence_status", "status": "executed", "risk_level": "low", "arguments": {}, "message": "当前页面无测试序列。"}
{"ts": "2026-06-25 19:29:31", "action": "get_test_sequence_status", "status": "executed", "risk_level": "low", "arguments": {}, "message": "当前页面无测试序列。"}
{"ts": "2026-06-25 19:29:33", "action": "get_test_sequence_status", "status": "executed", "risk_level": "low", "arguments": {}, "message": "当前页面无测试序列。"}
{"ts": "2026-06-25 19:29:34", "action": "get_test_sequence_status", "status": "executed", "risk_level": "low", "arguments": {}, "message": "当前页面无测试序列。"}
{"ts": "2026-06-25 19:29:36", "action": "get_test_sequence_status", "status": "executed", "risk_level": "low", "arguments": {}, "message": "当前页面无测试序列。"}
{"ts": "2026-06-25 19:29:37", "action": "get_test_sequence_status", "status": "executed", "risk_level": "low", "arguments": {}, "message": "当前页面无测试序列。"}
{"ts": "2026-06-25 19:29:39", "action": "get_test_sequence_status", "status": "executed", "risk_level": "low", "arguments": {}, "message": "当前页面无测试序列。"}
{"ts": "2026-06-25 19:29:40", "action": "get_test_sequence_status", "status": "executed", "risk_level": "low", "arguments": {}, "message": "当前页面无测试序列。"}
{"ts": "2026-06-25 19:29:42", "action": "get_test_sequence_status", "status": "executed", "risk_level": "low", "arguments": {}, "message": "当前页面无测试序列。"}
{"ts": "2026-06-25 19:29:43", "action": "get_test_sequence_status", "status": "executed", "risk_level": "low", "arguments": {}, "message": "当前页面无测试序列。"}
{"ts": "2026-06-25 19:29:45", "action": "get_test_sequence_status", "status": "executed", "risk_level": "low", "arguments": {}, "message": "当前页面无测试序列。"}
{"ts": "2026-06-25 19:29:46", "action": "get_test_sequence_status", "status": "executed", "risk_level": "low", "arguments": {}, "message": "当前页面无测试序列。"}
{"ts": "2026-06-25 19:29:48", "action": "get_test_sequence_status", "status": "executed", "risk_level": "low", "arguments": {}, "message": "当前页面无测试序列。"}
{"ts": "2026-06-25 19:29:49", "action": "get_test_sequence_status", "status": "executed", "risk_level": "low", "arguments": {}, "message": "当前页面无测试序列。"}
{"ts": "2026-06-25 19:29:51", "action": "get_test_sequence_status", "status": "executed", "risk_level": "low", "arguments": {}, "message": "当前页面无测试序列。"}
{"ts": "2026-06-25 19:29:52", "action": "get_test_sequence_status", "status": "executed", "risk_level": "low", "arguments": {}, "message": "当前页面无测试序列。"}
{"ts": "2026-06-25 19:29:54", "action": "get_test_sequence_status", "status": "executed", "risk_level": "low", "arguments": {}, "message": "当前页面无测试序列。"}
{"ts": "2026-06-25 19:29:55", "action": "get_test_sequence_status", "status": "executed", "risk_level": "low", "arguments": {}, "message": "当前页面无测试序列。"}
{"ts": "2026-06-25 19:29:57", "action": "get_test_sequence_status", "status": "executed", "risk_level": "low", "arguments": {}, "message": "当前页面无测试序列。"}
{"ts": "2026-06-25 19:29:58", "action": "get_test_sequence_status", "status": "executed", "risk_level": "low", "arguments": {}, "message": "当前页面无测试序列。"}
{"ts": "2026-06-25 19:30:00", "action": "get_test_sequence_status", "status": "executed", "risk_level": "low", "arguments": {}, "message": "当前页面无测试序列。"}
{"ts": "2026-06-25 19:30:01", "action": "get_test_sequence_status", "status": "executed", "risk_level": "low", "arguments": {}, "message": "当前页面无测试序列。"}
{"ts": "2026-06-25 19:30:03", "action": "get_test_sequence_status", "status": "executed", "risk_level": "low", "arguments": {}, "message": "当前页面无测试序列。"}
{"ts": "2026-06-25 19:30:04", "action": "get_test_sequence_status", "status": "executed", "risk_level": "low", "arguments": {}, "message": "当前页面无测试序列。"}
{"ts": "2026-06-25 19:30:06", "action": "get_test_sequence_status", "status": "executed", "risk_level": "low", "arguments": {}, "message": "当前页面无测试序列。"}
{"ts": "2026-06-25 19:30:07", "action": "get_test_sequence_status", "status": "executed", "risk_level": "low", "arguments": {}, "message": "当前页面无测试序列。"}
{"ts": "2026-06-25 19:30:09", "action": "get_test_sequence_status", "status": "executed", "risk_level": "low", "arguments": {}, "message": "当前页面无测试序列。"}
{"ts": "2026-06-25 19:30:10", "action": "get_test_sequence_status", "status": "executed", "risk_level": "low", "arguments": {}, "message": "当前页面无测试序列。"}
{"ts": "2026-06-25 19:30:12", "action": "get_test_sequence_status", "status": "executed", "risk_level": "low", "arguments": {}, "message": "当前页面无测试序列。"}
{"ts": "2026-06-25 19:30:13", "action": "get_test_sequence_status", "status": "executed", "risk_level": "low", "arguments": {}, "message": "当前页面无测试序列。"}
{"ts": "2026-06-25 19:30:15", "action": "get_test_sequence_status", "status": "executed", "risk_level": "low", "arguments": {}, "message": "当前页面无测试序列。"}
{"ts": "2026-06-25 19:30:16", "action": "get_test_sequence_status", "status": "executed", "risk_level": "low", "arguments": {}, "message": "当前页面无测试序列。"}
{"ts": "2026-06-25 19:30:18", "action": "get_test_sequence_status", "status": "executed", "risk_level": "low", "arguments": {}, "message": "当前页面无测试序列。"}
{"ts": "2026-06-25 19:30:19", "action": "get_test_sequence_status", "status": "executed", "risk_level": "low", "arguments": {}, "message": "当前页面无测试序列。"}
{"ts": "2026-06-25 19:30:21", "action": "get_test_sequence_status", "status": "executed", "risk_level": "low", "arguments": {}, "message": "当前页面无测试序列。"}
{"ts": "2026-06-25 19:30:22", "action": "get_test_sequence_status", "status": "executed", "risk_level": "low", "arguments": {}, "message": "当前页面无测试序列。"}
{"ts": "2026-06-25 19:30:24", "action": "get_test_sequence_status", "status": "executed", "risk_level": "low", "arguments": {}, "message": "当前页面无测试序列。"}
{"ts": "2026-06-25 19:30:25", "action": "get_test_sequence_status", "status": "executed", "risk_level": "low", "arguments": {}, "message": "当前页面无测试序列。"}
{"ts": "2026-06-25 19:30:27", "action": "get_test_sequence_status", "status": "executed", "risk_level": "low", "arguments": {}, "message": "当前页面无测试序列。"}
{"ts": "2026-06-25 19:30:28", "action": "get_test_sequence_status", "status": "executed", "risk_level": "low", "arguments": {}, "message": "当前页面无测试序列。"}
{"ts": "2026-06-25 19:30:30", "action": "get_test_sequence_status", "status": "executed", "risk_level": "low", "arguments": {}, "message": "当前页面无测试序列。"}
{"ts": "2026-06-25 19:30:31", "action": "get_test_sequence_status", "status": "executed", "risk_level": "low", "arguments": {}, "message": "当前页面无测试序列。"}
{"ts": "2026-06-25 19:30:33", "action": "get_test_sequence_status", "status": "executed", "risk_level": "low", "arguments": {}, "message": "当前页面无测试序列。"}
{"ts": "2026-06-25 19:30:34", "action": "get_test_sequence_status", "status": "executed", "risk_level": "low", "arguments": {}, "message": "当前页面无测试序列。"}
{"ts": "2026-06-25 19:30:36", "action": "get_test_sequence_status", "status": "executed", "risk_level": "low", "arguments": {}, "message": "当前页面无测试序列。"}
{"ts": "2026-06-25 19:30:37", "action": "get_test_sequence_status", "status": "executed", "risk_level": "low", "arguments": {}, "message": "当前页面无测试序列。"}
{"ts": "2026-06-25 19:30:39", "action": "get_test_sequence_status", "status": "executed", "risk_level": "low", "arguments": {}, "message": "当前页面无测试序列。"}
{"ts": "2026-06-25 19:30:40", "action": "get_test_sequence_status", "status": "executed", "risk_level": "low", "arguments": {}, "message": "当前页面无测试序列。"}
{"ts": "2026-06-25 19:30:42", "action": "get_test_sequence_status", "status": "executed", "risk_level": "low", "arguments": {}, "message": "当前页面无测试序列。"}
{"ts": "2026-06-25 19:30:43", "action": "get_test_sequence_status", "status": "executed", "risk_level": "low", "arguments": {}, "message": "当前页面无测试序列。"}
{"ts": "2026-06-25 19:30:45", "action": "get_test_sequence_status", "status": "executed", "risk_level": "low", "arguments": {}, "message": "当前页面无测试序列。"}
{"ts": "2026-06-25 19:30:46", "action": "get_test_sequence_status", "status": "executed", "risk_level": "low", "arguments": {}, "message": "当前页面无测试序列。"}
{"ts": "2026-06-25 19:30:48", "action": "get_test_sequence_status", "status": "executed", "risk_level": "low", "arguments": {}, "message": "当前页面无测试序列。"}
{"ts": "2026-06-25 19:30:49", "action": "get_test_sequence_status", "status": "executed", "risk_level": "low", "arguments": {}, "message": "当前页面无测试序列。"}
{"ts": "2026-06-25 19:30:51", "action": "get_test_sequence_status", "status": "executed", "risk_level": "low", "arguments": {}, "message": "当前页面无测试序列。"}
{"ts": "2026-06-25 19:30:52", "action": "get_test_sequence_status", "status": "executed", "risk_level": "low", "arguments": {}, "message": "当前页面无测试序列。"}
{"ts": "2026-06-25 19:30:54", "action": "get_test_sequence_status", "status": "executed", "risk_level": "low", "arguments": {}, "message": "当前页面无测试序列。"}
{"ts": "2026-06-25 19:30:55", "action": "get_test_sequence_status", "status": "executed", "risk_level": "low", "arguments": {}, "message": "当前页面无测试序列。"}
{"ts": "2026-06-25 19:30:57", "action": "get_test_sequence_status", "status": "executed", "risk_level": "low", "arguments": {}, "message": "当前页面无测试序列。"}
{"ts": "2026-06-25 19:30:58", "action": "get_test_sequence_status", "status": "executed", "risk_level": "low", "arguments": {}, "message": "当前页面无测试序列。"}
{"ts": "2026-06-25 19:31:00", "action": "get_test_sequence_status", "status": "executed", "risk_level": "low", "arguments": {}, "message": "当前页面无测试序列。"}
{"ts": "2026-06-25 19:31:01", "action": "get_test_sequence_status", "status": "executed", "risk_level": "low", "arguments": {}, "message": "当前页面无测试序列。"}
{"ts": "2026-06-25 19:31:03", "action": "get_test_sequence_status", "status": "executed", "risk_level": "low", "arguments": {}, "message": "当前页面无测试序列。"}
{"ts": "2026-06-25 19:31:04", "action": "get_test_sequence_status", "status": "executed", "risk_level": "low", "arguments": {}, "message": "当前页面无测试序列。"}
{"ts": "2026-06-25 19:31:06", "action": "get_test_sequence_status", "status": "executed", "risk_level": "low", "arguments": {}, "message": "当前页面无测试序列。"}
{"ts": "2026-06-25 19:31:07", "action": "get_test_sequence_status", "status": "executed", "risk_level": "low", "arguments": {}, "message": "当前页面无测试序列。"}
{"ts": "2026-06-25 19:31:09", "action": "get_test_sequence_status", "status": "executed", "risk_level": "low", "arguments": {}, "message": "当前页面无测试序列。"}
{"ts": "2026-06-25 19:31:10", "action": "get_test_sequence_status", "status": "executed", "risk_level": "low", "arguments": {}, "message": "当前页面无测试序列。"}
{"ts": "2026-06-25 19:31:12", "action": "get_test_sequence_status", "status": "executed", "risk_level": "low", "arguments": {}, "message": "当前页面无测试序列。"}
{"ts": "2026-06-25 19:31:13", "action": "get_test_sequence_status", "status": "executed", "risk_level": "low", "arguments": {}, "message": "当前页面无测试序列。"}
{"ts": "2026-06-25 19:31:15", "action": "get_test_sequence_status", "status": "executed", "risk_level": "low", "arguments": {}, "message": "当前页面无测试序列。"}
{"ts": "2026-06-25 19:31:16", "action": "get_test_sequence_status", "status": "executed", "risk_level": "low", "arguments": {}, "message": "当前页面无测试序列。"}
{"ts": "2026-06-25 19:31:18", "action": "get_test_sequence_status", "status": "executed", "risk_level": "low", "arguments": {}, "message": "当前页面无测试序列。"}
{"ts": "2026-06-25 19:31:19", "action": "get_test_sequence_status", "status": "executed", "risk_level": "low", "arguments": {}, "message": "当前页面无测试序列。"}
{"ts": "2026-06-25 19:31:21", "action": "get_test_sequence_status", "status": "executed", "risk_level": "low", "arguments": {}, "message": "当前页面无测试序列。"}
{"ts": "2026-06-25 19:31:22", "action": "get_test_sequence_status", "status": "executed", "risk_level": "low", "arguments": {}, "message": "当前页面无测试序列。"}
{"ts": "2026-06-25 19:31:24", "action": "get_test_sequence_status", "status": "executed", "risk_level": "low", "arguments": {}, "message": "当前页面无测试序列。"}
{"ts": "2026-06-25 19:31:25", "action": "get_test_sequence_status", "status": "executed", "risk_level": "low", "arguments": {}, "message": "当前页面无测试序列。"}
{"ts": "2026-06-25 19:31:27", "action": "get_test_sequence_status", "status": "executed", "risk_level": "low", "arguments": {}, "message": "当前页面无测试序列。"}
{"ts": "2026-06-25 19:31:28", "action": "get_test_sequence_status", "status": "executed", "risk_level": "low", "arguments": {}, "message": "当前页面无测试序列。"}
{"ts": "2026-06-25 19:31:30", "action": "get_test_sequence_status", "status": "executed", "risk_level": "low", "arguments": {}, "message": "当前页面无测试序列。"}
{"ts": "2026-06-25 19:31:31", "action": "get_test_sequence_status", "status": "executed", "risk_level": "low", "arguments": {}, "message": "当前页面无测试序列。"}
{"ts": "2026-06-25 19:31:33", "action": "get_test_sequence_status", "status": "executed", "risk_level": "low", "arguments": {}, "message": "当前页面无测试序列。"}
{"ts": "2026-06-25 19:31:34", "action": "get_test_sequence_status", "status": "executed", "risk_level": "low", "arguments": {}, "message": "当前页面无测试序列。"}
{"ts": "2026-06-25 19:31:36", "action": "get_test_sequence_status", "status": "executed", "risk_level": "low", "arguments": {}, "message": "当前页面无测试序列。"}
{"ts": "2026-06-25 19:31:37", "action": "get_test_sequence_status", "status": "executed", "risk_level": "low", "arguments": {}, "message": "当前页面无测试序列。"}
{"ts": "2026-06-25 19:31:39", "action": "get_test_sequence_status", "status": "executed", "risk_level": "low", "arguments": {}, "message": "当前页面无测试序列。"}
{"ts": "2026-06-25 19:31:40", "action": "get_test_sequence_status", "status": "executed", "risk_level": "low", "arguments": {}, "message": "当前页面无测试序列。"}
{"ts": "2026-06-25 19:31:42", "action": "get_test_sequence_status", "status": "executed", "risk_level": "low", "arguments": {}, "message": "当前页面无测试序列。"}
{"ts": "2026-06-25 19:31:43", "action": "get_test_sequence_status", "status": "executed", "risk_level": "low", "arguments": {}, "message": "当前页面无测试序列。"}
{"ts": "2026-06-25 19:31:45", "action": "get_test_sequence_status", "status": "executed", "risk_level": "low", "arguments": {}, "message": "当前页面无测试序列。"}
{"ts": "2026-06-25 19:31:46", "action": "get_test_sequence_status", "status": "executed", "risk_level": "low", "arguments": {}, "message": "当前页面无测试序列。"}
{"ts": "2026-06-25 19:31:48", "action": "get_test_sequence_status", "status": "executed", "risk_level": "low", "arguments": {}, "message": "当前页面无测试序列。"}
{"ts": "2026-06-25 19:31:49", "action": "get_test_sequence_status", "status": "executed", "risk_level": "low", "arguments": {}, "message": "当前页面无测试序列。"}
{"ts": "2026-06-25 19:31:51", "action": "get_test_sequence_status", "status": "executed", "risk_level": "low", "arguments": {}, "message": "当前页面无测试序列。"}
{"ts": "2026-06-25 19:31:52", "action": "get_test_sequence_status", "status": "executed", "risk_level": "low", "arguments": {}, "message": "当前页面无测试序列。"}
{"ts": "2026-06-25 19:31:54", "action": "get_test_sequence_status", "status": "executed", "risk_level": "low", "arguments": {}, "message": "当前页面无测试序列。"}
{"ts": "2026-06-25 19:31:55", "action": "get_test_sequence_status", "status": "executed", "risk_level": "low", "arguments": {}, "message": "当前页面无测试序列。"}
{"ts": "2026-06-25 19:31:57", "action": "get_test_sequence_status", "status": "executed", "risk_level": "low", "arguments": {}, "message": "当前页面无测试序列。"}
{"ts": "2026-06-25 19:31:58", "action": "get_test_sequence_status", "status": "executed", "risk_level": "low", "arguments": {}, "message": "当前页面无测试序列。"}
{"ts": "2026-06-25 19:32:00", "action": "get_test_sequence_status", "status": "executed", "risk_level": "low", "arguments": {}, "message": "当前页面无测试序列。"}
{"ts": "2026-06-25 19:32:01", "action": "get_test_sequence_status", "status": "executed", "risk_level": "low", "arguments": {}, "message": "当前页面无测试序列。"}
{"ts": "2026-06-25 19:32:03", "action": "get_test_sequence_status", "status": "executed", "risk_level": "low", "arguments": {}, "message": "当前页面无测试序列。"}
{"ts": "2026-06-25 19:32:04", "action": "get_test_sequence_status", "status": "executed", "risk_level": "low", "arguments": {}, "message": "当前页面无测试序列。"}
{"ts": "2026-06-25 19:32:06", "action": "get_test_sequence_status", "status": "executed", "risk_level": "low", "arguments": {}, "message": "当前页面无测试序列。"}
{"ts": "2026-06-25 19:32:07", "action": "get_test_sequence_status", "status": "executed", "risk_level": "low", "arguments": {}, "message": "当前页面无测试序列。"}
{"ts": "2026-06-25 19:32:09", "action": "get_test_sequence_status", "status": "executed", "risk_level": "low", "arguments": {}, "message": "当前页面无测试序列。"}
{"ts": "2026-06-25 19:32:10", "action": "get_test_sequence_status", "status": "executed", "risk_level": "low", "arguments": {}, "message": "当前页面无测试序列。"}
{"ts": "2026-06-25 19:32:12", "action": "get_test_sequence_status", "status": "executed", "risk_level": "low", "arguments": {}, "message": "当前页面无测试序列。"}
{"ts": "2026-06-25 19:32:13", "action": "get_test_sequence_status", "status": "executed", "risk_level": "low", "arguments": {}, "message": "当前页面无测试序列。"}
{"ts": "2026-06-25 19:32:15", "action": "get_test_sequence_status", "status": "executed", "risk_level": "low", "arguments": {}, "message": "当前页面无测试序列。"}
{"ts": "2026-06-25 19:32:16", "action": "get_test_sequence_status", "status": "executed", "risk_level": "low", "arguments": {}, "message": "当前页面无测试序列。"}
{"ts": "2026-06-25 19:32:18", "action": "get_test_sequence_status", "status": "executed", "risk_level": "low", "arguments": {}, "message": "当前页面无测试序列。"}
{"ts": "2026-06-25 19:32:19", "action": "get_test_sequence_status", "status": "executed", "risk_level": "low", "arguments": {}, "message": "当前页面无测试序列。"}
{"ts": "2026-06-25 19:32:21", "action": "get_test_sequence_status", "status": "executed", "risk_level": "low", "arguments": {}, "message": "当前页面无测试序列。"}
{"ts": "2026-06-25 19:32:22", "action": "get_test_sequence_status", "status": "executed", "risk_level": "low", "arguments": {}, "message": "当前页面无测试序列。"}
{"ts": "2026-06-25 19:32:24", "action": "get_test_sequence_status", "status": "executed", "risk_level": "low", "arguments": {}, "message": "当前页面无测试序列。"}
{"ts": "2026-06-25 19:32:25", "action": "get_test_sequence_status", "status": "executed", "risk_level": "low", "arguments": {}, "message": "当前页面无测试序列。"}
{"ts": "2026-06-25 19:32:27", "action": "get_test_sequence_status", "status": "executed", "risk_level": "low", "arguments": {}, "message": "当前页面无测试序列。"}
{"ts": "2026-06-25 19:32:28", "action": "get_test_sequence_status", "status": "executed", "risk_level": "low", "arguments": {}, "message": "当前页面无测试序列。"}
{"ts": "2026-06-25 19:32:30", "action": "get_test_sequence_status", "status": "executed", "risk_level": "low", "arguments": {}, "message": "当前页面无测试序列。"}
{"ts": "2026-06-25 19:32:31", "action": "get_test_sequence_status", "status": "executed", "risk_level": "low", "arguments": {}, "message": "当前页面无测试序列。"}
{"ts": "2026-06-25 19:32:33", "action": "get_test_sequence_status", "status": "executed", "risk_level": "low", "arguments": {}, "message": "当前页面无测试序列。"}
{"ts": "2026-06-25 19:32:34", "action": "get_test_sequence_status", "status": "executed", "risk_level": "low", "arguments": {}, "message": "当前页面无测试序列。"}
{"ts": "2026-06-25 19:32:36", "action": "get_test_sequence_status", "status": "executed", "risk_level": "low", "arguments": {}, "message": "当前页面无测试序列。"}
{"ts": "2026-06-25 19:32:37", "action": "get_test_sequence_status", "status": "executed", "risk_level": "low", "arguments": {}, "message": "当前页面无测试序列。"}
{"ts": "2026-06-25 19:32:39", "action": "get_test_sequence_status", "status": "executed", "risk_level": "low", "arguments": {}, "message": "当前页面无测试序列。"}
{"ts": "2026-06-25 19:32:40", "action": "get_test_sequence_status", "status": "executed", "risk_level": "low", "arguments": {}, "message": "当前页面无测试序列。"}
{"ts": "2026-06-25 19:32:42", "action": "get_test_sequence_status", "status": "executed", "risk_level": "low", "arguments": {}, "message": "当前页面无测试序列。"}
{"ts": "2026-06-25 19:32:43", "action": "get_test_sequence_status", "status": "executed", "risk_level": "low", "arguments": {}, "message": "当前页面无测试序列。"}
{"ts": "2026-06-25 19:32:45", "action": "get_test_sequence_status", "status": "executed", "risk_level": "low", "arguments": {}, "message": "当前页面无测试序列。"}
{"ts": "2026-06-25 19:32:46", "action": "get_test_sequence_status", "status": "executed", "risk_level": "low", "arguments": {}, "message": "当前页面无测试序列。"}
{"ts": "2026-06-25 19:32:48", "action": "get_test_sequence_status", "status": "executed", "risk_level": "low", "arguments": {}, "message": "当前页面无测试序列。"}
{"ts": "2026-06-25 19:32:49", "action": "get_test_sequence_status", "status": "executed", "risk_level": "low", "arguments": {}, "message": "当前页面无测试序列。"}
{"ts": "2026-06-25 19:32:51", "action": "get_test_sequence_status", "status": "executed", "risk_level": "low", "arguments": {}, "message": "当前页面无测试序列。"}
{"ts": "2026-06-25 19:32:52", "action": "get_test_sequence_status", "status": "executed", "risk_level": "low", "arguments": {}, "message": "当前页面无测试序列。"}
{"ts": "2026-06-25 19:32:54", "action": "get_test_sequence_status", "status": "executed", "risk_level": "low", "arguments": {}, "message": "当前页面无测试序列。"}
{"ts": "2026-06-25 19:32:55", "action": "get_test_sequence_status", "status": "executed", "risk_level": "low", "arguments": {}, "message": "当前页面无测试序列。"}
{"ts": "2026-06-25 19:32:57", "action": "get_test_sequence_status", "status": "executed", "risk_level": "low", "arguments": {}, "message": "当前页面无测试序列。"}
{"ts": "2026-06-25 19:32:58", "action": "get_test_sequence_status", "status": "executed", "risk_level": "low", "arguments": {}, "message": "当前页面无测试序列。"}
{"ts": "2026-06-25 19:33:00", "action": "get_test_sequence_status", "status": "executed", "risk_level": "low", "arguments": {}, "message": "当前页面无测试序列。"}
{"ts": "2026-06-25 19:33:01", "action": "get_test_sequence_status", "status": "executed", "risk_level": "low", "arguments": {}, "message": "当前页面无测试序列。"}
{"ts": "2026-06-25 19:33:03", "action": "get_test_sequence_status", "status": "executed", "risk_level": "low", "arguments": {}, "message": "当前页面无测试序列。"}
{"ts": "2026-06-25 19:33:04", "action": "get_test_sequence_status", "status": "executed", "risk_level": "low", "arguments": {}, "message": "当前页面无测试序列。"}
{"ts": "2026-06-25 19:33:06", "action": "get_test_sequence_status", "status": "executed", "risk_level": "low", "arguments": {}, "message": "当前页面无测试序列。"}
{"ts": "2026-06-25 19:33:07", "action": "get_test_sequence_status", "status": "executed", "risk_level": "low", "arguments": {}, "message": "当前页面无测试序列。"}
{"ts": "2026-06-25 19:33:09", "action": "get_test_sequence_status", "status": "executed", "risk_level": "low", "arguments": {}, "message": "当前页面无测试序列。"}
{"ts": "2026-06-25 19:33:10", "action": "get_test_sequence_status", "status": "executed", "risk_level": "low", "arguments": {}, "message": "当前页面无测试序列。"}
{"ts": "2026-06-25 19:33:12", "action": "get_test_sequence_status", "status": "executed", "risk_level": "low", "arguments": {}, "message": "当前页面无测试序列。"}
{"ts": "2026-06-25 19:33:13", "action": "get_test_sequence_status", "status": "executed", "risk_level": "low", "arguments": {}, "message": "当前页面无测试序列。"}
{"ts": "2026-06-25 19:33:15", "action": "get_test_sequence_status", "status": "executed", "risk_level": "low", "arguments": {}, "message": "当前页面无测试序列。"}
{"ts": "2026-06-25 19:33:16", "action": "get_test_sequence_status", "status": "executed", "risk_level": "low", "arguments": {}, "message": "当前页面无测试序列。"}
{"ts": "2026-06-25 19:33:18", "action": "get_test_sequence_status", "status": "executed", "risk_level": "low", "arguments": {}, "message": "当前页面无测试序列。"}
{"ts": "2026-06-25 19:33:19", "action": "get_test_sequence_status", "status": "executed", "risk_level": "low", "arguments": {}, "message": "当前页面无测试序列。"}
{"ts": "2026-06-25 19:33:21", "action": "get_test_sequence_status", "status": "executed", "risk_level": "low", "arguments": {}, "message": "当前页面无测试序列。"}
{"ts": "2026-06-25 19:33:22", "action": "get_test_sequence_status", "status": "executed", "risk_level": "low", "arguments": {}, "message": "当前页面无测试序列。"}
{"ts": "2026-06-25 19:33:24", "action": "get_test_sequence_status", "status": "executed", "risk_level": "low", "arguments": {}, "message": "当前页面无测试序列。"}
{"ts": "2026-06-25 19:33:25", "action": "get_test_sequence_status", "status": "executed", "risk_level": "low", "arguments": {}, "message": "当前页面无测试序列。"}
{"ts": "2026-06-25 19:33:27", "action": "get_test_sequence_status", "status": "executed", "risk_level": "low", "arguments": {}, "message": "当前页面无测试序列。"}
{"ts": "2026-06-25 19:33:28", "action": "get_test_sequence_status", "status": "executed", "risk_level": "low", "arguments": {}, "message": "当前页面无测试序列。"}
{"ts": "2026-06-25 19:33:30", "action": "get_test_sequence_status", "status": "executed", "risk_level": "low", "arguments": {}, "message": "当前页面无测试序列。"}
{"ts": "2026-06-25 19:33:31", "action": "get_test_sequence_status", "status": "executed", "risk_level": "low", "arguments": {}, "message": "当前页面无测试序列。"}
{"ts": "2026-06-25 19:33:33", "action": "get_test_sequence_status", "status": "executed", "risk_level": "low", "arguments": {}, "message": "当前页面无测试序列。"}
{"ts": "2026-06-25 19:33:34", "action": "get_test_sequence_status", "status": "executed", "risk_level": "low", "arguments": {}, "message": "当前页面无测试序列。"}
{"ts": "2026-06-25 19:33:36", "action": "get_test_sequence_status", "status": "executed", "risk_level": "low", "arguments": {}, "message": "当前页面无测试序列。"}
{"ts": "2026-06-25 19:33:37", "action": "get_test_sequence_status", "status": "executed", "risk_level": "low", "arguments": {}, "message": "当前页面无测试序列。"}
{"ts": "2026-06-25 19:33:39", "action": "get_test_sequence_status", "status": "executed", "risk_level": "low", "arguments": {}, "message": "当前页面无测试序列。"}
{"ts": "2026-06-25 19:33:40", "action": "get_test_sequence_status", "status": "executed", "risk_level": "low", "arguments": {}, "message": "当前页面无测试序列。"}
{"ts": "2026-06-25 19:33:42", "action": "get_test_sequence_status", "status": "executed", "risk_level": "low", "arguments": {}, "message": "当前页面无测试序列。"}
{"ts": "2026-06-25 19:33:43", "action": "get_test_sequence_status", "status": "executed", "risk_level": "low", "arguments": {}, "message": "当前页面无测试序列。"}
{"ts": "2026-06-25 19:33:45", "action": "get_test_sequence_status", "status": "executed", "risk_level": "low", "arguments": {}, "message": "当前页面无测试序列。"}
{"ts": "2026-06-25 19:33:46", "action": "get_test_sequence_status", "status": "executed", "risk_level": "low", "arguments": {}, "message": "当前页面无测试序列。"}
{"ts": "2026-06-25 19:33:48", "action": "get_test_sequence_status", "status": "executed", "risk_level": "low", "arguments": {}, "message": "当前页面无测试序列。"}
{"ts": "2026-06-25 19:33:49", "action": "get_test_sequence_status", "status": "executed", "risk_level": "low", "arguments": {}, "message": "当前页面无测试序列。"}
{"ts": "2026-06-25 19:33:51", "action": "get_test_sequence_status", "status": "executed", "risk_level": "low", "arguments": {}, "message": "当前页面无测试序列。"}
{"ts": "2026-06-25 19:33:52", "action": "get_test_sequence_status", "status": "executed", "risk_level": "low", "arguments": {}, "message": "当前页面无测试序列。"}
{"ts": "2026-06-25 19:33:54", "action": "get_test_sequence_status", "status": "executed", "risk_level": "low", "arguments": {}, "message": "当前页面无测试序列。"}
{"ts": "2026-06-25 19:33:55", "action": "get_test_sequence_status", "status": "executed", "risk_level": "low", "arguments": {}, "message": "当前页面无测试序列。"}
{"ts": "2026-06-25 19:33:57", "action": "get_test_sequence_status", "status": "executed", "risk_level": "low", "arguments": {}, "message": "当前页面无测试序列。"}
{"ts": "2026-06-25 19:33:58", "action": "get_test_sequence_status", "status": "executed", "risk_level": "low", "arguments": {}, "message": "当前页面无测试序列。"}
{"ts": "2026-06-25 19:34:00", "action": "get_test_sequence_status", "status": "executed", "risk_level": "low", "arguments": {}, "message": "当前页面无测试序列。"}
{"ts": "2026-06-25 19:34:01", "action": "get_test_sequence_status", "status": "executed", "risk_level": "low", "arguments": {}, "message": "当前页面无测试序列。"}
{"ts": "2026-06-25 19:34:03", "action": "get_test_sequence_status", "status": "executed", "risk_level": "low", "arguments": {}, "message": "当前页面无测试序列。"}
{"ts": "2026-06-25 19:34:04", "action": "get_test_sequence_status", "status": "executed", "risk_level": "low", "arguments": {}, "message": "当前页面无测试序列。"}
{"ts": "2026-06-25 19:34:06", "action": "get_test_sequence_status", "status": "executed", "risk_level": "low", "arguments": {}, "message": "当前页面无测试序列。"}
{"ts": "2026-06-25 19:34:07", "action": "get_test_sequence_status", "status": "executed", "risk_level": "low", "arguments": {}, "message": "当前页面无测试序列。"}
{"ts": "2026-06-25 19:34:09", "action": "get_test_sequence_status", "status": "executed", "risk_level": "low", "arguments": {}, "message": "当前页面无测试序列。"}
{"ts": "2026-06-25 19:34:10", "action": "get_test_sequence_status", "status": "executed", "risk_level": "low", "arguments": {}, "message": "当前页面无测试序列。"}
{"ts": "2026-06-25 19:34:12", "action": "get_test_sequence_status", "status": "executed", "risk_level": "low", "arguments": {}, "message": "当前页面无测试序列。"}
{"ts": "2026-06-25 19:34:13", "action": "get_test_sequence_status", "status": "executed", "risk_level": "low", "arguments": {}, "message": "当前页面无测试序列。"}
{"ts": "2026-06-25 19:34:15", "action": "get_test_sequence_status", "status": "executed", "risk_level": "low", "arguments": {}, "message": "当前页面无测试序列。"}
{"ts": "2026-06-25 19:34:16", "action": "get_test_sequence_status", "status": "executed", "risk_level": "low", "arguments": {}, "message": "当前页面无测试序列。"}
{"ts": "2026-06-25 19:34:18", "action": "get_test_sequence_status", "status": "executed", "risk_level": "low", "arguments": {}, "message": "当前页面无测试序列。"}
{"ts": "2026-06-25 19:34:19", "action": "get_test_sequence_status", "status": "executed", "risk_level": "low", "arguments": {}, "message": "当前页面无测试序列。"}
{"ts": "2026-06-25 19:34:21", "action": "get_test_sequence_status", "status": "executed", "risk_level": "low", "arguments": {}, "message": "当前页面无测试序列。"}
{"ts": "2026-06-25 19:34:22", "action": "get_test_sequence_status", "status": "executed", "risk_level": "low", "arguments": {}, "message": "当前页面无测试序列。"}
{"ts": "2026-06-25 19:39:44", "action": "get_current_page", "status": "executed", "risk_level": "low", "arguments": {}, "message": "当前页面：pmu_dcdc_efficiency"}
{"ts": "2026-06-25 19:39:44", "action": "get_current_test_config", "status": "executed", "risk_level": "low", "arguments": {}, "message": ""}
{"ts": "2026-06-25 19:39:46", "action": "get_current_test_config", "status": "executed", "risk_level": "low", "arguments": {}, "message": ""}
{"ts": "2026-06-25 19:39:48", "action": "start_test_sequence", "status": "executed", "risk_level": "high", "arguments": {}, "message": "已请求启动 DCDC 效率测试。"}
{"ts": "2026-06-25 19:39:48", "action": "get_test_sequence_status", "status": "executed", "risk_level": "low", "arguments": {}, "message": "当前页面无测试序列。"}
{"ts": "2026-06-25 19:39:50", "action": "get_test_sequence_status", "status": "executed", "risk_level": "low", "arguments": {}, "message": "当前页面无测试序列。"}
{"ts": "2026-06-25 19:39:51", "action": "get_test_sequence_status", "status": "executed", "risk_level": "low", "arguments": {}, "message": "当前页面无测试序列。"}
{"ts": "2026-06-25 19:39:53", "action": "get_test_sequence_status", "status": "executed", "risk_level": "low", "arguments": {}, "message": "当前页面无测试序列。"}
{"ts": "2026-06-25 19:39:54", "action": "get_test_sequence_status", "status": "executed", "risk_level": "low", "arguments": {}, "message": "当前页面无测试序列。"}
{"ts": "2026-06-25 19:39:56", "action": "get_test_sequence_status", "status": "executed", "risk_level": "low", "arguments": {}, "message": "当前页面无测试序列。"}
{"ts": "2026-06-25 19:39:57", "action": "get_test_sequence_status", "status": "executed", "risk_level": "low", "arguments": {}, "message": "当前页面无测试序列。"}
{"ts": "2026-06-25 19:39:59", "action": "get_test_sequence_status", "status": "executed", "risk_level": "low", "arguments": {}, "message": "当前页面无测试序列。"}
{"ts": "2026-06-25 19:40:00", "action": "get_test_sequence_status", "status": "executed", "risk_level": "low", "arguments": {}, "message": "当前页面无测试序列。"}
{"ts": "2026-06-25 19:40:02", "action": "get_test_sequence_status", "status": "executed", "risk_level": "low", "arguments": {}, "message": "当前页面无测试序列。"}
{"ts": "2026-06-25 19:40:03", "action": "get_test_sequence_status", "status": "executed", "risk_level": "low", "arguments": {}, "message": "当前页面无测试序列。"}
{"ts": "2026-06-25 19:40:05", "action": "get_test_sequence_status", "status": "executed", "risk_level": "low", "arguments": {}, "message": "当前页面无测试序列。"}
{"ts": "2026-06-25 19:40:06", "action": "get_test_sequence_status", "status": "executed", "risk_level": "low", "arguments": {}, "message": "当前页面无测试序列。"}
{"ts": "2026-06-25 19:40:08", "action": "get_test_sequence_status", "status": "executed", "risk_level": "low", "arguments": {}, "message": "当前页面无测试序列。"}
{"ts": "2026-06-25 19:40:09", "action": "get_test_sequence_status", "status": "executed", "risk_level": "low", "arguments": {}, "message": "当前页面无测试序列。"}
{"ts": "2026-06-25 19:40:11", "action": "get_test_sequence_status", "status": "executed", "risk_level": "low", "arguments": {}, "message": "当前页面无测试序列。"}
{"ts": "2026-06-25 19:40:12", "action": "get_test_sequence_status", "status": "executed", "risk_level": "low", "arguments": {}, "message": "当前页面无测试序列。"}
{"ts": "2026-06-25 19:40:14", "action": "get_test_sequence_status", "status": "executed", "risk_level": "low", "arguments": {}, "message": "当前页面无测试序列。"}
{"ts": "2026-06-25 19:40:15", "action": "get_test_sequence_status", "status": "executed", "risk_level": "low", "arguments": {}, "message": "当前页面无测试序列。"}
{"ts": "2026-06-25 19:40:17", "action": "get_test_sequence_status", "status": "executed", "risk_level": "low", "arguments": {}, "message": "当前页面无测试序列。"}
{"ts": "2026-06-25 19:40:18", "action": "get_test_sequence_status", "status": "executed", "risk_level": "low", "arguments": {}, "message": "当前页面无测试序列。"}
{"ts": "2026-06-25 19:40:20", "action": "get_test_sequence_status", "status": "executed", "risk_level": "low", "arguments": {}, "message": "当前页面无测试序列。"}
{"ts": "2026-06-25 19:40:21", "action": "get_test_sequence_status", "status": "executed", "risk_level": "low", "arguments": {}, "message": "当前页面无测试序列。"}
{"ts": "2026-06-25 19:40:23", "action": "get_test_sequence_status", "status": "executed", "risk_level": "low", "arguments": {}, "message": "当前页面无测试序列。"}
{"ts": "2026-06-25 19:40:24", "action": "get_test_sequence_status", "status": "executed", "risk_level": "low", "arguments": {}, "message": "当前页面无测试序列。"}
{"ts": "2026-06-25 19:40:26", "action": "get_test_sequence_status", "status": "executed", "risk_level": "low", "arguments": {}, "message": "当前页面无测试序列。"}
{"ts": "2026-06-25 19:40:27", "action": "get_test_sequence_status", "status": "executed", "risk_level": "low", "arguments": {}, "message": "当前页面无测试序列。"}
{"ts": "2026-06-25 19:40:29", "action": "get_test_sequence_status", "status": "executed", "risk_level": "low", "arguments": {}, "message": "当前页面无测试序列。"}
{"ts": "2026-06-25 19:40:30", "action": "get_test_sequence_status", "status": "executed", "risk_level": "low", "arguments": {}, "message": "当前页面无测试序列。"}
{"ts": "2026-06-25 19:40:32", "action": "get_test_sequence_status", "status": "executed", "risk_level": "low", "arguments": {}, "message": "当前页面无测试序列。"}
{"ts": "2026-06-25 19:40:33", "action": "get_test_sequence_status", "status": "executed", "risk_level": "low", "arguments": {}, "message": "当前页面无测试序列。"}
{"ts": "2026-06-25 19:40:35", "action": "get_test_sequence_status", "status": "executed", "risk_level": "low", "arguments": {}, "message": "当前页面无测试序列。"}
{"ts": "2026-06-25 19:40:36", "action": "get_test_sequence_status", "status": "executed", "risk_level": "low", "arguments": {}, "message": "当前页面无测试序列。"}
{"ts": "2026-06-25 19:40:38", "action": "get_test_sequence_status", "status": "executed", "risk_level": "low", "arguments": {}, "message": "当前页面无测试序列。"}
{"ts": "2026-06-25 19:40:39", "action": "get_test_sequence_status", "status": "executed", "risk_level": "low", "arguments": {}, "message": "当前页面无测试序列。"}
{"ts": "2026-06-25 19:40:41", "action": "get_test_sequence_status", "status": "executed", "risk_level": "low", "arguments": {}, "message": "当前页面无测试序列。"}
{"ts": "2026-06-25 19:40:42", "action": "get_test_sequence_status", "status": "executed", "risk_level": "low", "arguments": {}, "message": "当前页面无测试序列。"}
{"ts": "2026-06-25 19:40:44", "action": "get_test_sequence_status", "status": "executed", "risk_level": "low", "arguments": {}, "message": "当前页面无测试序列。"}
{"ts": "2026-06-25 19:40:45", "action": "get_test_sequence_status", "status": "executed", "risk_level": "low", "arguments": {}, "message": "当前页面无测试序列。"}
{"ts": "2026-06-25 19:40:47", "action": "get_test_sequence_status", "status": "executed", "risk_level": "low", "arguments": {}, "message": "当前页面无测试序列。"}
{"ts": "2026-06-25 19:40:48", "action": "get_test_sequence_status", "status": "executed", "risk_level": "low", "arguments": {}, "message": "当前页面无测试序列。"}
{"ts": "2026-06-25 19:40:50", "action": "get_test_sequence_status", "status": "executed", "risk_level": "low", "arguments": {}, "message": "当前页面无测试序列。"}
{"ts": "2026-06-25 19:40:51", "action": "get_test_sequence_status", "status": "executed", "risk_level": "low", "arguments": {}, "message": "当前页面无测试序列。"}
{"ts": "2026-06-25 19:40:53", "action": "get_test_sequence_status", "status": "executed", "risk_level": "low", "arguments": {}, "message": "当前页面无测试序列。"}
{"ts": "2026-06-25 19:40:54", "action": "get_test_sequence_status", "status": "executed", "risk_level": "low", "arguments": {}, "message": "当前页面无测试序列。"}
{"ts": "2026-06-25 19:40:56", "action": "get_test_sequence_status", "status": "executed", "risk_level": "low", "arguments": {}, "message": "当前页面无测试序列。"}
{"ts": "2026-06-25 19:40:57", "action": "get_test_sequence_status", "status": "executed", "risk_level": "low", "arguments": {}, "message": "当前页面无测试序列。"}
{"ts": "2026-06-25 19:40:59", "action": "get_test_sequence_status", "status": "executed", "risk_level": "low", "arguments": {}, "message": "当前页面无测试序列。"}
{"ts": "2026-06-25 19:41:00", "action": "get_test_sequence_status", "status": "executed", "risk_level": "low", "arguments": {}, "message": "当前页面无测试序列。"}
{"ts": "2026-06-25 19:41:02", "action": "get_test_sequence_status", "status": "executed", "risk_level": "low", "arguments": {}, "message": "当前页面无测试序列。"}
{"ts": "2026-06-25 19:41:03", "action": "get_test_sequence_status", "status": "executed", "risk_level": "low", "arguments": {}, "message": "当前页面无测试序列。"}
{"ts": "2026-06-25 19:41:05", "action": "get_test_sequence_status", "status": "executed", "risk_level": "low", "arguments": {}, "message": "当前页面无测试序列。"}
{"ts": "2026-06-25 19:41:06", "action": "get_test_sequence_status", "status": "executed", "risk_level": "low", "arguments": {}, "message": "当前页面无测试序列。"}
{"ts": "2026-06-25 19:41:08", "action": "get_test_sequence_status", "status": "executed", "risk_level": "low", "arguments": {}, "message": "当前页面无测试序列。"}
{"ts": "2026-06-25 19:41:09", "action": "get_test_sequence_status", "status": "executed", "risk_level": "low", "arguments": {}, "message": "当前页面无测试序列。"}
{"ts": "2026-06-25 19:41:11", "action": "get_test_sequence_status", "status": "executed", "risk_level": "low", "arguments": {}, "message": "当前页面无测试序列。"}
{"ts": "2026-06-25 19:41:12", "action": "get_test_sequence_status", "status": "executed", "risk_level": "low", "arguments": {}, "message": "当前页面无测试序列。"}
{"ts": "2026-06-25 19:41:14", "action": "get_test_sequence_status", "status": "executed", "risk_level": "low", "arguments": {}, "message": "当前页面无测试序列。"}
{"ts": "2026-06-25 19:41:15", "action": "get_test_sequence_status", "status": "executed", "risk_level": "low", "arguments": {}, "message": "当前页面无测试序列。"}
{"ts": "2026-06-25 19:41:17", "action": "get_test_sequence_status", "status": "executed", "risk_level": "low", "arguments": {}, "message": "当前页面无测试序列。"}
{"ts": "2026-06-25 19:41:18", "action": "get_test_sequence_status", "status": "executed", "risk_level": "low", "arguments": {}, "message": "当前页面无测试序列。"}
{"ts": "2026-06-25 19:41:20", "action": "get_test_sequence_status", "status": "executed", "risk_level": "low", "arguments": {}, "message": "当前页面无测试序列。"}
{"ts": "2026-06-25 19:41:21", "action": "get_test_sequence_status", "status": "executed", "risk_level": "low", "arguments": {}, "message": "当前页面无测试序列。"}
{"ts": "2026-06-25 19:41:23", "action": "get_test_sequence_status", "status": "executed", "risk_level": "low", "arguments": {}, "message": "当前页面无测试序列。"}
{"ts": "2026-06-25 19:41:24", "action": "get_test_sequence_status", "status": "executed", "risk_level": "low", "arguments": {}, "message": "当前页面无测试序列。"}
{"ts": "2026-06-25 19:41:26", "action": "get_test_sequence_status", "status": "executed", "risk_level": "low", "arguments": {}, "message": "当前页面无测试序列。"}
{"ts": "2026-06-25 19:41:27", "action": "get_test_sequence_status", "status": "executed", "risk_level": "low", "arguments": {}, "message": "当前页面无测试序列。"}
{"ts": "2026-06-25 19:41:29", "action": "get_test_sequence_status", "status": "executed", "risk_level": "low", "arguments": {}, "message": "当前页面无测试序列。"}
{"ts": "2026-06-25 19:41:30", "action": "get_test_sequence_status", "status": "executed", "risk_level": "low", "arguments": {}, "message": "当前页面无测试序列。"}
{"ts": "2026-06-25 19:41:32", "action": "get_test_sequence_status", "status": "executed", "risk_level": "low", "arguments": {}, "message": "当前页面无测试序列。"}
{"ts": "2026-06-25 19:41:33", "action": "get_test_sequence_status", "status": "executed", "risk_level": "low", "arguments": {}, "message": "当前页面无测试序列。"}
{"ts": "2026-06-25 19:41:35", "action": "get_test_sequence_status", "status": "executed", "risk_level": "low", "arguments": {}, "message": "当前页面无测试序列。"}
{"ts": "2026-06-25 19:41:36", "action": "get_test_sequence_status", "status": "executed", "risk_level": "low", "arguments": {}, "message": "当前页面无测试序列。"}
{"ts": "2026-06-25 19:41:38", "action": "get_test_sequence_status", "status": "executed", "risk_level": "low", "arguments": {}, "message": "当前页面无测试序列。"}
{"ts": "2026-06-25 19:41:39", "action": "get_test_sequence_status", "status": "executed", "risk_level": "low", "arguments": {}, "message": "当前页面无测试序列。"}
{"ts": "2026-06-25 19:41:41", "action": "get_test_sequence_status", "status": "executed", "risk_level": "low", "arguments": {}, "message": "当前页面无测试序列。"}
{"ts": "2026-06-25 19:41:42", "action": "get_test_sequence_status", "status": "executed", "risk_level": "low", "arguments": {}, "message": "当前页面无测试序列。"}
{"ts": "2026-06-25 19:41:44", "action": "get_test_sequence_status", "status": "executed", "risk_level": "low", "arguments": {}, "message": "当前页面无测试序列。"}
{"ts": "2026-06-25 19:41:45", "action": "get_test_sequence_status", "status": "executed", "risk_level": "low", "arguments": {}, "message": "当前页面无测试序列。"}
{"ts": "2026-06-25 19:41:47", "action": "get_test_sequence_status", "status": "executed", "risk_level": "low", "arguments": {}, "message": "当前页面无测试序列。"}
{"ts": "2026-06-25 19:41:48", "action": "get_test_sequence_status", "status": "executed", "risk_level": "low", "arguments": {}, "message": "当前页面无测试序列。"}
{"ts": "2026-06-25 19:41:50", "action": "get_test_sequence_status", "status": "executed", "risk_level": "low", "arguments": {}, "message": "当前页面无测试序列。"}
{"ts": "2026-06-25 19:41:51", "action": "get_test_sequence_status", "status": "executed", "risk_level": "low", "arguments": {}, "message": "当前页面无测试序列。"}
{"ts": "2026-06-25 19:41:53", "action": "get_test_sequence_status", "status": "executed", "risk_level": "low", "arguments": {}, "message": "当前页面无测试序列。"}
{"ts": "2026-06-25 19:41:54", "action": "get_test_sequence_status", "status": "executed", "risk_level": "low", "arguments": {}, "message": "当前页面无测试序列。"}
{"ts": "2026-06-25 19:41:56", "action": "get_test_sequence_status", "status": "executed", "risk_level": "low", "arguments": {}, "message": "当前页面无测试序列。"}
{"ts": "2026-06-25 19:41:57", "action": "get_test_sequence_status", "status": "executed", "risk_level": "low", "arguments": {}, "message": "当前页面无测试序列。"}
{"ts": "2026-06-25 19:41:59", "action": "get_test_sequence_status", "status": "executed", "risk_level": "low", "arguments": {}, "message": "当前页面无测试序列。"}
{"ts": "2026-06-25 19:42:00", "action": "get_test_sequence_status", "status": "executed", "risk_level": "low", "arguments": {}, "message": "当前页面无测试序列。"}
{"ts": "2026-06-25 19:42:02", "action": "get_test_sequence_status", "status": "executed", "risk_level": "low", "arguments": {}, "message": "当前页面无测试序列。"}
{"ts": "2026-06-25 19:42:03", "action": "get_test_sequence_status", "status": "executed", "risk_level": "low", "arguments": {}, "message": "当前页面无测试序列。"}
{"ts": "2026-06-25 19:42:05", "action": "get_test_sequence_status", "status": "executed", "risk_level": "low", "arguments": {}, "message": "当前页面无测试序列。"}
{"ts": "2026-06-25 19:42:06", "action": "get_task_result", "status": "executed", "risk_level": "low", "arguments": {"task_id": "T-0001"}, "message": "任务 T-0001 当前状态：pending。"}
{"ts": "2026-06-25 19:42:06", "action": "get_test_sequence_status", "status": "executed", "risk_level": "low", "arguments": {}, "message": "当前页面无测试序列。"}
{"ts": "2026-06-25 19:42:06", "action": "get_test_sequence_status", "status": "executed", "risk_level": "low", "arguments": {}, "message": "当前页面无测试序列。"}
{"ts": "2026-06-25 19:42:08", "action": "get_test_sequence_status", "status": "executed", "risk_level": "low", "arguments": {}, "message": "当前页面无测试序列。"}
{"ts": "2026-06-25 19:42:09", "action": "get_test_sequence_status", "status": "executed", "risk_level": "low", "arguments": {}, "message": "当前页面无测试序列。"}
{"ts": "2026-06-25 19:42:11", "action": "get_test_sequence_status", "status": "executed", "risk_level": "low", "arguments": {}, "message": "当前页面无测试序列。"}
{"ts": "2026-06-25 19:42:12", "action": "get_test_sequence_status", "status": "executed", "risk_level": "low", "arguments": {}, "message": "当前页面无测试序列。"}
{"ts": "2026-06-25 19:42:14", "action": "get_test_sequence_status", "status": "executed", "risk_level": "low", "arguments": {}, "message": "当前页面无测试序列。"}
{"ts": "2026-06-25 19:42:15", "action": "get_test_sequence_status", "status": "executed", "risk_level": "low", "arguments": {}, "message": "当前页面无测试序列。"}
{"ts": "2026-06-25 19:42:17", "action": "get_test_sequence_status", "status": "executed", "risk_level": "low", "arguments": {}, "message": "当前页面无测试序列。"}
{"ts": "2026-06-25 19:42:18", "action": "get_test_sequence_status", "status": "executed", "risk_level": "low", "arguments": {}, "message": "当前页面无测试序列。"}
{"ts": "2026-06-25 19:42:20", "action": "get_test_sequence_status", "status": "executed", "risk_level": "low", "arguments": {}, "message": "当前页面无测试序列。"}
{"ts": "2026-06-25 19:42:21", "action": "get_test_sequence_status", "status": "executed", "risk_level": "low", "arguments": {}, "message": "当前页面无测试序列。"}
{"ts": "2026-06-25 19:42:23", "action": "get_test_sequence_status", "status": "executed", "risk_level": "low", "arguments": {}, "message": "当前页面无测试序列。"}
{"ts": "2026-06-25 19:42:24", "action": "get_test_sequence_status", "status": "executed", "risk_level": "low", "arguments": {}, "message": "当前页面无测试序列。"}
{"ts": "2026-06-25 19:42:26", "action": "get_test_sequence_status", "status": "executed", "risk_level": "low", "arguments": {}, "message": "当前页面无测试序列。"}
{"ts": "2026-06-25 19:42:27", "action": "get_test_sequence_status", "status": "executed", "risk_level": "low", "arguments": {}, "message": "当前页面无测试序列。"}
{"ts": "2026-06-25 19:42:29", "action": "get_test_sequence_status", "status": "executed", "risk_level": "low", "arguments": {}, "message": "当前页面无测试序列。"}
{"ts": "2026-06-25 19:42:30", "action": "get_test_sequence_status", "status": "executed", "risk_level": "low", "arguments": {}, "message": "当前页面无测试序列。"}
{"ts": "2026-06-25 19:42:32", "action": "get_test_sequence_status", "status": "executed", "risk_level": "low", "arguments": {}, "message": "当前页面无测试序列。"}
{"ts": "2026-06-25 19:42:33", "action": "get_test_sequence_status", "status": "executed", "risk_level": "low", "arguments": {}, "message": "当前页面无测试序列。"}
{"ts": "2026-06-25 19:42:35", "action": "get_test_sequence_status", "status": "executed", "risk_level": "low", "arguments": {}, "message": "当前页面无测试序列。"}
{"ts": "2026-06-25 19:42:36", "action": "get_test_sequence_status", "status": "executed", "risk_level": "low", "arguments": {}, "message": "当前页面无测试序列。"}
{"ts": "2026-06-25 19:42:38", "action": "get_test_sequence_status", "status": "executed", "risk_level": "low", "arguments": {}, "message": "当前页面无测试序列。"}
{"ts": "2026-06-25 19:42:39", "action": "get_test_sequence_status", "status": "executed", "risk_level": "low", "arguments": {}, "message": "当前页面无测试序列。"}
{"ts": "2026-06-25 19:42:41", "action": "get_test_sequence_status", "status": "executed", "risk_level": "low", "arguments": {}, "message": "当前页面无测试序列。"}
{"ts": "2026-06-25 19:42:42", "action": "get_test_sequence_status", "status": "executed", "risk_level": "low", "arguments": {}, "message": "当前页面无测试序列。"}
{"ts": "2026-06-25 19:42:44", "action": "get_test_sequence_status", "status": "executed", "risk_level": "low", "arguments": {}, "message": "当前页面无测试序列。"}
{"ts": "2026-06-25 19:42:45", "action": "get_test_sequence_status", "status": "executed", "risk_level": "low", "arguments": {}, "message": "当前页面无测试序列。"}
{"ts": "2026-06-25 19:42:47", "action": "get_test_sequence_status", "status": "executed", "risk_level": "low", "arguments": {}, "message": "当前页面无测试序列。"}
{"ts": "2026-06-25 19:42:48", "action": "get_test_sequence_status", "status": "executed", "risk_level": "low", "arguments": {}, "message": "当前页面无测试序列。"}
{"ts": "2026-06-25 19:42:50", "action": "get_test_sequence_status", "status": "executed", "risk_level": "low", "arguments": {}, "message": "当前页面无测试序列。"}
{"ts": "2026-06-25 19:42:51", "action": "get_test_sequence_status", "status": "executed", "risk_level": "low", "arguments": {}, "message": "当前页面无测试序列。"}
{"ts": "2026-06-25 19:42:53", "action": "get_test_sequence_status", "status": "executed", "risk_level": "low", "arguments": {}, "message": "当前页面无测试序列。"}
{"ts": "2026-06-25 19:42:54", "action": "get_test_sequence_status", "status": "executed", "risk_level": "low", "arguments": {}, "message": "当前页面无测试序列。"}
{"ts": "2026-06-25 19:42:56", "action": "get_test_sequence_status", "status": "executed", "risk_level": "low", "arguments": {}, "message": "当前页面无测试序列。"}
{"ts": "2026-06-25 19:42:57", "action": "get_test_sequence_status", "status": "executed", "risk_level": "low", "arguments": {}, "message": "当前页面无测试序列。"}
{"ts": "2026-06-25 19:42:59", "action": "get_test_sequence_status", "status": "executed", "risk_level": "low", "arguments": {}, "message": "当前页面无测试序列。"}
{"ts": "2026-06-25 19:43:00", "action": "get_test_sequence_status", "status": "executed", "risk_level": "low", "arguments": {}, "message": "当前页面无测试序列。"}
{"ts": "2026-06-25 19:43:02", "action": "get_test_sequence_status", "status": "executed", "risk_level": "low", "arguments": {}, "message": "当前页面无测试序列。"}
{"ts": "2026-06-25 19:43:03", "action": "get_test_sequence_status", "status": "executed", "risk_level": "low", "arguments": {}, "message": "当前页面无测试序列。"}
{"ts": "2026-06-25 19:43:05", "action": "get_test_sequence_status", "status": "executed", "risk_level": "low", "arguments": {}, "message": "当前页面无测试序列。"}
{"ts": "2026-06-25 19:43:05", "action": "get_test_result_summary", "status": "executed", "risk_level": "low", "arguments": {}, "message": ""}
{"ts": "2026-06-25 19:43:06", "action": "get_current_test_config", "status": "executed", "risk_level": "low", "arguments": {}, "message": ""}
{"ts": "2026-06-25 19:43:06", "action": "get_test_sequence_status", "status": "executed", "risk_level": "low", "arguments": {}, "message": "当前页面无测试序列。"}
{"ts": "2026-06-25 19:43:08", "action": "get_test_sequence_status", "status": "executed", "risk_level": "low", "arguments": {}, "message": "当前页面无测试序列。"}
{"ts": "2026-06-25 19:43:09", "action": "get_test_sequence_status", "status": "executed", "risk_level": "low", "arguments": {}, "message": "当前页面无测试序列。"}
{"ts": "2026-06-25 19:43:11", "action": "get_test_sequence_status", "status": "executed", "risk_level": "low", "arguments": {}, "message": "当前页面无测试序列。"}
{"ts": "2026-06-25 19:43:12", "action": "get_test_sequence_status", "status": "executed", "risk_level": "low", "arguments": {}, "message": "当前页面无测试序列。"}
{"ts": "2026-06-25 19:43:14", "action": "get_test_sequence_status", "status": "executed", "risk_level": "low", "arguments": {}, "message": "当前页面无测试序列。"}
{"ts": "2026-06-25 19:43:15", "action": "get_test_sequence_status", "status": "executed", "risk_level": "low", "arguments": {}, "message": "当前页面无测试序列。"}
{"ts": "2026-06-25 19:43:17", "action": "get_test_sequence_status", "status": "executed", "risk_level": "low", "arguments": {}, "message": "当前页面无测试序列。"}
{"ts": "2026-06-25 19:43:18", "action": "get_test_sequence_status", "status": "executed", "risk_level": "low", "arguments": {}, "message": "当前页面无测试序列。"}
{"ts": "2026-06-25 19:43:20", "action": "get_test_sequence_status", "status": "executed", "risk_level": "low", "arguments": {}, "message": "当前页面无测试序列。"}
{"ts": "2026-06-25 19:43:21", "action": "get_test_sequence_status", "status": "executed", "risk_level": "low", "arguments": {}, "message": "当前页面无测试序列。"}
{"ts": "2026-06-25 19:43:23", "action": "get_test_sequence_status", "status": "executed", "risk_level": "low", "arguments": {}, "message": "当前页面无测试序列。"}
{"ts": "2026-06-25 19:43:24", "action": "get_test_sequence_status", "status": "executed", "risk_level": "low", "arguments": {}, "message": "当前页面无测试序列。"}
{"ts": "2026-06-25 19:43:26", "action": "get_test_sequence_status", "status": "executed", "risk_level": "low", "arguments": {}, "message": "当前页面无测试序列。"}
{"ts": "2026-06-25 19:43:27", "action": "get_test_sequence_status", "status": "executed", "risk_level": "low", "arguments": {}, "message": "当前页面无测试序列。"}
{"ts": "2026-06-25 19:43:29", "action": "get_test_sequence_status", "status": "executed", "risk_level": "low", "arguments": {}, "message": "当前页面无测试序列。"}
{"ts": "2026-06-25 19:43:30", "action": "get_test_sequence_status", "status": "executed", "risk_level": "low", "arguments": {}, "message": "当前页面无测试序列。"}
{"ts": "2026-06-25 19:43:32", "action": "get_test_sequence_status", "status": "executed", "risk_level": "low", "arguments": {}, "message": "当前页面无测试序列。"}
{"ts": "2026-06-25 19:43:33", "action": "get_test_sequence_status", "status": "executed", "risk_level": "low", "arguments": {}, "message": "当前页面无测试序列。"}
{"ts": "2026-06-25 19:43:35", "action": "get_test_sequence_status", "status": "executed", "risk_level": "low", "arguments": {}, "message": "当前页面无测试序列。"}
{"ts": "2026-06-25 19:43:36", "action": "get_test_sequence_status", "status": "executed", "risk_level": "low", "arguments": {}, "message": "当前页面无测试序列。"}
{"ts": "2026-06-25 19:43:38", "action": "get_test_sequence_status", "status": "executed", "risk_level": "low", "arguments": {}, "message": "当前页面无测试序列。"}
{"ts": "2026-06-25 19:43:39", "action": "get_test_sequence_status", "status": "executed", "risk_level": "low", "arguments": {}, "message": "当前页面无测试序列。"}
{"ts": "2026-06-25 19:43:41", "action": "get_test_sequence_status", "status": "executed", "risk_level": "low", "arguments": {}, "message": "当前页面无测试序列。"}
{"ts": "2026-06-25 19:43:42", "action": "get_test_sequence_status", "status": "executed", "risk_level": "low", "arguments": {}, "message": "当前页面无测试序列。"}
{"ts": "2026-06-25 19:43:44", "action": "get_test_sequence_status", "status": "executed", "risk_level": "low", "arguments": {}, "message": "当前页面无测试序列。"}
{"ts": "2026-06-25 19:43:45", "action": "get_test_sequence_status", "status": "executed", "risk_level": "low", "arguments": {}, "message": "当前页面无测试序列。"}
{"ts": "2026-06-25 19:43:47", "action": "get_test_sequence_status", "status": "executed", "risk_level": "low", "arguments": {}, "message": "当前页面无测试序列。"}
{"ts": "2026-06-25 19:43:48", "action": "get_test_sequence_status", "status": "executed", "risk_level": "low", "arguments": {}, "message": "当前页面无测试序列。"}
{"ts": "2026-06-25 19:43:50", "action": "get_test_sequence_status", "status": "executed", "risk_level": "low", "arguments": {}, "message": "当前页面无测试序列。"}
{"ts": "2026-06-25 19:43:51", "action": "get_test_sequence_status", "status": "executed", "risk_level": "low", "arguments": {}, "message": "当前页面无测试序列。"}
{"ts": "2026-06-25 19:43:53", "action": "get_test_sequence_status", "status": "executed", "risk_level": "low", "arguments": {}, "message": "当前页面无测试序列。"}
{"ts": "2026-06-25 19:43:54", "action": "get_test_sequence_status", "status": "executed", "risk_level": "low", "arguments": {}, "message": "当前页面无测试序列。"}
{"ts": "2026-06-25 19:43:56", "action": "get_test_sequence_status", "status": "executed", "risk_level": "low", "arguments": {}, "message": "当前页面无测试序列。"}
{"ts": "2026-06-25 19:43:57", "action": "get_test_sequence_status", "status": "executed", "risk_level": "low", "arguments": {}, "message": "当前页面无测试序列。"}
{"ts": "2026-06-25 19:43:59", "action": "get_test_sequence_status", "status": "executed", "risk_level": "low", "arguments": {}, "message": "当前页面无测试序列。"}
{"ts": "2026-06-25 19:44:00", "action": "get_test_sequence_status", "status": "executed", "risk_level": "low", "arguments": {}, "message": "当前页面无测试序列。"}
{"ts": "2026-06-25 19:44:02", "action": "get_test_sequence_status", "status": "executed", "risk_level": "low", "arguments": {}, "message": "当前页面无测试序列。"}
{"ts": "2026-06-25 19:44:03", "action": "get_test_sequence_status", "status": "executed", "risk_level": "low", "arguments": {}, "message": "当前页面无测试序列。"}
{"ts": "2026-06-25 19:44:05", "action": "get_test_sequence_status", "status": "executed", "risk_level": "low", "arguments": {}, "message": "当前页面无测试序列。"}
{"ts": "2026-06-25 19:44:06", "action": "get_test_sequence_status", "status": "executed", "risk_level": "low", "arguments": {}, "message": "当前页面无测试序列。"}
{"ts": "2026-06-25 19:44:08", "action": "get_test_sequence_status", "status": "executed", "risk_level": "low", "arguments": {}, "message": "当前页面无测试序列。"}
{"ts": "2026-06-25 19:44:09", "action": "get_test_sequence_status", "status": "executed", "risk_level": "low", "arguments": {}, "message": "当前页面无测试序列。"}
{"ts": "2026-06-25 19:44:11", "action": "get_test_sequence_status", "status": "executed", "risk_level": "low", "arguments": {}, "message": "当前页面无测试序列。"}
{"ts": "2026-06-25 19:44:12", "action": "get_test_sequence_status", "status": "executed", "risk_level": "low", "arguments": {}, "message": "当前页面无测试序列。"}
{"ts": "2026-06-25 19:44:14", "action": "get_test_sequence_status", "status": "executed", "risk_level": "low", "arguments": {}, "message": "当前页面无测试序列。"}
{"ts": "2026-06-25 19:44:15", "action": "get_test_sequence_status", "status": "executed", "risk_level": "low", "arguments": {}, "message": "当前页面无测试序列。"}
{"ts": "2026-06-25 19:44:17", "action": "get_test_sequence_status", "status": "executed", "risk_level": "low", "arguments": {}, "message": "当前页面无测试序列。"}
{"ts": "2026-06-25 19:44:18", "action": "get_test_sequence_status", "status": "executed", "risk_level": "low", "arguments": {}, "message": "当前页面无测试序列。"}
{"ts": "2026-06-25 19:44:20", "action": "get_test_sequence_status", "status": "executed", "risk_level": "low", "arguments": {}, "message": "当前页面无测试序列。"}
{"ts": "2026-06-25 19:44:21", "action": "get_test_sequence_status", "status": "executed", "risk_level": "low", "arguments": {}, "message": "当前页面无测试序列。"}
{"ts": "2026-06-25 19:44:23", "action": "get_test_sequence_status", "status": "executed", "risk_level": "low", "arguments": {}, "message": "当前页面无测试序列。"}
{"ts": "2026-06-25 19:44:24", "action": "get_test_sequence_status", "status": "executed", "risk_level": "low", "arguments": {}, "message": "当前页面无测试序列。"}
{"ts": "2026-06-25 19:44:26", "action": "get_test_sequence_status", "status": "executed", "risk_level": "low", "arguments": {}, "message": "当前页面无测试序列。"}
{"ts": "2026-06-25 19:44:27", "action": "get_test_sequence_status", "status": "executed", "risk_level": "low", "arguments": {}, "message": "当前页面无测试序列。"}
{"ts": "2026-06-25 19:44:29", "action": "get_test_sequence_status", "status": "executed", "risk_level": "low", "arguments": {}, "message": "当前页面无测试序列。"}
{"ts": "2026-06-25 19:44:30", "action": "get_test_sequence_status", "status": "executed", "risk_level": "low", "arguments": {}, "message": "当前页面无测试序列。"}
{"ts": "2026-06-25 19:44:32", "action": "get_test_sequence_status", "status": "executed", "risk_level": "low", "arguments": {}, "message": "当前页面无测试序列。"}
{"ts": "2026-06-25 19:44:33", "action": "get_test_sequence_status", "status": "executed", "risk_level": "low", "arguments": {}, "message": "当前页面无测试序列。"}
{"ts": "2026-06-25 19:44:35", "action": "get_test_sequence_status", "status": "executed", "risk_level": "low", "arguments": {}, "message": "当前页面无测试序列。"}
{"ts": "2026-06-25 19:44:36", "action": "get_test_sequence_status", "status": "executed", "risk_level": "low", "arguments": {}, "message": "当前页面无测试序列。"}
{"ts": "2026-06-25 19:44:38", "action": "get_test_sequence_status", "status": "executed", "risk_level": "low", "arguments": {}, "message": "当前页面无测试序列。"}
{"ts": "2026-06-25 19:44:39", "action": "get_test_sequence_status", "status": "executed", "risk_level": "low", "arguments": {}, "message": "当前页面无测试序列。"}
{"ts": "2026-06-25 19:44:41", "action": "get_test_sequence_status", "status": "executed", "risk_level": "low", "arguments": {}, "message": "当前页面无测试序列。"}
{"ts": "2026-06-25 19:44:42", "action": "get_test_sequence_status", "status": "executed", "risk_level": "low", "arguments": {}, "message": "当前页面无测试序列。"}
{"ts": "2026-06-25 19:44:44", "action": "get_test_sequence_status", "status": "executed", "risk_level": "low", "arguments": {}, "message": "当前页面无测试序列。"}
{"ts": "2026-06-25 19:44:45", "action": "get_test_sequence_status", "status": "executed", "risk_level": "low", "arguments": {}, "message": "当前页面无测试序列。"}
{"ts": "2026-06-25 19:44:47", "action": "get_test_sequence_status", "status": "executed", "risk_level": "low", "arguments": {}, "message": "当前页面无测试序列。"}
{"ts": "2026-06-25 19:44:48", "action": "get_test_sequence_status", "status": "executed", "risk_level": "low", "arguments": {}, "message": "当前页面无测试序列。"}
{"ts": "2026-06-25 19:44:50", "action": "get_test_sequence_status", "status": "executed", "risk_level": "low", "arguments": {}, "message": "当前页面无测试序列。"}
{"ts": "2026-06-25 19:44:51", "action": "get_test_sequence_status", "status": "executed", "risk_level": "low", "arguments": {}, "message": "当前页面无测试序列。"}
{"ts": "2026-06-25 19:44:53", "action": "get_test_sequence_status", "status": "executed", "risk_level": "low", "arguments": {}, "message": "当前页面无测试序列。"}
{"ts": "2026-06-25 19:44:54", "action": "get_test_sequence_status", "status": "executed", "risk_level": "low", "arguments": {}, "message": "当前页面无测试序列。"}
{"ts": "2026-06-25 19:44:56", "action": "get_test_sequence_status", "status": "executed", "risk_level": "low", "arguments": {}, "message": "当前页面无测试序列。"}
{"ts": "2026-06-25 19:44:57", "action": "get_test_sequence_status", "status": "executed", "risk_level": "low", "arguments": {}, "message": "当前页面无测试序列。"}
{"ts": "2026-06-25 19:44:59", "action": "get_test_sequence_status", "status": "executed", "risk_level": "low", "arguments": {}, "message": "当前页面无测试序列。"}
{"ts": "2026-06-25 19:45:00", "action": "get_test_sequence_status", "status": "executed", "risk_level": "low", "arguments": {}, "message": "当前页面无测试序列。"}
{"ts": "2026-06-25 19:45:02", "action": "get_test_sequence_status", "status": "executed", "risk_level": "low", "arguments": {}, "message": "当前页面无测试序列。"}
{"ts": "2026-06-25 19:45:03", "action": "get_test_sequence_status", "status": "executed", "risk_level": "low", "arguments": {}, "message": "当前页面无测试序列。"}
{"ts": "2026-06-25 19:45:05", "action": "get_test_sequence_status", "status": "executed", "risk_level": "low", "arguments": {}, "message": "当前页面无测试序列。"}
{"ts": "2026-06-25 19:45:06", "action": "get_test_sequence_status", "status": "executed", "risk_level": "low", "arguments": {}, "message": "当前页面无测试序列。"}
{"ts": "2026-06-25 19:45:08", "action": "get_test_sequence_status", "status": "executed", "risk_level": "low", "arguments": {}, "message": "当前页面无测试序列。"}
{"ts": "2026-06-25 19:45:09", "action": "get_test_sequence_status", "status": "executed", "risk_level": "low", "arguments": {}, "message": "当前页面无测试序列。"}
{"ts": "2026-06-25 19:45:11", "action": "get_test_sequence_status", "status": "executed", "risk_level": "low", "arguments": {}, "message": "当前页面无测试序列。"}
{"ts": "2026-06-25 19:45:12", "action": "get_test_sequence_status", "status": "executed", "risk_level": "low", "arguments": {}, "message": "当前页面无测试序列。"}
{"ts": "2026-06-25 19:45:14", "action": "get_test_sequence_status", "status": "executed", "risk_level": "low", "arguments": {}, "message": "当前页面无测试序列。"}
{"ts": "2026-06-25 19:45:15", "action": "get_test_sequence_status", "status": "executed", "risk_level": "low", "arguments": {}, "message": "当前页面无测试序列。"}
{"ts": "2026-06-25 19:45:17", "action": "get_test_sequence_status", "status": "executed", "risk_level": "low", "arguments": {}, "message": "当前页面无测试序列。"}
{"ts": "2026-06-25 19:45:18", "action": "get_test_sequence_status", "status": "executed", "risk_level": "low", "arguments": {}, "message": "当前页面无测试序列。"}
{"ts": "2026-06-25 19:45:20", "action": "get_test_sequence_status", "status": "executed", "risk_level": "low", "arguments": {}, "message": "当前页面无测试序列。"}
{"ts": "2026-06-25 19:45:21", "action": "get_test_sequence_status", "status": "executed", "risk_level": "low", "arguments": {}, "message": "当前页面无测试序列。"}
{"ts": "2026-06-25 19:45:23", "action": "get_test_sequence_status", "status": "executed", "risk_level": "low", "arguments": {}, "message": "当前页面无测试序列。"}
{"ts": "2026-06-25 19:45:24", "action": "get_test_sequence_status", "status": "executed", "risk_level": "low", "arguments": {}, "message": "当前页面无测试序列。"}
{"ts": "2026-06-25 19:45:26", "action": "get_test_sequence_status", "status": "executed", "risk_level": "low", "arguments": {}, "message": "当前页面无测试序列。"}
{"ts": "2026-06-25 19:45:27", "action": "get_test_sequence_status", "status": "executed", "risk_level": "low", "arguments": {}, "message": "当前页面无测试序列。"}
{"ts": "2026-06-25 19:45:29", "action": "get_test_sequence_status", "status": "executed", "risk_level": "low", "arguments": {}, "message": "当前页面无测试序列。"}
{"ts": "2026-06-25 19:45:30", "action": "get_test_sequence_status", "status": "executed", "risk_level": "low", "arguments": {}, "message": "当前页面无测试序列。"}
{"ts": "2026-06-25 19:45:32", "action": "get_test_sequence_status", "status": "executed", "risk_level": "low", "arguments": {}, "message": "当前页面无测试序列。"}
{"ts": "2026-06-25 19:45:33", "action": "get_test_sequence_status", "status": "executed", "risk_level": "low", "arguments": {}, "message": "当前页面无测试序列。"}
{"ts": "2026-06-25 19:45:35", "action": "get_test_sequence_status", "status": "executed", "risk_level": "low", "arguments": {}, "message": "当前页面无测试序列。"}
{"ts": "2026-06-25 19:45:36", "action": "get_test_sequence_status", "status": "executed", "risk_level": "low", "arguments": {}, "message": "当前页面无测试序列。"}
{"ts": "2026-06-25 19:45:38", "action": "get_test_sequence_status", "status": "executed", "risk_level": "low", "arguments": {}, "message": "当前页面无测试序列。"}
{"ts": "2026-06-25 19:45:39", "action": "get_test_sequence_status", "status": "executed", "risk_level": "low", "arguments": {}, "message": "当前页面无测试序列。"}
{"ts": "2026-06-25 19:45:41", "action": "get_test_sequence_status", "status": "executed", "risk_level": "low", "arguments": {}, "message": "当前页面无测试序列。"}
{"ts": "2026-06-25 19:45:42", "action": "get_test_sequence_status", "status": "executed", "risk_level": "low", "arguments": {}, "message": "当前页面无测试序列。"}
{"ts": "2026-06-25 19:45:44", "action": "get_test_sequence_status", "status": "executed", "risk_level": "low", "arguments": {}, "message": "当前页面无测试序列。"}
{"ts": "2026-06-25 19:45:45", "action": "get_test_sequence_status", "status": "executed", "risk_level": "low", "arguments": {}, "message": "当前页面无测试序列。"}
{"ts": "2026-06-25 19:45:47", "action": "get_test_sequence_status", "status": "executed", "risk_level": "low", "arguments": {}, "message": "当前页面无测试序列。"}
{"ts": "2026-06-25 19:45:48", "action": "get_test_sequence_status", "status": "executed", "risk_level": "low", "arguments": {}, "message": "当前页面无测试序列。"}
{"ts": "2026-06-25 19:45:50", "action": "get_test_sequence_status", "status": "executed", "risk_level": "low", "arguments": {}, "message": "当前页面无测试序列。"}
{"ts": "2026-06-25 19:45:51", "action": "get_test_sequence_status", "status": "executed", "risk_level": "low", "arguments": {}, "message": "当前页面无测试序列。"}
{"ts": "2026-06-25 19:45:53", "action": "get_test_sequence_status", "status": "executed", "risk_level": "low", "arguments": {}, "message": "当前页面无测试序列。"}
{"ts": "2026-06-25 19:45:54", "action": "get_test_sequence_status", "status": "executed", "risk_level": "low", "arguments": {}, "message": "当前页面无测试序列。"}
{"ts": "2026-06-25 19:45:56", "action": "get_test_sequence_status", "status": "executed", "risk_level": "low", "arguments": {}, "message": "当前页面无测试序列。"}
{"ts": "2026-06-25 19:45:57", "action": "get_test_sequence_status", "status": "executed", "risk_level": "low", "arguments": {}, "message": "当前页面无测试序列。"}
{"ts": "2026-06-25 19:45:59", "action": "get_test_sequence_status", "status": "executed", "risk_level": "low", "arguments": {}, "message": "当前页面无测试序列。"}
{"ts": "2026-06-25 19:46:00", "action": "get_test_sequence_status", "status": "executed", "risk_level": "low", "arguments": {}, "message": "当前页面无测试序列。"}
{"ts": "2026-06-25 19:46:02", "action": "get_test_sequence_status", "status": "executed", "risk_level": "low", "arguments": {}, "message": "当前页面无测试序列。"}
{"ts": "2026-06-25 19:46:03", "action": "get_test_sequence_status", "status": "executed", "risk_level": "low", "arguments": {}, "message": "当前页面无测试序列。"}
{"ts": "2026-06-25 19:46:05", "action": "get_test_sequence_status", "status": "executed", "risk_level": "low", "arguments": {}, "message": "当前页面无测试序列。"}
{"ts": "2026-06-25 19:46:06", "action": "get_test_sequence_status", "status": "executed", "risk_level": "low", "arguments": {}, "message": "当前页面无测试序列。"}
{"ts": "2026-06-25 19:46:08", "action": "get_test_sequence_status", "status": "executed", "risk_level": "low", "arguments": {}, "message": "当前页面无测试序列。"}
{"ts": "2026-06-25 19:46:09", "action": "get_test_sequence_status", "status": "executed", "risk_level": "low", "arguments": {}, "message": "当前页面无测试序列。"}
{"ts": "2026-06-25 19:46:11", "action": "get_test_sequence_status", "status": "executed", "risk_level": "low", "arguments": {}, "message": "当前页面无测试序列。"}
{"ts": "2026-06-25 19:46:12", "action": "get_test_sequence_status", "status": "executed", "risk_level": "low", "arguments": {}, "message": "当前页面无测试序列。"}
{"ts": "2026-06-25 19:46:14", "action": "get_test_sequence_status", "status": "executed", "risk_level": "low", "arguments": {}, "message": "当前页面无测试序列。"}
{"ts": "2026-06-25 19:46:15", "action": "get_test_sequence_status", "status": "executed", "risk_level": "low", "arguments": {}, "message": "当前页面无测试序列。"}
{"ts": "2026-06-25 19:46:17", "action": "get_test_sequence_status", "status": "executed", "risk_level": "low", "arguments": {}, "message": "当前页面无测试序列。"}
{"ts": "2026-06-25 19:46:18", "action": "get_test_sequence_status", "status": "executed", "risk_level": "low", "arguments": {}, "message": "当前页面无测试序列。"}
{"ts": "2026-06-25 19:46:20", "action": "get_test_sequence_status", "status": "executed", "risk_level": "low", "arguments": {}, "message": "当前页面无测试序列。"}
{"ts": "2026-06-25 19:46:21", "action": "get_test_sequence_status", "status": "executed", "risk_level": "low", "arguments": {}, "message": "当前页面无测试序列。"}
{"ts": "2026-06-25 19:46:23", "action": "get_test_sequence_status", "status": "executed", "risk_level": "low", "arguments": {}, "message": "当前页面无测试序列。"}
{"ts": "2026-06-25 19:46:24", "action": "get_test_sequence_status", "status": "executed", "risk_level": "low", "arguments": {}, "message": "当前页面无测试序列。"}
{"ts": "2026-06-25 19:46:26", "action": "get_test_sequence_status", "status": "executed", "risk_level": "low", "arguments": {}, "message": "当前页面无测试序列。"}
{"ts": "2026-06-25 19:46:27", "action": "get_test_sequence_status", "status": "executed", "risk_level": "low", "arguments": {}, "message": "当前页面无测试序列。"}
{"ts": "2026-06-25 19:46:29", "action": "get_test_sequence_status", "status": "executed", "risk_level": "low", "arguments": {}, "message": "当前页面无测试序列。"}
{"ts": "2026-06-25 19:46:30", "action": "get_test_sequence_status", "status": "executed", "risk_level": "low", "arguments": {}, "message": "当前页面无测试序列。"}
{"ts": "2026-06-25 19:46:32", "action": "get_test_sequence_status", "status": "executed", "risk_level": "low", "arguments": {}, "message": "当前页面无测试序列。"}
{"ts": "2026-06-25 19:46:33", "action": "get_test_sequence_status", "status": "executed", "risk_level": "low", "arguments": {}, "message": "当前页面无测试序列。"}
{"ts": "2026-06-25 19:46:35", "action": "get_test_sequence_status", "status": "executed", "risk_level": "low", "arguments": {}, "message": "当前页面无测试序列。"}
{"ts": "2026-06-25 19:46:36", "action": "get_test_sequence_status", "status": "executed", "risk_level": "low", "arguments": {}, "message": "当前页面无测试序列。"}
{"ts": "2026-06-25 19:46:38", "action": "get_test_sequence_status", "status": "executed", "risk_level": "low", "arguments": {}, "message": "当前页面无测试序列。"}
{"ts": "2026-06-25 19:46:39", "action": "get_test_sequence_status", "status": "executed", "risk_level": "low", "arguments": {}, "message": "当前页面无测试序列。"}
{"ts": "2026-06-25 19:46:41", "action": "get_test_sequence_status", "status": "executed", "risk_level": "low", "arguments": {}, "message": "当前页面无测试序列。"}
{"ts": "2026-06-25 19:46:42", "action": "get_test_sequence_status", "status": "executed", "risk_level": "low", "arguments": {}, "message": "当前页面无测试序列。"}
{"ts": "2026-06-25 19:46:44", "action": "get_test_sequence_status", "status": "executed", "risk_level": "low", "arguments": {}, "message": "当前页面无测试序列。"}
{"ts": "2026-06-25 19:46:45", "action": "get_test_sequence_status", "status": "executed", "risk_level": "low", "arguments": {}, "message": "当前页面无测试序列。"}
{"ts": "2026-06-25 19:46:47", "action": "get_test_sequence_status", "status": "executed", "risk_level": "low", "arguments": {}, "message": "当前页面无测试序列。"}
{"ts": "2026-06-25 19:46:48", "action": "get_test_sequence_status", "status": "executed", "risk_level": "low", "arguments": {}, "message": "当前页面无测试序列。"}
{"ts": "2026-06-25 19:46:50", "action": "get_test_sequence_status", "status": "executed", "risk_level": "low", "arguments": {}, "message": "当前页面无测试序列。"}
{"ts": "2026-06-25 19:46:51", "action": "get_test_sequence_status", "status": "executed", "risk_level": "low", "arguments": {}, "message": "当前页面无测试序列。"}
{"ts": "2026-06-25 19:46:53", "action": "get_test_sequence_status", "status": "executed", "risk_level": "low", "arguments": {}, "message": "当前页面无测试序列。"}
{"ts": "2026-06-25 19:46:54", "action": "get_test_sequence_status", "status": "executed", "risk_level": "low", "arguments": {}, "message": "当前页面无测试序列。"}
{"ts": "2026-06-25 19:46:56", "action": "get_test_sequence_status", "status": "executed", "risk_level": "low", "arguments": {}, "message": "当前页面无测试序列。"}
{"ts": "2026-06-25 19:46:57", "action": "get_test_sequence_status", "status": "executed", "risk_level": "low", "arguments": {}, "message": "当前页面无测试序列。"}
{"ts": "2026-06-25 19:46:59", "action": "get_test_sequence_status", "status": "executed", "risk_level": "low", "arguments": {}, "message": "当前页面无测试序列。"}
{"ts": "2026-06-25 19:47:00", "action": "get_test_sequence_status", "status": "executed", "risk_level": "low", "arguments": {}, "message": "当前页面无测试序列。"}
{"ts": "2026-06-25 19:47:02", "action": "get_test_sequence_status", "status": "executed", "risk_level": "low", "arguments": {}, "message": "当前页面无测试序列。"}
{"ts": "2026-06-25 19:47:03", "action": "get_test_sequence_status", "status": "executed", "risk_level": "low", "arguments": {}, "message": "当前页面无测试序列。"}
{"ts": "2026-06-25 19:47:05", "action": "get_test_sequence_status", "status": "executed", "risk_level": "low", "arguments": {}, "message": "当前页面无测试序列。"}
{"ts": "2026-06-25 19:47:06", "action": "get_test_sequence_status", "status": "executed", "risk_level": "low", "arguments": {}, "message": "当前页面无测试序列。"}
{"ts": "2026-06-25 19:47:08", "action": "get_test_sequence_status", "status": "executed", "risk_level": "low", "arguments": {}, "message": "当前页面无测试序列。"}
{"ts": "2026-06-25 19:47:09", "action": "get_test_sequence_status", "status": "executed", "risk_level": "low", "arguments": {}, "message": "当前页面无测试序列。"}
{"ts": "2026-06-25 19:47:11", "action": "get_test_sequence_status", "status": "executed", "risk_level": "low", "arguments": {}, "message": "当前页面无测试序列。"}
{"ts": "2026-06-25 19:47:12", "action": "get_test_sequence_status", "status": "executed", "risk_level": "low", "arguments": {}, "message": "当前页面无测试序列。"}
{"ts": "2026-06-25 19:47:14", "action": "get_test_sequence_status", "status": "executed", "risk_level": "low", "arguments": {}, "message": "当前页面无测试序列。"}
{"ts": "2026-06-25 19:47:15", "action": "get_test_sequence_status", "status": "executed", "risk_level": "low", "arguments": {}, "message": "当前页面无测试序列。"}
{"ts": "2026-06-25 19:47:17", "action": "get_test_sequence_status", "status": "executed", "risk_level": "low", "arguments": {}, "message": "当前页面无测试序列。"}
{"ts": "2026-06-25 19:47:18", "action": "get_test_sequence_status", "status": "executed", "risk_level": "low", "arguments": {}, "message": "当前页面无测试序列。"}
{"ts": "2026-06-25 19:47:20", "action": "get_test_sequence_status", "status": "executed", "risk_level": "low", "arguments": {}, "message": "当前页面无测试序列。"}
{"ts": "2026-06-25 19:47:21", "action": "get_test_sequence_status", "status": "executed", "risk_level": "low", "arguments": {}, "message": "当前页面无测试序列。"}
{"ts": "2026-06-25 19:47:23", "action": "get_test_sequence_status", "status": "executed", "risk_level": "low", "arguments": {}, "message": "当前页面无测试序列。"}
{"ts": "2026-06-25 19:47:24", "action": "get_test_sequence_status", "status": "executed", "risk_level": "low", "arguments": {}, "message": "当前页面无测试序列。"}
{"ts": "2026-06-25 19:47:26", "action": "get_test_sequence_status", "status": "executed", "risk_level": "low", "arguments": {}, "message": "当前页面无测试序列。"}
{"ts": "2026-06-25 19:47:27", "action": "get_test_sequence_status", "status": "executed", "risk_level": "low", "arguments": {}, "message": "当前页面无测试序列。"}
{"ts": "2026-06-25 19:47:29", "action": "get_test_sequence_status", "status": "executed", "risk_level": "low", "arguments": {}, "message": "当前页面无测试序列。"}
{"ts": "2026-06-25 19:47:30", "action": "get_test_sequence_status", "status": "executed", "risk_level": "low", "arguments": {}, "message": "当前页面无测试序列。"}
{"ts": "2026-06-25 19:47:32", "action": "get_test_sequence_status", "status": "executed", "risk_level": "low", "arguments": {}, "message": "当前页面无测试序列。"}
{"ts": "2026-06-25 19:49:12", "action": "get_current_test_config", "status": "executed", "risk_level": "low", "arguments": {}, "message": ""}
{"ts": "2026-06-25 19:49:14", "action": "start_test_sequence", "status": "executed", "risk_level": "high", "arguments": {}, "message": "已请求启动 DCDC 效率测试。"}
{"ts": "2026-06-25 19:49:14", "action": "get_test_sequence_status", "status": "executed", "risk_level": "low", "arguments": {}, "message": "当前页面无测试序列。"}
{"ts": "2026-06-25 19:49:16", "action": "get_test_sequence_status", "status": "executed", "risk_level": "low", "arguments": {}, "message": "当前页面无测试序列。"}
{"ts": "2026-06-25 19:49:17", "action": "get_test_sequence_status", "status": "executed", "risk_level": "low", "arguments": {}, "message": "当前页面无测试序列。"}
{"ts": "2026-06-25 19:49:19", "action": "get_test_sequence_status", "status": "executed", "risk_level": "low", "arguments": {}, "message": "当前页面无测试序列。"}
{"ts": "2026-06-25 19:49:20", "action": "get_test_sequence_status", "status": "executed", "risk_level": "low", "arguments": {}, "message": "当前页面无测试序列。"}
{"ts": "2026-06-25 19:49:22", "action": "get_test_sequence_status", "status": "executed", "risk_level": "low", "arguments": {}, "message": "当前页面无测试序列。"}
{"ts": "2026-06-25 19:49:23", "action": "get_test_sequence_status", "status": "executed", "risk_level": "low", "arguments": {}, "message": "当前页面无测试序列。"}
{"ts": "2026-06-25 19:49:25", "action": "get_test_sequence_status", "status": "executed", "risk_level": "low", "arguments": {}, "message": "当前页面无测试序列。"}
{"ts": "2026-06-25 19:49:26", "action": "get_test_sequence_status", "status": "executed", "risk_level": "low", "arguments": {}, "message": "当前页面无测试序列。"}
{"ts": "2026-06-25 19:49:28", "action": "get_test_sequence_status", "status": "executed", "risk_level": "low", "arguments": {}, "message": "当前页面无测试序列。"}
{"ts": "2026-06-25 19:49:29", "action": "get_test_sequence_status", "status": "executed", "risk_level": "low", "arguments": {}, "message": "当前页面无测试序列。"}
{"ts": "2026-06-25 19:49:31", "action": "get_test_sequence_status", "status": "executed", "risk_level": "low", "arguments": {}, "message": "当前页面无测试序列。"}
{"ts": "2026-06-25 19:49:32", "action": "get_test_sequence_status", "status": "executed", "risk_level": "low", "arguments": {}, "message": "当前页面无测试序列。"}
{"ts": "2026-06-25 19:49:34", "action": "get_test_sequence_status", "status": "executed", "risk_level": "low", "arguments": {}, "message": "当前页面无测试序列。"}
{"ts": "2026-06-25 19:49:35", "action": "get_test_sequence_status", "status": "executed", "risk_level": "low", "arguments": {}, "message": "当前页面无测试序列。"}
{"ts": "2026-06-25 19:49:37", "action": "get_test_sequence_status", "status": "executed", "risk_level": "low", "arguments": {}, "message": "当前页面无测试序列。"}
{"ts": "2026-06-25 19:49:38", "action": "get_test_sequence_status", "status": "executed", "risk_level": "low", "arguments": {}, "message": "当前页面无测试序列。"}
{"ts": "2026-06-25 19:49:40", "action": "get_test_sequence_status", "status": "executed", "risk_level": "low", "arguments": {}, "message": "当前页面无测试序列。"}
{"ts": "2026-06-25 19:49:41", "action": "get_test_sequence_status", "status": "executed", "risk_level": "low", "arguments": {}, "message": "当前页面无测试序列。"}
{"ts": "2026-06-25 19:49:43", "action": "get_test_sequence_status", "status": "executed", "risk_level": "low", "arguments": {}, "message": "当前页面无测试序列。"}
{"ts": "2026-06-25 19:49:44", "action": "get_test_sequence_status", "status": "executed", "risk_level": "low", "arguments": {}, "message": "当前页面无测试序列。"}
{"ts": "2026-06-25 19:49:46", "action": "get_test_sequence_status", "status": "executed", "risk_level": "low", "arguments": {}, "message": "当前页面无测试序列。"}
{"ts": "2026-06-25 19:49:47", "action": "get_test_sequence_status", "status": "executed", "risk_level": "low", "arguments": {}, "message": "当前页面无测试序列。"}
{"ts": "2026-06-25 19:49:49", "action": "get_test_sequence_status", "status": "executed", "risk_level": "low", "arguments": {}, "message": "当前页面无测试序列。"}
{"ts": "2026-06-25 19:49:50", "action": "get_test_sequence_status", "status": "executed", "risk_level": "low", "arguments": {}, "message": "当前页面无测试序列。"}
{"ts": "2026-06-25 19:49:52", "action": "get_test_sequence_status", "status": "executed", "risk_level": "low", "arguments": {}, "message": "当前页面无测试序列。"}
{"ts": "2026-06-25 19:49:53", "action": "get_test_sequence_status", "status": "executed", "risk_level": "low", "arguments": {}, "message": "当前页面无测试序列。"}
{"ts": "2026-06-25 19:49:55", "action": "get_test_sequence_status", "status": "executed", "risk_level": "low", "arguments": {}, "message": "当前页面无测试序列。"}
{"ts": "2026-06-25 19:49:56", "action": "get_test_sequence_status", "status": "executed", "risk_level": "low", "arguments": {}, "message": "当前页面无测试序列。"}
{"ts": "2026-06-25 19:49:58", "action": "get_test_sequence_status", "status": "executed", "risk_level": "low", "arguments": {}, "message": "当前页面无测试序列。"}
{"ts": "2026-06-25 19:49:59", "action": "get_test_sequence_status", "status": "executed", "risk_level": "low", "arguments": {}, "message": "当前页面无测试序列。"}
{"ts": "2026-06-25 19:50:01", "action": "get_test_sequence_status", "status": "executed", "risk_level": "low", "arguments": {}, "message": "当前页面无测试序列。"}
{"ts": "2026-06-25 19:50:01", "action": "get_current_page", "status": "executed", "risk_level": "low", "arguments": {}, "message": "当前页面：pmu_dcdc_efficiency"}
{"ts": "2026-06-25 19:50:01", "action": "get_test_result_summary", "status": "executed", "risk_level": "low", "arguments": {}, "message": ""}
{"ts": "2026-06-25 19:50:02", "action": "get_test_sequence_status", "status": "executed", "risk_level": "low", "arguments": {}, "message": "当前页面无测试序列。"}
{"ts": "2026-06-25 19:50:04", "action": "get_test_sequence_status", "status": "executed", "risk_level": "low", "arguments": {}, "message": "当前页面无测试序列。"}
{"ts": "2026-06-25 19:50:05", "action": "get_test_sequence_status", "status": "executed", "risk_level": "low", "arguments": {}, "message": "当前页面无测试序列。"}
{"ts": "2026-06-25 19:50:07", "action": "get_test_sequence_status", "status": "executed", "risk_level": "low", "arguments": {}, "message": "当前页面无测试序列。"}
{"ts": "2026-06-25 19:50:08", "action": "get_test_sequence_status", "status": "executed", "risk_level": "low", "arguments": {}, "message": "当前页面无测试序列。"}
{"ts": "2026-06-25 19:50:10", "action": "get_test_sequence_status", "status": "executed", "risk_level": "low", "arguments": {}, "message": "当前页面无测试序列。"}
{"ts": "2026-06-25 19:50:11", "action": "get_test_sequence_status", "status": "executed", "risk_level": "low", "arguments": {}, "message": "当前页面无测试序列。"}
{"ts": "2026-06-25 19:50:13", "action": "get_test_sequence_status", "status": "executed", "risk_level": "low", "arguments": {}, "message": "当前页面无测试序列。"}
{"ts": "2026-06-25 19:50:14", "action": "get_test_sequence_status", "status": "executed", "risk_level": "low", "arguments": {}, "message": "当前页面无测试序列。"}
{"ts": "2026-06-25 19:50:16", "action": "get_test_sequence_status", "status": "executed", "risk_level": "low", "arguments": {}, "message": "当前页面无测试序列。"}
{"ts": "2026-06-25 19:50:17", "action": "get_test_sequence_status", "status": "executed", "risk_level": "low", "arguments": {}, "message": "当前页面无测试序列。"}
{"ts": "2026-06-25 19:50:19", "action": "get_test_sequence_status", "status": "executed", "risk_level": "low", "arguments": {}, "message": "当前页面无测试序列。"}
{"ts": "2026-06-25 19:50:20", "action": "get_test_sequence_status", "status": "executed", "risk_level": "low", "arguments": {}, "message": "当前页面无测试序列。"}
{"ts": "2026-06-25 19:50:22", "action": "get_test_sequence_status", "status": "executed", "risk_level": "low", "arguments": {}, "message": "当前页面无测试序列。"}
{"ts": "2026-06-25 19:50:23", "action": "get_test_sequence_status", "status": "executed", "risk_level": "low", "arguments": {}, "message": "当前页面无测试序列。"}
{"ts": "2026-06-25 19:50:25", "action": "get_test_sequence_status", "status": "executed", "risk_level": "low", "arguments": {}, "message": "当前页面无测试序列。"}
{"ts": "2026-06-25 19:50:26", "action": "get_test_sequence_status", "status": "executed", "risk_level": "low", "arguments": {}, "message": "当前页面无测试序列。"}
{"ts": "2026-06-25 19:50:28", "action": "get_test_sequence_status", "status": "executed", "risk_level": "low", "arguments": {}, "message": "当前页面无测试序列。"}
{"ts": "2026-06-25 19:50:29", "action": "get_test_sequence_status", "status": "executed", "risk_level": "low", "arguments": {}, "message": "当前页面无测试序列。"}
{"ts": "2026-06-25 19:50:31", "action": "get_test_sequence_status", "status": "executed", "risk_level": "low", "arguments": {}, "message": "当前页面无测试序列。"}
{"ts": "2026-06-25 19:50:32", "action": "get_test_sequence_status", "status": "executed", "risk_level": "low", "arguments": {}, "message": "当前页面无测试序列。"}
{"ts": "2026-06-25 19:50:34", "action": "get_test_sequence_status", "status": "executed", "risk_level": "low", "arguments": {}, "message": "当前页面无测试序列。"}
{"ts": "2026-06-25 19:50:35", "action": "get_test_sequence_status", "status": "executed", "risk_level": "low", "arguments": {}, "message": "当前页面无测试序列。"}
{"ts": "2026-06-25 19:50:37", "action": "get_test_sequence_status", "status": "executed", "risk_level": "low", "arguments": {}, "message": "当前页面无测试序列。"}
{"ts": "2026-06-25 19:50:38", "action": "get_test_sequence_status", "status": "executed", "risk_level": "low", "arguments": {}, "message": "当前页面无测试序列。"}
{"ts": "2026-06-25 19:50:40", "action": "get_test_sequence_status", "status": "executed", "risk_level": "low", "arguments": {}, "message": "当前页面无测试序列。"}
{"ts": "2026-06-25 19:50:41", "action": "get_test_sequence_status", "status": "executed", "risk_level": "low", "arguments": {}, "message": "当前页面无测试序列。"}
{"ts": "2026-06-25 19:50:43", "action": "get_test_sequence_status", "status": "executed", "risk_level": "low", "arguments": {}, "message": "当前页面无测试序列。"}
{"ts": "2026-06-25 19:50:44", "action": "get_test_sequence_status", "status": "executed", "risk_level": "low", "arguments": {}, "message": "当前页面无测试序列。"}
{"ts": "2026-06-25 19:50:46", "action": "get_test_sequence_status", "status": "executed", "risk_level": "low", "arguments": {}, "message": "当前页面无测试序列。"}
{"ts": "2026-06-25 19:50:47", "action": "get_test_sequence_status", "status": "executed", "risk_level": "low", "arguments": {}, "message": "当前页面无测试序列。"}
{"ts": "2026-06-25 19:50:49", "action": "get_test_sequence_status", "status": "executed", "risk_level": "low", "arguments": {}, "message": "当前页面无测试序列。"}
{"ts": "2026-06-25 19:50:50", "action": "get_test_sequence_status", "status": "executed", "risk_level": "low", "arguments": {}, "message": "当前页面无测试序列。"}
{"ts": "2026-06-25 19:50:52", "action": "get_test_sequence_status", "status": "executed", "risk_level": "low", "arguments": {}, "message": "当前页面无测试序列。"}
{"ts": "2026-06-25 19:50:53", "action": "get_test_sequence_status", "status": "executed", "risk_level": "low", "arguments": {}, "message": "当前页面无测试序列。"}
{"ts": "2026-06-25 19:50:55", "action": "get_test_sequence_status", "status": "executed", "risk_level": "low", "arguments": {}, "message": "当前页面无测试序列。"}
{"ts": "2026-06-25 19:50:56", "action": "get_test_sequence_status", "status": "executed", "risk_level": "low", "arguments": {}, "message": "当前页面无测试序列。"}
{"ts": "2026-06-25 19:50:58", "action": "get_test_sequence_status", "status": "executed", "risk_level": "low", "arguments": {}, "message": "当前页面无测试序列。"}
{"ts": "2026-06-25 19:50:59", "action": "get_test_sequence_status", "status": "executed", "risk_level": "low", "arguments": {}, "message": "当前页面无测试序列。"}
{"ts": "2026-06-25 19:51:01", "action": "get_test_sequence_status", "status": "executed", "risk_level": "low", "arguments": {}, "message": "当前页面无测试序列。"}
{"ts": "2026-06-25 19:51:02", "action": "get_test_sequence_status", "status": "executed", "risk_level": "low", "arguments": {}, "message": "当前页面无测试序列。"}
{"ts": "2026-06-25 19:51:04", "action": "get_test_sequence_status", "status": "executed", "risk_level": "low", "arguments": {}, "message": "当前页面无测试序列。"}
{"ts": "2026-06-25 19:51:05", "action": "get_test_sequence_status", "status": "executed", "risk_level": "low", "arguments": {}, "message": "当前页面无测试序列。"}
{"ts": "2026-06-25 19:51:07", "action": "get_test_sequence_status", "status": "executed", "risk_level": "low", "arguments": {}, "message": "当前页面无测试序列。"}
{"ts": "2026-06-25 19:51:08", "action": "get_test_sequence_status", "status": "executed", "risk_level": "low", "arguments": {}, "message": "当前页面无测试序列。"}
{"ts": "2026-06-25 19:51:10", "action": "get_test_sequence_status", "status": "executed", "risk_level": "low", "arguments": {}, "message": "当前页面无测试序列。"}
{"ts": "2026-06-25 19:51:11", "action": "get_test_sequence_status", "status": "executed", "risk_level": "low", "arguments": {}, "message": "当前页面无测试序列。"}
{"ts": "2026-06-25 19:51:13", "action": "get_test_sequence_status", "status": "executed", "risk_level": "low", "arguments": {}, "message": "当前页面无测试序列。"}
{"ts": "2026-06-25 19:51:14", "action": "get_test_sequence_status", "status": "executed", "risk_level": "low", "arguments": {}, "message": "当前页面无测试序列。"}
{"ts": "2026-06-25 19:51:16", "action": "get_test_sequence_status", "status": "executed", "risk_level": "low", "arguments": {}, "message": "当前页面无测试序列。"}
{"ts": "2026-06-25 19:51:17", "action": "get_test_sequence_status", "status": "executed", "risk_level": "low", "arguments": {}, "message": "当前页面无测试序列。"}
{"ts": "2026-06-25 19:51:19", "action": "get_test_sequence_status", "status": "executed", "risk_level": "low", "arguments": {}, "message": "当前页面无测试序列。"}
{"ts": "2026-06-25 19:51:20", "action": "get_test_sequence_status", "status": "executed", "risk_level": "low", "arguments": {}, "message": "当前页面无测试序列。"}
{"ts": "2026-06-25 20:01:31", "action": "get_current_test_config", "status": "executed", "risk_level": "low", "arguments": {}, "message": ""}
{"ts": "2026-06-25 20:02:55", "action": "start_test_sequence", "status": "executed", "risk_level": "high", "arguments": {}, "message": "已请求启动 DCDC 效率测试。"}
{"ts": "2026-06-25 20:02:55", "action": "get_test_sequence_status", "status": "executed", "risk_level": "low", "arguments": {}, "message": "当前页面无测试序列。"}
{"ts": "2026-06-25 20:02:57", "action": "get_test_sequence_status", "status": "executed", "risk_level": "low", "arguments": {}, "message": "当前页面无测试序列。"}
{"ts": "2026-06-25 20:02:58", "action": "get_test_sequence_status", "status": "executed", "risk_level": "low", "arguments": {}, "message": "当前页面无测试序列。"}
{"ts": "2026-06-25 20:03:00", "action": "get_test_sequence_status", "status": "executed", "risk_level": "low", "arguments": {}, "message": "当前页面无测试序列。"}
{"ts": "2026-06-25 20:03:01", "action": "get_test_sequence_status", "status": "executed", "risk_level": "low", "arguments": {}, "message": "当前页面无测试序列。"}
{"ts": "2026-06-25 20:03:03", "action": "get_test_sequence_status", "status": "executed", "risk_level": "low", "arguments": {}, "message": "当前页面无测试序列。"}
{"ts": "2026-06-25 20:03:04", "action": "get_test_sequence_status", "status": "executed", "risk_level": "low", "arguments": {}, "message": "当前页面无测试序列。"}
{"ts": "2026-06-25 20:03:06", "action": "get_test_sequence_status", "status": "executed", "risk_level": "low", "arguments": {}, "message": "当前页面无测试序列。"}
{"ts": "2026-06-25 20:03:07", "action": "get_test_sequence_status", "status": "executed", "risk_level": "low", "arguments": {}, "message": "当前页面无测试序列。"}
{"ts": "2026-06-25 20:03:09", "action": "get_test_sequence_status", "status": "executed", "risk_level": "low", "arguments": {}, "message": "当前页面无测试序列。"}
{"ts": "2026-06-25 20:03:10", "action": "get_test_sequence_status", "status": "executed", "risk_level": "low", "arguments": {}, "message": "当前页面无测试序列。"}
{"ts": "2026-06-25 20:03:12", "action": "get_test_sequence_status", "status": "executed", "risk_level": "low", "arguments": {}, "message": "当前页面无测试序列。"}
{"ts": "2026-06-25 20:03:13", "action": "get_test_sequence_status", "status": "executed", "risk_level": "low", "arguments": {}, "message": "当前页面无测试序列。"}
{"ts": "2026-06-25 20:03:15", "action": "get_test_sequence_status", "status": "executed", "risk_level": "low", "arguments": {}, "message": "当前页面无测试序列。"}
{"ts": "2026-06-25 20:03:16", "action": "get_test_sequence_status", "status": "executed", "risk_level": "low", "arguments": {}, "message": "当前页面无测试序列。"}
{"ts": "2026-06-25 20:03:18", "action": "get_test_sequence_status", "status": "executed", "risk_level": "low", "arguments": {}, "message": "当前页面无测试序列。"}
{"ts": "2026-06-25 20:03:19", "action": "get_test_sequence_status", "status": "executed", "risk_level": "low", "arguments": {}, "message": "当前页面无测试序列。"}
{"ts": "2026-06-25 20:03:21", "action": "get_test_sequence_status", "status": "executed", "risk_level": "low", "arguments": {}, "message": "当前页面无测试序列。"}
{"ts": "2026-06-25 20:03:22", "action": "get_test_sequence_status", "status": "executed", "risk_level": "low", "arguments": {}, "message": "当前页面无测试序列。"}
{"ts": "2026-06-25 20:03:24", "action": "get_test_sequence_status", "status": "executed", "risk_level": "low", "arguments": {}, "message": "当前页面无测试序列。"}
{"ts": "2026-06-25 20:03:25", "action": "get_test_sequence_status", "status": "executed", "risk_level": "low", "arguments": {}, "message": "当前页面无测试序列。"}
{"ts": "2026-06-25 20:03:27", "action": "get_test_sequence_status", "status": "executed", "risk_level": "low", "arguments": {}, "message": "当前页面无测试序列。"}
{"ts": "2026-06-25 20:03:28", "action": "get_test_sequence_status", "status": "executed", "risk_level": "low", "arguments": {}, "message": "当前页面无测试序列。"}
{"ts": "2026-06-25 20:03:30", "action": "get_test_sequence_status", "status": "executed", "risk_level": "low", "arguments": {}, "message": "当前页面无测试序列。"}
{"ts": "2026-06-25 20:03:31", "action": "get_test_sequence_status", "status": "executed", "risk_level": "low", "arguments": {}, "message": "当前页面无测试序列。"}
{"ts": "2026-06-25 20:03:33", "action": "get_test_sequence_status", "status": "executed", "risk_level": "low", "arguments": {}, "message": "当前页面无测试序列。"}
{"ts": "2026-06-25 20:03:34", "action": "get_test_sequence_status", "status": "executed", "risk_level": "low", "arguments": {}, "message": "当前页面无测试序列。"}
{"ts": "2026-06-25 20:03:36", "action": "get_test_sequence_status", "status": "executed", "risk_level": "low", "arguments": {}, "message": "当前页面无测试序列。"}
{"ts": "2026-06-25 20:03:37", "action": "get_test_sequence_status", "status": "executed", "risk_level": "low", "arguments": {}, "message": "当前页面无测试序列。"}
{"ts": "2026-06-25 20:03:39", "action": "get_test_sequence_status", "status": "executed", "risk_level": "low", "arguments": {}, "message": "当前页面无测试序列。"}
{"ts": "2026-06-25 20:03:40", "action": "get_test_sequence_status", "status": "executed", "risk_level": "low", "arguments": {}, "message": "当前页面无测试序列。"}
{"ts": "2026-06-25 20:03:42", "action": "get_test_sequence_status", "status": "executed", "risk_level": "low", "arguments": {}, "message": "当前页面无测试序列。"}
{"ts": "2026-06-25 20:03:43", "action": "get_test_sequence_status", "status": "executed", "risk_level": "low", "arguments": {}, "message": "当前页面无测试序列。"}
{"ts": "2026-06-25 20:03:45", "action": "get_test_sequence_status", "status": "executed", "risk_level": "low", "arguments": {}, "message": "当前页面无测试序列。"}
{"ts": "2026-06-25 20:03:46", "action": "get_test_sequence_status", "status": "executed", "risk_level": "low", "arguments": {}, "message": "当前页面无测试序列。"}
{"ts": "2026-06-25 20:03:48", "action": "get_test_sequence_status", "status": "executed", "risk_level": "low", "arguments": {}, "message": "当前页面无测试序列。"}
{"ts": "2026-06-25 20:03:49", "action": "get_test_sequence_status", "status": "executed", "risk_level": "low", "arguments": {}, "message": "当前页面无测试序列。"}
{"ts": "2026-06-25 20:03:51", "action": "get_test_sequence_status", "status": "executed", "risk_level": "low", "arguments": {}, "message": "当前页面无测试序列。"}
{"ts": "2026-06-25 20:03:52", "action": "get_test_sequence_status", "status": "executed", "risk_level": "low", "arguments": {}, "message": "当前页面无测试序列。"}
{"ts": "2026-06-25 20:03:54", "action": "get_test_sequence_status", "status": "executed", "risk_level": "low", "arguments": {}, "message": "当前页面无测试序列。"}
{"ts": "2026-06-25 20:03:55", "action": "get_test_sequence_status", "status": "executed", "risk_level": "low", "arguments": {}, "message": "当前页面无测试序列。"}
{"ts": "2026-06-25 20:03:57", "action": "get_test_sequence_status", "status": "executed", "risk_level": "low", "arguments": {}, "message": "当前页面无测试序列。"}
{"ts": "2026-06-25 20:03:58", "action": "get_test_sequence_status", "status": "executed", "risk_level": "low", "arguments": {}, "message": "当前页面无测试序列。"}
{"ts": "2026-06-25 20:04:00", "action": "get_test_sequence_status", "status": "executed", "risk_level": "low", "arguments": {}, "message": "当前页面无测试序列。"}
{"ts": "2026-06-25 20:04:01", "action": "get_test_sequence_status", "status": "executed", "risk_level": "low", "arguments": {}, "message": "当前页面无测试序列。"}
{"ts": "2026-06-25 20:04:03", "action": "get_test_sequence_status", "status": "executed", "risk_level": "low", "arguments": {}, "message": "当前页面无测试序列。"}
{"ts": "2026-06-25 20:04:04", "action": "get_test_sequence_status", "status": "executed", "risk_level": "low", "arguments": {}, "message": "当前页面无测试序列。"}
{"ts": "2026-06-25 20:04:06", "action": "get_test_sequence_status", "status": "executed", "risk_level": "low", "arguments": {}, "message": "当前页面无测试序列。"}
{"ts": "2026-06-25 20:04:07", "action": "get_test_sequence_status", "status": "executed", "risk_level": "low", "arguments": {}, "message": "当前页面无测试序列。"}
{"ts": "2026-06-25 20:04:09", "action": "get_test_sequence_status", "status": "executed", "risk_level": "low", "arguments": {}, "message": "当前页面无测试序列。"}
{"ts": "2026-06-25 20:04:10", "action": "get_test_sequence_status", "status": "executed", "risk_level": "low", "arguments": {}, "message": "当前页面无测试序列。"}
{"ts": "2026-06-25 20:04:12", "action": "get_test_sequence_status", "status": "executed", "risk_level": "low", "arguments": {}, "message": "当前页面无测试序列。"}
{"ts": "2026-06-25 20:04:13", "action": "get_test_sequence_status", "status": "executed", "risk_level": "low", "arguments": {}, "message": "当前页面无测试序列。"}
{"ts": "2026-06-25 20:04:15", "action": "get_test_sequence_status", "status": "executed", "risk_level": "low", "arguments": {}, "message": "当前页面无测试序列。"}
{"ts": "2026-06-25 20:04:16", "action": "get_test_sequence_status", "status": "executed", "risk_level": "low", "arguments": {}, "message": "当前页面无测试序列。"}
{"ts": "2026-06-25 20:04:18", "action": "get_test_sequence_status", "status": "executed", "risk_level": "low", "arguments": {}, "message": "当前页面无测试序列。"}
{"ts": "2026-06-25 20:04:19", "action": "get_test_sequence_status", "status": "executed", "risk_level": "low", "arguments": {}, "message": "当前页面无测试序列。"}
{"ts": "2026-06-25 20:04:21", "action": "get_test_sequence_status", "status": "executed", "risk_level": "low", "arguments": {}, "message": "当前页面无测试序列。"}
{"ts": "2026-06-25 20:04:22", "action": "get_test_sequence_status", "status": "executed", "risk_level": "low", "arguments": {}, "message": "当前页面无测试序列。"}
{"ts": "2026-06-25 20:04:23", "action": "get_current_test_config", "status": "executed", "risk_level": "low", "arguments": {}, "message": ""}
{"ts": "2026-06-25 20:04:24", "action": "get_test_sequence_status", "status": "executed", "risk_level": "low", "arguments": {}, "message": "当前页面无测试序列。"}
{"ts": "2026-06-25 20:04:25", "action": "get_test_sequence_status", "status": "executed", "risk_level": "low", "arguments": {}, "message": "当前页面无测试序列。"}
{"ts": "2026-06-25 20:04:27", "action": "get_test_sequence_status", "status": "executed", "risk_level": "low", "arguments": {}, "message": "当前页面无测试序列。"}
{"ts": "2026-06-25 20:04:28", "action": "get_test_sequence_status", "status": "executed", "risk_level": "low", "arguments": {}, "message": "当前页面无测试序列。"}
{"ts": "2026-06-25 20:04:28", "action": "get_test_sequence_status", "status": "executed", "risk_level": "low", "arguments": {}, "message": "当前页面无测试序列。"}
{"ts": "2026-06-25 20:04:29", "action": "start_test_sequence", "status": "executed", "risk_level": "high", "arguments": {}, "message": "已请求启动 DCDC 效率测试。"}
{"ts": "2026-06-25 20:04:30", "action": "get_test_sequence_status", "status": "executed", "risk_level": "low", "arguments": {}, "message": "当前页面无测试序列。"}
{"ts": "2026-06-25 20:04:31", "action": "get_test_sequence_status", "status": "executed", "risk_level": "low", "arguments": {}, "message": "当前页面无测试序列。"}
{"ts": "2026-06-25 20:04:33", "action": "get_test_sequence_status", "status": "executed", "risk_level": "low", "arguments": {}, "message": "当前页面无测试序列。"}
{"ts": "2026-06-25 20:04:34", "action": "get_test_sequence_status", "status": "executed", "risk_level": "low", "arguments": {}, "message": "当前页面无测试序列。"}
{"ts": "2026-06-25 20:04:36", "action": "get_test_sequence_status", "status": "executed", "risk_level": "low", "arguments": {}, "message": "当前页面无测试序列。"}
{"ts": "2026-06-25 20:04:37", "action": "get_test_sequence_status", "status": "executed", "risk_level": "low", "arguments": {}, "message": "当前页面无测试序列。"}
{"ts": "2026-06-25 20:04:39", "action": "get_test_sequence_status", "status": "executed", "risk_level": "low", "arguments": {}, "message": "当前页面无测试序列。"}
{"ts": "2026-06-25 20:04:40", "action": "get_test_sequence_status", "status": "executed", "risk_level": "low", "arguments": {}, "message": "当前页面无测试序列。"}
{"ts": "2026-06-25 20:04:42", "action": "get_test_sequence_status", "status": "executed", "risk_level": "low", "arguments": {}, "message": "当前页面无测试序列。"}
{"ts": "2026-06-25 20:04:43", "action": "get_test_sequence_status", "status": "executed", "risk_level": "low", "arguments": {}, "message": "当前页面无测试序列。"}
{"ts": "2026-06-25 20:04:45", "action": "get_test_sequence_status", "status": "executed", "risk_level": "low", "arguments": {}, "message": "当前页面无测试序列。"}
{"ts": "2026-06-25 20:04:46", "action": "get_test_sequence_status", "status": "executed", "risk_level": "low", "arguments": {}, "message": "当前页面无测试序列。"}
{"ts": "2026-06-25 20:04:48", "action": "get_test_sequence_status", "status": "executed", "risk_level": "low", "arguments": {}, "message": "当前页面无测试序列。"}
{"ts": "2026-06-25 20:04:49", "action": "get_test_sequence_status", "status": "executed", "risk_level": "low", "arguments": {}, "message": "当前页面无测试序列。"}
{"ts": "2026-06-25 20:04:51", "action": "get_test_sequence_status", "status": "executed", "risk_level": "low", "arguments": {}, "message": "当前页面无测试序列。"}
{"ts": "2026-06-25 20:04:52", "action": "get_test_sequence_status", "status": "executed", "risk_level": "low", "arguments": {}, "message": "当前页面无测试序列。"}
{"ts": "2026-06-25 20:04:54", "action": "get_test_sequence_status", "status": "executed", "risk_level": "low", "arguments": {}, "message": "当前页面无测试序列。"}
{"ts": "2026-06-25 20:04:55", "action": "get_test_sequence_status", "status": "executed", "risk_level": "low", "arguments": {}, "message": "当前页面无测试序列。"}
{"ts": "2026-06-25 20:04:57", "action": "get_test_sequence_status", "status": "executed", "risk_level": "low", "arguments": {}, "message": "当前页面无测试序列。"}
{"ts": "2026-06-25 20:04:58", "action": "get_test_sequence_status", "status": "executed", "risk_level": "low", "arguments": {}, "message": "当前页面无测试序列。"}
{"ts": "2026-06-25 20:05:00", "action": "get_test_sequence_status", "status": "executed", "risk_level": "low", "arguments": {}, "message": "当前页面无测试序列。"}
{"ts": "2026-06-25 20:05:01", "action": "get_test_sequence_status", "status": "executed", "risk_level": "low", "arguments": {}, "message": "当前页面无测试序列。"}
{"ts": "2026-06-25 20:05:03", "action": "get_test_sequence_status", "status": "executed", "risk_level": "low", "arguments": {}, "message": "当前页面无测试序列。"}
{"ts": "2026-06-25 20:05:04", "action": "get_test_sequence_status", "status": "executed", "risk_level": "low", "arguments": {}, "message": "当前页面无测试序列。"}
{"ts": "2026-06-25 20:05:06", "action": "get_test_sequence_status", "status": "executed", "risk_level": "low", "arguments": {}, "message": "当前页面无测试序列。"}
{"ts": "2026-06-25 20:05:07", "action": "get_test_sequence_status", "status": "executed", "risk_level": "low", "arguments": {}, "message": "当前页面无测试序列。"}
{"ts": "2026-06-25 20:05:09", "action": "get_test_sequence_status", "status": "executed", "risk_level": "low", "arguments": {}, "message": "当前页面无测试序列。"}
{"ts": "2026-06-25 20:05:10", "action": "get_test_sequence_status", "status": "executed", "risk_level": "low", "arguments": {}, "message": "当前页面无测试序列。"}
{"ts": "2026-06-25 20:05:12", "action": "get_test_sequence_status", "status": "executed", "risk_level": "low", "arguments": {}, "message": "当前页面无测试序列。"}
{"ts": "2026-06-25 20:05:13", "action": "get_test_sequence_status", "status": "executed", "risk_level": "low", "arguments": {}, "message": "当前页面无测试序列。"}
{"ts": "2026-06-25 20:05:15", "action": "get_test_sequence_status", "status": "executed", "risk_level": "low", "arguments": {}, "message": "当前页面无测试序列。"}
{"ts": "2026-06-25 20:05:16", "action": "get_test_sequence_status", "status": "executed", "risk_level": "low", "arguments": {}, "message": "当前页面无测试序列。"}
{"ts": "2026-06-25 20:05:18", "action": "get_test_sequence_status", "status": "executed", "risk_level": "low", "arguments": {}, "message": "当前页面无测试序列。"}
{"ts": "2026-06-25 20:05:19", "action": "get_test_sequence_status", "status": "executed", "risk_level": "low", "arguments": {}, "message": "当前页面无测试序列。"}
{"ts": "2026-06-25 20:05:21", "action": "get_test_sequence_status", "status": "executed", "risk_level": "low", "arguments": {}, "message": "当前页面无测试序列。"}
{"ts": "2026-06-25 20:05:22", "action": "get_test_sequence_status", "status": "executed", "risk_level": "low", "arguments": {}, "message": "当前页面无测试序列。"}
{"ts": "2026-06-25 20:05:24", "action": "get_test_sequence_status", "status": "executed", "risk_level": "low", "arguments": {}, "message": "当前页面无测试序列。"}
{"ts": "2026-06-25 20:05:25", "action": "get_test_sequence_status", "status": "executed", "risk_level": "low", "arguments": {}, "message": "当前页面无测试序列。"}
{"ts": "2026-06-25 20:05:27", "action": "get_test_sequence_status", "status": "executed", "risk_level": "low", "arguments": {}, "message": "当前页面无测试序列。"}
{"ts": "2026-06-25 20:05:28", "action": "get_test_sequence_status", "status": "executed", "risk_level": "low", "arguments": {}, "message": "当前页面无测试序列。"}
{"ts": "2026-06-25 20:05:30", "action": "get_test_sequence_status", "status": "executed", "risk_level": "low", "arguments": {}, "message": "当前页面无测试序列。"}
{"ts": "2026-06-25 20:05:31", "action": "get_test_sequence_status", "status": "executed", "risk_level": "low", "arguments": {}, "message": "当前页面无测试序列。"}
{"ts": "2026-06-25 20:05:33", "action": "get_test_sequence_status", "status": "executed", "risk_level": "low", "arguments": {}, "message": "当前页面无测试序列。"}
{"ts": "2026-06-25 20:05:34", "action": "get_test_sequence_status", "status": "executed", "risk_level": "low", "arguments": {}, "message": "当前页面无测试序列。"}
{"ts": "2026-06-25 20:05:36", "action": "get_test_sequence_status", "status": "executed", "risk_level": "low", "arguments": {}, "message": "当前页面无测试序列。"}
{"ts": "2026-06-25 20:05:37", "action": "get_test_sequence_status", "status": "executed", "risk_level": "low", "arguments": {}, "message": "当前页面无测试序列。"}
{"ts": "2026-06-25 20:05:39", "action": "get_test_sequence_status", "status": "executed", "risk_level": "low", "arguments": {}, "message": "当前页面无测试序列。"}
{"ts": "2026-06-25 20:05:40", "action": "get_test_sequence_status", "status": "executed", "risk_level": "low", "arguments": {}, "message": "当前页面无测试序列。"}
{"ts": "2026-06-25 20:05:42", "action": "get_test_sequence_status", "status": "executed", "risk_level": "low", "arguments": {}, "message": "当前页面无测试序列。"}
{"ts": "2026-06-25 20:05:43", "action": "get_test_sequence_status", "status": "executed", "risk_level": "low", "arguments": {}, "message": "当前页面无测试序列。"}
{"ts": "2026-06-25 20:05:45", "action": "get_test_sequence_status", "status": "executed", "risk_level": "low", "arguments": {}, "message": "当前页面无测试序列。"}
{"ts": "2026-06-25 20:05:46", "action": "get_test_sequence_status", "status": "executed", "risk_level": "low", "arguments": {}, "message": "当前页面无测试序列。"}
{"ts": "2026-06-25 20:05:48", "action": "get_test_sequence_status", "status": "executed", "risk_level": "low", "arguments": {}, "message": "当前页面无测试序列。"}
{"ts": "2026-06-25 20:05:49", "action": "get_test_sequence_status", "status": "executed", "risk_level": "low", "arguments": {}, "message": "当前页面无测试序列。"}
{"ts": "2026-06-25 20:05:51", "action": "get_test_sequence_status", "status": "executed", "risk_level": "low", "arguments": {}, "message": "当前页面无测试序列。"}
{"ts": "2026-06-25 20:05:52", "action": "get_test_sequence_status", "status": "executed", "risk_level": "low", "arguments": {}, "message": "当前页面无测试序列。"}
{"ts": "2026-06-25 20:05:54", "action": "get_test_sequence_status", "status": "executed", "risk_level": "low", "arguments": {}, "message": "当前页面无测试序列。"}
{"ts": "2026-06-25 20:05:55", "action": "get_test_sequence_status", "status": "executed", "risk_level": "low", "arguments": {}, "message": "当前页面无测试序列。"}
{"ts": "2026-06-25 20:05:57", "action": "get_test_sequence_status", "status": "executed", "risk_level": "low", "arguments": {}, "message": "当前页面无测试序列。"}
{"ts": "2026-06-25 20:05:58", "action": "get_test_sequence_status", "status": "executed", "risk_level": "low", "arguments": {}, "message": "当前页面无测试序列。"}
{"ts": "2026-06-25 20:06:00", "action": "get_test_sequence_status", "status": "executed", "risk_level": "low", "arguments": {}, "message": "当前页面无测试序列。"}
{"ts": "2026-06-25 20:06:01", "action": "get_test_sequence_status", "status": "executed", "risk_level": "low", "arguments": {}, "message": "当前页面无测试序列。"}
{"ts": "2026-06-25 20:06:03", "action": "get_test_sequence_status", "status": "executed", "risk_level": "low", "arguments": {}, "message": "当前页面无测试序列。"}
{"ts": "2026-06-25 20:06:04", "action": "get_test_sequence_status", "status": "executed", "risk_level": "low", "arguments": {}, "message": "当前页面无测试序列。"}
{"ts": "2026-06-25 20:06:06", "action": "get_test_sequence_status", "status": "executed", "risk_level": "low", "arguments": {}, "message": "当前页面无测试序列。"}
{"ts": "2026-06-25 20:06:07", "action": "get_test_sequence_status", "status": "executed", "risk_level": "low", "arguments": {}, "message": "当前页面无测试序列。"}
{"ts": "2026-06-25 20:06:09", "action": "get_test_sequence_status", "status": "executed", "risk_level": "low", "arguments": {}, "message": "当前页面无测试序列。"}
{"ts": "2026-06-25 20:06:10", "action": "get_test_sequence_status", "status": "executed", "risk_level": "low", "arguments": {}, "message": "当前页面无测试序列。"}
{"ts": "2026-06-25 20:06:12", "action": "get_test_sequence_status", "status": "executed", "risk_level": "low", "arguments": {}, "message": "当前页面无测试序列。"}
{"ts": "2026-06-25 20:06:13", "action": "get_test_sequence_status", "status": "executed", "risk_level": "low", "arguments": {}, "message": "当前页面无测试序列。"}
{"ts": "2026-06-25 20:06:15", "action": "get_test_sequence_status", "status": "executed", "risk_level": "low", "arguments": {}, "message": "当前页面无测试序列。"}
{"ts": "2026-06-25 20:06:16", "action": "get_test_sequence_status", "status": "executed", "risk_level": "low", "arguments": {}, "message": "当前页面无测试序列。"}
{"ts": "2026-06-25 20:06:18", "action": "get_test_sequence_status", "status": "executed", "risk_level": "low", "arguments": {}, "message": "当前页面无测试序列。"}
{"ts": "2026-06-25 20:06:19", "action": "get_test_sequence_status", "status": "executed", "risk_level": "low", "arguments": {}, "message": "当前页面无测试序列。"}
{"ts": "2026-06-25 20:06:21", "action": "get_test_sequence_status", "status": "executed", "risk_level": "low", "arguments": {}, "message": "当前页面无测试序列。"}
{"ts": "2026-06-25 20:06:22", "action": "get_test_sequence_status", "status": "executed", "risk_level": "low", "arguments": {}, "message": "当前页面无测试序列。"}
{"ts": "2026-06-25 20:06:24", "action": "get_test_sequence_status", "status": "executed", "risk_level": "low", "arguments": {}, "message": "当前页面无测试序列。"}
{"ts": "2026-06-25 20:06:25", "action": "get_test_sequence_status", "status": "executed", "risk_level": "low", "arguments": {}, "message": "当前页面无测试序列。"}
{"ts": "2026-06-25 20:06:27", "action": "get_test_sequence_status", "status": "executed", "risk_level": "low", "arguments": {}, "message": "当前页面无测试序列。"}
{"ts": "2026-06-25 20:06:28", "action": "get_test_sequence_status", "status": "executed", "risk_level": "low", "arguments": {}, "message": "当前页面无测试序列。"}
{"ts": "2026-06-25 20:06:30", "action": "get_test_sequence_status", "status": "executed", "risk_level": "low", "arguments": {}, "message": "当前页面无测试序列。"}
{"ts": "2026-06-25 20:06:31", "action": "get_test_sequence_status", "status": "executed", "risk_level": "low", "arguments": {}, "message": "当前页面无测试序列。"}
{"ts": "2026-06-25 20:06:33", "action": "get_test_sequence_status", "status": "executed", "risk_level": "low", "arguments": {}, "message": "当前页面无测试序列。"}
{"ts": "2026-06-25 20:06:34", "action": "get_test_sequence_status", "status": "executed", "risk_level": "low", "arguments": {}, "message": "当前页面无测试序列。"}
{"ts": "2026-06-25 20:06:36", "action": "get_test_sequence_status", "status": "executed", "risk_level": "low", "arguments": {}, "message": "当前页面无测试序列。"}
{"ts": "2026-06-25 20:06:37", "action": "get_test_sequence_status", "status": "executed", "risk_level": "low", "arguments": {}, "message": "当前页面无测试序列。"}
{"ts": "2026-06-25 20:06:39", "action": "get_test_sequence_status", "status": "executed", "risk_level": "low", "arguments": {}, "message": "当前页面无测试序列。"}
{"ts": "2026-06-25 20:06:40", "action": "get_test_sequence_status", "status": "executed", "risk_level": "low", "arguments": {}, "message": "当前页面无测试序列。"}
{"ts": "2026-06-25 20:06:42", "action": "get_test_sequence_status", "status": "executed", "risk_level": "low", "arguments": {}, "message": "当前页面无测试序列。"}
{"ts": "2026-06-25 20:06:43", "action": "get_test_sequence_status", "status": "executed", "risk_level": "low", "arguments": {}, "message": "当前页面无测试序列。"}
{"ts": "2026-06-25 20:06:45", "action": "get_test_sequence_status", "status": "executed", "risk_level": "low", "arguments": {}, "message": "当前页面无测试序列。"}
{"ts": "2026-06-25 20:06:46", "action": "get_test_sequence_status", "status": "executed", "risk_level": "low", "arguments": {}, "message": "当前页面无测试序列。"}
{"ts": "2026-06-25 20:06:48", "action": "get_test_sequence_status", "status": "executed", "risk_level": "low", "arguments": {}, "message": "当前页面无测试序列。"}
{"ts": "2026-06-25 20:06:49", "action": "get_test_sequence_status", "status": "executed", "risk_level": "low", "arguments": {}, "message": "当前页面无测试序列。"}
{"ts": "2026-06-25 20:06:51", "action": "get_test_sequence_status", "status": "executed", "risk_level": "low", "arguments": {}, "message": "当前页面无测试序列。"}
{"ts": "2026-06-25 20:06:52", "action": "get_test_sequence_status", "status": "executed", "risk_level": "low", "arguments": {}, "message": "当前页面无测试序列。"}
{"ts": "2026-06-25 20:06:54", "action": "get_test_sequence_status", "status": "executed", "risk_level": "low", "arguments": {}, "message": "当前页面无测试序列。"}
{"ts": "2026-06-25 20:06:55", "action": "get_test_sequence_status", "status": "executed", "risk_level": "low", "arguments": {}, "message": "当前页面无测试序列。"}
{"ts": "2026-06-25 20:06:57", "action": "get_test_sequence_status", "status": "executed", "risk_level": "low", "arguments": {}, "message": "当前页面无测试序列。"}
{"ts": "2026-06-25 20:06:58", "action": "get_test_sequence_status", "status": "executed", "risk_level": "low", "arguments": {}, "message": "当前页面无测试序列。"}
{"ts": "2026-06-25 20:07:00", "action": "get_test_sequence_status", "status": "executed", "risk_level": "low", "arguments": {}, "message": "当前页面无测试序列。"}
{"ts": "2026-06-25 20:07:01", "action": "get_test_sequence_status", "status": "executed", "risk_level": "low", "arguments": {}, "message": "当前页面无测试序列。"}
{"ts": "2026-06-25 20:07:03", "action": "get_test_sequence_status", "status": "executed", "risk_level": "low", "arguments": {}, "message": "当前页面无测试序列。"}
{"ts": "2026-06-25 20:07:04", "action": "get_test_sequence_status", "status": "executed", "risk_level": "low", "arguments": {}, "message": "当前页面无测试序列。"}
{"ts": "2026-06-25 20:07:06", "action": "get_test_sequence_status", "status": "executed", "risk_level": "low", "arguments": {}, "message": "当前页面无测试序列。"}
{"ts": "2026-06-25 20:07:07", "action": "get_test_sequence_status", "status": "executed", "risk_level": "low", "arguments": {}, "message": "当前页面无测试序列。"}
{"ts": "2026-06-25 20:07:09", "action": "get_test_sequence_status", "status": "executed", "risk_level": "low", "arguments": {}, "message": "当前页面无测试序列。"}
{"ts": "2026-06-25 20:07:10", "action": "get_test_sequence_status", "status": "executed", "risk_level": "low", "arguments": {}, "message": "当前页面无测试序列。"}
{"ts": "2026-06-25 20:07:12", "action": "get_test_sequence_status", "status": "executed", "risk_level": "low", "arguments": {}, "message": "当前页面无测试序列。"}
{"ts": "2026-06-25 20:07:13", "action": "get_test_sequence_status", "status": "executed", "risk_level": "low", "arguments": {}, "message": "当前页面无测试序列。"}
{"ts": "2026-06-25 20:07:15", "action": "get_test_sequence_status", "status": "executed", "risk_level": "low", "arguments": {}, "message": "当前页面无测试序列。"}
{"ts": "2026-06-25 20:07:16", "action": "get_test_sequence_status", "status": "executed", "risk_level": "low", "arguments": {}, "message": "当前页面无测试序列。"}
{"ts": "2026-06-25 20:07:18", "action": "get_test_sequence_status", "status": "executed", "risk_level": "low", "arguments": {}, "message": "当前页面无测试序列。"}
{"ts": "2026-06-25 20:07:19", "action": "get_test_sequence_status", "status": "executed", "risk_level": "low", "arguments": {}, "message": "当前页面无测试序列。"}
{"ts": "2026-06-25 20:07:21", "action": "get_test_sequence_status", "status": "executed", "risk_level": "low", "arguments": {}, "message": "当前页面无测试序列。"}
{"ts": "2026-06-25 20:07:22", "action": "get_test_sequence_status", "status": "executed", "risk_level": "low", "arguments": {}, "message": "当前页面无测试序列。"}
{"ts": "2026-06-25 20:07:24", "action": "get_test_sequence_status", "status": "executed", "risk_level": "low", "arguments": {}, "message": "当前页面无测试序列。"}
{"ts": "2026-06-25 20:07:25", "action": "get_test_sequence_status", "status": "executed", "risk_level": "low", "arguments": {}, "message": "当前页面无测试序列。"}
{"ts": "2026-06-25 20:07:27", "action": "get_test_sequence_status", "status": "executed", "risk_level": "low", "arguments": {}, "message": "当前页面无测试序列。"}
{"ts": "2026-06-25 20:07:28", "action": "get_test_sequence_status", "status": "executed", "risk_level": "low", "arguments": {}, "message": "当前页面无测试序列。"}
{"ts": "2026-06-25 20:07:30", "action": "get_test_sequence_status", "status": "executed", "risk_level": "low", "arguments": {}, "message": "当前页面无测试序列。"}
{"ts": "2026-06-25 20:07:31", "action": "get_test_sequence_status", "status": "executed", "risk_level": "low", "arguments": {}, "message": "当前页面无测试序列。"}
{"ts": "2026-06-25 20:07:33", "action": "get_test_sequence_status", "status": "executed", "risk_level": "low", "arguments": {}, "message": "当前页面无测试序列。"}
{"ts": "2026-06-25 20:07:34", "action": "get_test_sequence_status", "status": "executed", "risk_level": "low", "arguments": {}, "message": "当前页面无测试序列。"}
{"ts": "2026-06-25 20:07:36", "action": "get_test_sequence_status", "status": "executed", "risk_level": "low", "arguments": {}, "message": "当前页面无测试序列。"}
{"ts": "2026-06-25 20:07:37", "action": "get_test_sequence_status", "status": "executed", "risk_level": "low", "arguments": {}, "message": "当前页面无测试序列。"}
{"ts": "2026-06-25 20:07:39", "action": "get_test_sequence_status", "status": "executed", "risk_level": "low", "arguments": {}, "message": "当前页面无测试序列。"}
{"ts": "2026-06-25 20:07:40", "action": "get_test_sequence_status", "status": "executed", "risk_level": "low", "arguments": {}, "message": "当前页面无测试序列。"}
{"ts": "2026-06-25 20:07:42", "action": "get_test_sequence_status", "status": "executed", "risk_level": "low", "arguments": {}, "message": "当前页面无测试序列。"}
{"ts": "2026-06-25 20:07:43", "action": "get_test_sequence_status", "status": "executed", "risk_level": "low", "arguments": {}, "message": "当前页面无测试序列。"}
{"ts": "2026-06-25 20:07:45", "action": "get_test_sequence_status", "status": "executed", "risk_level": "low", "arguments": {}, "message": "当前页面无测试序列。"}
{"ts": "2026-06-25 20:07:46", "action": "get_test_sequence_status", "status": "executed", "risk_level": "low", "arguments": {}, "message": "当前页面无测试序列。"}
{"ts": "2026-06-25 20:07:48", "action": "get_test_sequence_status", "status": "executed", "risk_level": "low", "arguments": {}, "message": "当前页面无测试序列。"}
{"ts": "2026-06-25 20:07:49", "action": "get_test_sequence_status", "status": "executed", "risk_level": "low", "arguments": {}, "message": "当前页面无测试序列。"}
{"ts": "2026-06-25 20:07:51", "action": "get_test_sequence_status", "status": "executed", "risk_level": "low", "arguments": {}, "message": "当前页面无测试序列。"}
{"ts": "2026-06-25 20:07:52", "action": "get_test_sequence_status", "status": "executed", "risk_level": "low", "arguments": {}, "message": "当前页面无测试序列。"}
{"ts": "2026-06-25 20:07:54", "action": "get_test_sequence_status", "status": "executed", "risk_level": "low", "arguments": {}, "message": "当前页面无测试序列。"}
{"ts": "2026-06-25 20:07:55", "action": "get_test_sequence_status", "status": "executed", "risk_level": "low", "arguments": {}, "message": "当前页面无测试序列。"}
{"ts": "2026-06-25 20:07:57", "action": "get_test_sequence_status", "status": "executed", "risk_level": "low", "arguments": {}, "message": "当前页面无测试序列。"}
{"ts": "2026-06-25 20:07:58", "action": "get_test_sequence_status", "status": "executed", "risk_level": "low", "arguments": {}, "message": "当前页面无测试序列。"}
{"ts": "2026-06-25 20:08:00", "action": "get_test_sequence_status", "status": "executed", "risk_level": "low", "arguments": {}, "message": "当前页面无测试序列。"}
{"ts": "2026-06-25 20:08:01", "action": "get_test_sequence_status", "status": "executed", "risk_level": "low", "arguments": {}, "message": "当前页面无测试序列。"}
{"ts": "2026-06-25 20:08:03", "action": "get_test_sequence_status", "status": "executed", "risk_level": "low", "arguments": {}, "message": "当前页面无测试序列。"}
{"ts": "2026-06-25 20:08:04", "action": "get_test_sequence_status", "status": "executed", "risk_level": "low", "arguments": {}, "message": "当前页面无测试序列。"}
{"ts": "2026-06-25 20:08:06", "action": "get_test_sequence_status", "status": "executed", "risk_level": "low", "arguments": {}, "message": "当前页面无测试序列。"}
{"ts": "2026-06-25 20:08:07", "action": "get_test_sequence_status", "status": "executed", "risk_level": "low", "arguments": {}, "message": "当前页面无测试序列。"}
{"ts": "2026-06-25 20:08:09", "action": "get_test_sequence_status", "status": "executed", "risk_level": "low", "arguments": {}, "message": "当前页面无测试序列。"}
{"ts": "2026-06-25 20:08:10", "action": "get_test_sequence_status", "status": "executed", "risk_level": "low", "arguments": {}, "message": "当前页面无测试序列。"}
{"ts": "2026-06-25 20:08:12", "action": "get_test_sequence_status", "status": "executed", "risk_level": "low", "arguments": {}, "message": "当前页面无测试序列。"}
{"ts": "2026-06-25 20:08:13", "action": "get_test_sequence_status", "status": "executed", "risk_level": "low", "arguments": {}, "message": "当前页面无测试序列。"}
{"ts": "2026-06-25 20:08:15", "action": "get_test_sequence_status", "status": "executed", "risk_level": "low", "arguments": {}, "message": "当前页面无测试序列。"}
{"ts": "2026-06-25 20:08:16", "action": "get_test_sequence_status", "status": "executed", "risk_level": "low", "arguments": {}, "message": "当前页面无测试序列。"}
{"ts": "2026-06-25 20:08:18", "action": "get_test_sequence_status", "status": "executed", "risk_level": "low", "arguments": {}, "message": "当前页面无测试序列。"}
{"ts": "2026-06-25 20:08:19", "action": "get_test_sequence_status", "status": "executed", "risk_level": "low", "arguments": {}, "message": "当前页面无测试序列。"}
{"ts": "2026-06-25 20:08:21", "action": "get_test_sequence_status", "status": "executed", "risk_level": "low", "arguments": {}, "message": "当前页面无测试序列。"}
{"ts": "2026-06-25 20:08:22", "action": "get_test_sequence_status", "status": "executed", "risk_level": "low", "arguments": {}, "message": "当前页面无测试序列。"}
{"ts": "2026-06-25 20:08:24", "action": "get_test_sequence_status", "status": "executed", "risk_level": "low", "arguments": {}, "message": "当前页面无测试序列。"}
{"ts": "2026-06-25 20:08:25", "action": "get_test_sequence_status", "status": "executed", "risk_level": "low", "arguments": {}, "message": "当前页面无测试序列。"}
{"ts": "2026-06-25 20:08:27", "action": "get_test_sequence_status", "status": "executed", "risk_level": "low", "arguments": {}, "message": "当前页面无测试序列。"}
{"ts": "2026-06-25 20:08:28", "action": "get_test_sequence_status", "status": "executed", "risk_level": "low", "arguments": {}, "message": "当前页面无测试序列。"}
{"ts": "2026-06-25 20:08:30", "action": "get_test_sequence_status", "status": "executed", "risk_level": "low", "arguments": {}, "message": "当前页面无测试序列。"}
{"ts": "2026-06-25 20:08:31", "action": "get_test_sequence_status", "status": "executed", "risk_level": "low", "arguments": {}, "message": "当前页面无测试序列。"}
{"ts": "2026-06-25 20:08:33", "action": "get_test_sequence_status", "status": "executed", "risk_level": "low", "arguments": {}, "message": "当前页面无测试序列。"}
{"ts": "2026-06-25 20:08:34", "action": "get_test_sequence_status", "status": "executed", "risk_level": "low", "arguments": {}, "message": "当前页面无测试序列。"}
{"ts": "2026-06-25 20:08:36", "action": "get_test_sequence_status", "status": "executed", "risk_level": "low", "arguments": {}, "message": "当前页面无测试序列。"}
{"ts": "2026-06-25 20:08:37", "action": "get_test_sequence_status", "status": "executed", "risk_level": "low", "arguments": {}, "message": "当前页面无测试序列。"}
{"ts": "2026-06-25 20:08:39", "action": "get_test_sequence_status", "status": "executed", "risk_level": "low", "arguments": {}, "message": "当前页面无测试序列。"}
{"ts": "2026-06-25 20:08:40", "action": "get_test_sequence_status", "status": "executed", "risk_level": "low", "arguments": {}, "message": "当前页面无测试序列。"}
{"ts": "2026-06-25 20:08:42", "action": "get_test_sequence_status", "status": "executed", "risk_level": "low", "arguments": {}, "message": "当前页面无测试序列。"}
{"ts": "2026-06-25 20:08:43", "action": "get_test_sequence_status", "status": "executed", "risk_level": "low", "arguments": {}, "message": "当前页面无测试序列。"}
{"ts": "2026-06-25 20:08:45", "action": "get_test_sequence_status", "status": "executed", "risk_level": "low", "arguments": {}, "message": "当前页面无测试序列。"}
{"ts": "2026-06-25 20:08:46", "action": "get_test_sequence_status", "status": "executed", "risk_level": "low", "arguments": {}, "message": "当前页面无测试序列。"}
{"ts": "2026-06-25 20:08:48", "action": "get_test_sequence_status", "status": "executed", "risk_level": "low", "arguments": {}, "message": "当前页面无测试序列。"}
{"ts": "2026-06-25 20:08:49", "action": "get_test_sequence_status", "status": "executed", "risk_level": "low", "arguments": {}, "message": "当前页面无测试序列。"}
{"ts": "2026-06-25 20:08:51", "action": "get_test_sequence_status", "status": "executed", "risk_level": "low", "arguments": {}, "message": "当前页面无测试序列。"}
{"ts": "2026-06-25 20:08:52", "action": "get_test_sequence_status", "status": "executed", "risk_level": "low", "arguments": {}, "message": "当前页面无测试序列。"}
{"ts": "2026-06-25 20:08:54", "action": "get_test_sequence_status", "status": "executed", "risk_level": "low", "arguments": {}, "message": "当前页面无测试序列。"}
{"ts": "2026-06-25 20:08:55", "action": "get_test_sequence_status", "status": "executed", "risk_level": "low", "arguments": {}, "message": "当前页面无测试序列。"}
{"ts": "2026-06-25 20:08:57", "action": "get_test_sequence_status", "status": "executed", "risk_level": "low", "arguments": {}, "message": "当前页面无测试序列。"}
{"ts": "2026-06-25 20:08:58", "action": "get_test_sequence_status", "status": "executed", "risk_level": "low", "arguments": {}, "message": "当前页面无测试序列。"}
{"ts": "2026-06-25 20:09:00", "action": "get_test_sequence_status", "status": "executed", "risk_level": "low", "arguments": {}, "message": "当前页面无测试序列。"}
{"ts": "2026-06-25 20:09:01", "action": "get_test_sequence_status", "status": "executed", "risk_level": "low", "arguments": {}, "message": "当前页面无测试序列。"}
{"ts": "2026-06-25 20:09:03", "action": "get_test_sequence_status", "status": "executed", "risk_level": "low", "arguments": {}, "message": "当前页面无测试序列。"}
{"ts": "2026-06-25 20:09:04", "action": "get_test_sequence_status", "status": "executed", "risk_level": "low", "arguments": {}, "message": "当前页面无测试序列。"}
{"ts": "2026-06-25 20:09:06", "action": "get_test_sequence_status", "status": "executed", "risk_level": "low", "arguments": {}, "message": "当前页面无测试序列。"}
{"ts": "2026-06-25 20:09:07", "action": "get_test_sequence_status", "status": "executed", "risk_level": "low", "arguments": {}, "message": "当前页面无测试序列。"}
{"ts": "2026-06-25 20:09:09", "action": "get_test_sequence_status", "status": "executed", "risk_level": "low", "arguments": {}, "message": "当前页面无测试序列。"}
{"ts": "2026-06-25 20:09:10", "action": "get_test_sequence_status", "status": "executed", "risk_level": "low", "arguments": {}, "message": "当前页面无测试序列。"}
{"ts": "2026-06-25 20:09:12", "action": "get_test_sequence_status", "status": "executed", "risk_level": "low", "arguments": {}, "message": "当前页面无测试序列。"}
{"ts": "2026-06-25 20:09:13", "action": "get_test_sequence_status", "status": "executed", "risk_level": "low", "arguments": {}, "message": "当前页面无测试序列。"}
{"ts": "2026-06-25 20:09:15", "action": "get_test_sequence_status", "status": "executed", "risk_level": "low", "arguments": {}, "message": "当前页面无测试序列。"}
{"ts": "2026-06-25 20:09:16", "action": "get_test_sequence_status", "status": "executed", "risk_level": "low", "arguments": {}, "message": "当前页面无测试序列。"}
{"ts": "2026-06-25 20:09:18", "action": "get_test_sequence_status", "status": "executed", "risk_level": "low", "arguments": {}, "message": "当前页面无测试序列。"}
{"ts": "2026-06-25 20:09:19", "action": "get_test_sequence_status", "status": "executed", "risk_level": "low", "arguments": {}, "message": "当前页面无测试序列。"}
{"ts": "2026-06-25 20:09:21", "action": "get_test_sequence_status", "status": "executed", "risk_level": "low", "arguments": {}, "message": "当前页面无测试序列。"}
{"ts": "2026-06-25 20:09:22", "action": "get_test_sequence_status", "status": "executed", "risk_level": "low", "arguments": {}, "message": "当前页面无测试序列。"}
{"ts": "2026-06-25 20:09:24", "action": "get_test_sequence_status", "status": "executed", "risk_level": "low", "arguments": {}, "message": "当前页面无测试序列。"}
{"ts": "2026-06-25 20:09:25", "action": "get_test_sequence_status", "status": "executed", "risk_level": "low", "arguments": {}, "message": "当前页面无测试序列。"}
{"ts": "2026-06-25 20:09:27", "action": "get_test_sequence_status", "status": "executed", "risk_level": "low", "arguments": {}, "message": "当前页面无测试序列。"}
{"ts": "2026-06-25 20:09:28", "action": "get_test_sequence_status", "status": "executed", "risk_level": "low", "arguments": {}, "message": "当前页面无测试序列。"}
{"ts": "2026-06-25 20:09:30", "action": "get_test_sequence_status", "status": "executed", "risk_level": "low", "arguments": {}, "message": "当前页面无测试序列。"}
{"ts": "2026-06-25 20:09:31", "action": "get_test_sequence_status", "status": "executed", "risk_level": "low", "arguments": {}, "message": "当前页面无测试序列。"}
{"ts": "2026-06-25 20:09:33", "action": "get_test_sequence_status", "status": "executed", "risk_level": "low", "arguments": {}, "message": "当前页面无测试序列。"}
{"ts": "2026-06-25 20:09:34", "action": "get_test_sequence_status", "status": "executed", "risk_level": "low", "arguments": {}, "message": "当前页面无测试序列。"}
{"ts": "2026-06-25 20:09:36", "action": "get_test_sequence_status", "status": "executed", "risk_level": "low", "arguments": {}, "message": "当前页面无测试序列。"}
{"ts": "2026-06-25 20:09:37", "action": "get_test_sequence_status", "status": "executed", "risk_level": "low", "arguments": {}, "message": "当前页面无测试序列。"}
{"ts": "2026-06-25 20:09:39", "action": "get_test_sequence_status", "status": "executed", "risk_level": "low", "arguments": {}, "message": "当前页面无测试序列。"}
{"ts": "2026-06-25 20:09:40", "action": "get_test_sequence_status", "status": "executed", "risk_level": "low", "arguments": {}, "message": "当前页面无测试序列。"}
{"ts": "2026-06-25 20:09:42", "action": "get_test_sequence_status", "status": "executed", "risk_level": "low", "arguments": {}, "message": "当前页面无测试序列。"}
{"ts": "2026-06-25 20:09:43", "action": "get_test_sequence_status", "status": "executed", "risk_level": "low", "arguments": {}, "message": "当前页面无测试序列。"}
{"ts": "2026-06-25 20:09:45", "action": "get_test_sequence_status", "status": "executed", "risk_level": "low", "arguments": {}, "message": "当前页面无测试序列。"}
{"ts": "2026-06-25 20:09:46", "action": "get_test_sequence_status", "status": "executed", "risk_level": "low", "arguments": {}, "message": "当前页面无测试序列。"}
{"ts": "2026-06-25 20:09:48", "action": "get_test_sequence_status", "status": "executed", "risk_level": "low", "arguments": {}, "message": "当前页面无测试序列。"}
{"ts": "2026-06-25 20:09:49", "action": "get_test_sequence_status", "status": "executed", "risk_level": "low", "arguments": {}, "message": "当前页面无测试序列。"}
{"ts": "2026-06-25 20:09:51", "action": "get_test_sequence_status", "status": "executed", "risk_level": "low", "arguments": {}, "message": "当前页面无测试序列。"}
{"ts": "2026-06-25 20:09:52", "action": "get_test_sequence_status", "status": "executed", "risk_level": "low", "arguments": {}, "message": "当前页面无测试序列。"}
{"ts": "2026-06-25 20:09:54", "action": "get_test_sequence_status", "status": "executed", "risk_level": "low", "arguments": {}, "message": "当前页面无测试序列。"}
{"ts": "2026-06-25 20:09:55", "action": "get_test_sequence_status", "status": "executed", "risk_level": "low", "arguments": {}, "message": "当前页面无测试序列。"}
{"ts": "2026-06-25 20:09:57", "action": "get_test_sequence_status", "status": "executed", "risk_level": "low", "arguments": {}, "message": "当前页面无测试序列。"}
{"ts": "2026-06-25 20:09:58", "action": "get_test_sequence_status", "status": "executed", "risk_level": "low", "arguments": {}, "message": "当前页面无测试序列。"}
{"ts": "2026-06-25 20:10:00", "action": "get_test_sequence_status", "status": "executed", "risk_level": "low", "arguments": {}, "message": "当前页面无测试序列。"}
{"ts": "2026-06-25 20:10:01", "action": "get_test_sequence_status", "status": "executed", "risk_level": "low", "arguments": {}, "message": "当前页面无测试序列。"}
{"ts": "2026-06-25 20:10:03", "action": "get_test_sequence_status", "status": "executed", "risk_level": "low", "arguments": {}, "message": "当前页面无测试序列。"}
{"ts": "2026-06-25 20:10:04", "action": "get_test_sequence_status", "status": "executed", "risk_level": "low", "arguments": {}, "message": "当前页面无测试序列。"}
{"ts": "2026-06-25 20:10:06", "action": "get_test_sequence_status", "status": "executed", "risk_level": "low", "arguments": {}, "message": "当前页面无测试序列。"}
{"ts": "2026-06-25 20:10:07", "action": "get_test_sequence_status", "status": "executed", "risk_level": "low", "arguments": {}, "message": "当前页面无测试序列。"}
{"ts": "2026-06-25 20:10:09", "action": "get_test_sequence_status", "status": "executed", "risk_level": "low", "arguments": {}, "message": "当前页面无测试序列。"}
{"ts": "2026-06-25 20:10:10", "action": "get_test_sequence_status", "status": "executed", "risk_level": "low", "arguments": {}, "message": "当前页面无测试序列。"}
{"ts": "2026-06-25 20:10:12", "action": "get_test_sequence_status", "status": "executed", "risk_level": "low", "arguments": {}, "message": "当前页面无测试序列。"}
{"ts": "2026-06-25 20:10:13", "action": "get_test_sequence_status", "status": "executed", "risk_level": "low", "arguments": {}, "message": "当前页面无测试序列。"}
{"ts": "2026-06-25 20:10:15", "action": "get_test_sequence_status", "status": "executed", "risk_level": "low", "arguments": {}, "message": "当前页面无测试序列。"}
{"ts": "2026-06-25 20:10:16", "action": "get_test_sequence_status", "status": "executed", "risk_level": "low", "arguments": {}, "message": "当前页面无测试序列。"}
{"ts": "2026-06-25 20:10:18", "action": "get_test_sequence_status", "status": "executed", "risk_level": "low", "arguments": {}, "message": "当前页面无测试序列。"}
{"ts": "2026-06-25 20:10:19", "action": "get_test_sequence_status", "status": "executed", "risk_level": "low", "arguments": {}, "message": "当前页面无测试序列。"}
{"ts": "2026-06-25 20:10:21", "action": "get_test_sequence_status", "status": "executed", "risk_level": "low", "arguments": {}, "message": "当前页面无测试序列。"}
{"ts": "2026-06-25 20:10:22", "action": "get_test_sequence_status", "status": "executed", "risk_level": "low", "arguments": {}, "message": "当前页面无测试序列。"}
{"ts": "2026-06-25 20:10:24", "action": "get_test_sequence_status", "status": "executed", "risk_level": "low", "arguments": {}, "message": "当前页面无测试序列。"}
{"ts": "2026-06-25 20:10:25", "action": "get_test_sequence_status", "status": "executed", "risk_level": "low", "arguments": {}, "message": "当前页面无测试序列。"}
{"ts": "2026-06-25 20:10:27", "action": "get_test_sequence_status", "status": "executed", "risk_level": "low", "arguments": {}, "message": "当前页面无测试序列。"}
{"ts": "2026-06-25 20:10:28", "action": "get_test_sequence_status", "status": "executed", "risk_level": "low", "arguments": {}, "message": "当前页面无测试序列。"}
{"ts": "2026-06-25 20:10:30", "action": "get_test_sequence_status", "status": "executed", "risk_level": "low", "arguments": {}, "message": "当前页面无测试序列。"}
{"ts": "2026-06-25 20:10:31", "action": "get_test_sequence_status", "status": "executed", "risk_level": "low", "arguments": {}, "message": "当前页面无测试序列。"}
{"ts": "2026-06-25 20:10:33", "action": "get_test_sequence_status", "status": "executed", "risk_level": "low", "arguments": {}, "message": "当前页面无测试序列。"}
{"ts": "2026-06-25 20:10:34", "action": "get_test_sequence_status", "status": "executed", "risk_level": "low", "arguments": {}, "message": "当前页面无测试序列。"}
{"ts": "2026-06-25 20:10:36", "action": "get_test_sequence_status", "status": "executed", "risk_level": "low", "arguments": {}, "message": "当前页面无测试序列。"}
{"ts": "2026-06-25 20:10:37", "action": "get_test_sequence_status", "status": "executed", "risk_level": "low", "arguments": {}, "message": "当前页面无测试序列。"}
{"ts": "2026-06-25 20:10:39", "action": "get_test_sequence_status", "status": "executed", "risk_level": "low", "arguments": {}, "message": "当前页面无测试序列。"}
{"ts": "2026-06-25 20:10:40", "action": "get_test_sequence_status", "status": "executed", "risk_level": "low", "arguments": {}, "message": "当前页面无测试序列。"}
{"ts": "2026-06-25 20:10:42", "action": "get_test_sequence_status", "status": "executed", "risk_level": "low", "arguments": {}, "message": "当前页面无测试序列。"}
{"ts": "2026-06-25 20:10:43", "action": "get_test_sequence_status", "status": "executed", "risk_level": "low", "arguments": {}, "message": "当前页面无测试序列。"}
{"ts": "2026-06-25 20:10:45", "action": "get_test_sequence_status", "status": "executed", "risk_level": "low", "arguments": {}, "message": "当前页面无测试序列。"}
{"ts": "2026-06-25 20:10:46", "action": "get_test_sequence_status", "status": "executed", "risk_level": "low", "arguments": {}, "message": "当前页面无测试序列。"}
{"ts": "2026-06-25 20:10:48", "action": "get_test_sequence_status", "status": "executed", "risk_level": "low", "arguments": {}, "message": "当前页面无测试序列。"}
{"ts": "2026-06-25 20:10:49", "action": "get_test_sequence_status", "status": "executed", "risk_level": "low", "arguments": {}, "message": "当前页面无测试序列。"}
{"ts": "2026-06-25 20:10:51", "action": "get_test_sequence_status", "status": "executed", "risk_level": "low", "arguments": {}, "message": "当前页面无测试序列。"}
{"ts": "2026-06-25 20:10:52", "action": "get_test_sequence_status", "status": "executed", "risk_level": "low", "arguments": {}, "message": "当前页面无测试序列。"}
{"ts": "2026-06-25 20:10:54", "action": "get_test_sequence_status", "status": "executed", "risk_level": "low", "arguments": {}, "message": "当前页面无测试序列。"}
{"ts": "2026-06-25 20:10:55", "action": "get_test_sequence_status", "status": "executed", "risk_level": "low", "arguments": {}, "message": "当前页面无测试序列。"}
{"ts": "2026-06-25 20:10:57", "action": "get_test_sequence_status", "status": "executed", "risk_level": "low", "arguments": {}, "message": "当前页面无测试序列。"}
{"ts": "2026-06-25 20:10:58", "action": "get_test_sequence_status", "status": "executed", "risk_level": "low", "arguments": {}, "message": "当前页面无测试序列。"}
{"ts": "2026-06-25 20:11:00", "action": "get_test_sequence_status", "status": "executed", "risk_level": "low", "arguments": {}, "message": "当前页面无测试序列。"}
{"ts": "2026-06-25 20:11:01", "action": "get_test_sequence_status", "status": "executed", "risk_level": "low", "arguments": {}, "message": "当前页面无测试序列。"}
{"ts": "2026-06-25 20:11:03", "action": "get_test_sequence_status", "status": "executed", "risk_level": "low", "arguments": {}, "message": "当前页面无测试序列。"}
{"ts": "2026-06-25 20:11:04", "action": "get_test_sequence_status", "status": "executed", "risk_level": "low", "arguments": {}, "message": "当前页面无测试序列。"}
{"ts": "2026-06-25 20:11:06", "action": "get_test_sequence_status", "status": "executed", "risk_level": "low", "arguments": {}, "message": "当前页面无测试序列。"}
{"ts": "2026-06-25 20:11:07", "action": "get_test_sequence_status", "status": "executed", "risk_level": "low", "arguments": {}, "message": "当前页面无测试序列。"}
{"ts": "2026-06-25 20:11:09", "action": "get_test_sequence_status", "status": "executed", "risk_level": "low", "arguments": {}, "message": "当前页面无测试序列。"}
{"ts": "2026-06-25 20:11:10", "action": "get_test_sequence_status", "status": "executed", "risk_level": "low", "arguments": {}, "message": "当前页面无测试序列。"}
{"ts": "2026-06-25 20:11:12", "action": "get_test_sequence_status", "status": "executed", "risk_level": "low", "arguments": {}, "message": "当前页面无测试序列。"}
{"ts": "2026-06-25 20:11:13", "action": "get_test_sequence_status", "status": "executed", "risk_level": "low", "arguments": {}, "message": "当前页面无测试序列。"}
{"ts": "2026-06-25 20:11:15", "action": "get_test_sequence_status", "status": "executed", "risk_level": "low", "arguments": {}, "message": "当前页面无测试序列。"}
{"ts": "2026-06-25 20:11:16", "action": "get_test_sequence_status", "status": "executed", "risk_level": "low", "arguments": {}, "message": "当前页面无测试序列。"}
{"ts": "2026-06-25 20:11:18", "action": "get_test_sequence_status", "status": "executed", "risk_level": "low", "arguments": {}, "message": "当前页面无测试序列。"}
{"ts": "2026-06-25 20:11:19", "action": "get_test_sequence_status", "status": "executed", "risk_level": "low", "arguments": {}, "message": "当前页面无测试序列。"}
{"ts": "2026-06-25 20:11:21", "action": "get_test_sequence_status", "status": "executed", "risk_level": "low", "arguments": {}, "message": "当前页面无测试序列。"}
{"ts": "2026-06-25 20:11:22", "action": "get_test_sequence_status", "status": "executed", "risk_level": "low", "arguments": {}, "message": "当前页面无测试序列。"}
{"ts": "2026-06-25 20:11:24", "action": "get_test_sequence_status", "status": "executed", "risk_level": "low", "arguments": {}, "message": "当前页面无测试序列。"}
{"ts": "2026-06-25 20:11:25", "action": "get_test_sequence_status", "status": "executed", "risk_level": "low", "arguments": {}, "message": "当前页面无测试序列。"}
{"ts": "2026-06-25 20:11:27", "action": "get_test_sequence_status", "status": "executed", "risk_level": "low", "arguments": {}, "message": "当前页面无测试序列。"}
{"ts": "2026-06-25 20:11:28", "action": "get_test_sequence_status", "status": "executed", "risk_level": "low", "arguments": {}, "message": "当前页面无测试序列。"}
{"ts": "2026-06-25 20:11:30", "action": "get_test_sequence_status", "status": "executed", "risk_level": "low", "arguments": {}, "message": "当前页面无测试序列。"}
{"ts": "2026-06-25 20:11:31", "action": "get_test_sequence_status", "status": "executed", "risk_level": "low", "arguments": {}, "message": "当前页面无测试序列。"}
{"ts": "2026-06-25 20:11:33", "action": "get_test_sequence_status", "status": "executed", "risk_level": "low", "arguments": {}, "message": "当前页面无测试序列。"}
{"ts": "2026-06-25 20:11:34", "action": "get_test_sequence_status", "status": "executed", "risk_level": "low", "arguments": {}, "message": "当前页面无测试序列。"}
{"ts": "2026-06-25 20:11:36", "action": "get_test_sequence_status", "status": "executed", "risk_level": "low", "arguments": {}, "message": "当前页面无测试序列。"}
{"ts": "2026-06-25 20:11:37", "action": "get_test_sequence_status", "status": "executed", "risk_level": "low", "arguments": {}, "message": "当前页面无测试序列。"}
{"ts": "2026-06-25 20:11:39", "action": "get_test_sequence_status", "status": "executed", "risk_level": "low", "arguments": {}, "message": "当前页面无测试序列。"}
{"ts": "2026-06-25 20:11:40", "action": "get_test_sequence_status", "status": "executed", "risk_level": "low", "arguments": {}, "message": "当前页面无测试序列。"}
{"ts": "2026-06-25 20:11:42", "action": "get_test_sequence_status", "status": "executed", "risk_level": "low", "arguments": {}, "message": "当前页面无测试序列。"}
{"ts": "2026-06-25 20:11:43", "action": "get_test_sequence_status", "status": "executed", "risk_level": "low", "arguments": {}, "message": "当前页面无测试序列。"}
{"ts": "2026-06-25 20:11:45", "action": "get_test_sequence_status", "status": "executed", "risk_level": "low", "arguments": {}, "message": "当前页面无测试序列。"}
{"ts": "2026-06-25 20:11:46", "action": "get_test_sequence_status", "status": "executed", "risk_level": "low", "arguments": {}, "message": "当前页面无测试序列。"}
{"ts": "2026-06-25 20:11:48", "action": "get_test_sequence_status", "status": "executed", "risk_level": "low", "arguments": {}, "message": "当前页面无测试序列。"}
{"ts": "2026-06-25 20:11:49", "action": "get_test_sequence_status", "status": "executed", "risk_level": "low", "arguments": {}, "message": "当前页面无测试序列。"}
{"ts": "2026-06-25 20:11:51", "action": "get_test_sequence_status", "status": "executed", "risk_level": "low", "arguments": {}, "message": "当前页面无测试序列。"}
{"ts": "2026-06-25 20:11:52", "action": "get_test_sequence_status", "status": "executed", "risk_level": "low", "arguments": {}, "message": "当前页面无测试序列。"}
{"ts": "2026-06-25 20:11:54", "action": "get_test_sequence_status", "status": "executed", "risk_level": "low", "arguments": {}, "message": "当前页面无测试序列。"}
{"ts": "2026-06-25 20:11:55", "action": "get_test_sequence_status", "status": "executed", "risk_level": "low", "arguments": {}, "message": "当前页面无测试序列。"}
{"ts": "2026-06-25 20:11:57", "action": "get_test_sequence_status", "status": "executed", "risk_level": "low", "arguments": {}, "message": "当前页面无测试序列。"}
{"ts": "2026-06-25 20:11:58", "action": "get_test_sequence_status", "status": "executed", "risk_level": "low", "arguments": {}, "message": "当前页面无测试序列。"}
{"ts": "2026-06-25 20:12:00", "action": "get_test_sequence_status", "status": "executed", "risk_level": "low", "arguments": {}, "message": "当前页面无测试序列。"}
{"ts": "2026-06-25 20:12:01", "action": "get_test_sequence_status", "status": "executed", "risk_level": "low", "arguments": {}, "message": "当前页面无测试序列。"}
{"ts": "2026-06-25 20:12:03", "action": "get_test_sequence_status", "status": "executed", "risk_level": "low", "arguments": {}, "message": "当前页面无测试序列。"}
{"ts": "2026-06-25 20:12:04", "action": "get_test_sequence_status", "status": "executed", "risk_level": "low", "arguments": {}, "message": "当前页面无测试序列。"}
{"ts": "2026-06-25 20:12:06", "action": "get_test_sequence_status", "status": "executed", "risk_level": "low", "arguments": {}, "message": "当前页面无测试序列。"}
{"ts": "2026-06-25 20:12:07", "action": "get_test_sequence_status", "status": "executed", "risk_level": "low", "arguments": {}, "message": "当前页面无测试序列。"}
{"ts": "2026-06-25 20:12:09", "action": "get_test_sequence_status", "status": "executed", "risk_level": "low", "arguments": {}, "message": "当前页面无测试序列。"}
{"ts": "2026-06-25 20:12:10", "action": "get_test_sequence_status", "status": "executed", "risk_level": "low", "arguments": {}, "message": "当前页面无测试序列。"}
{"ts": "2026-06-25 20:12:12", "action": "get_test_sequence_status", "status": "executed", "risk_level": "low", "arguments": {}, "message": "当前页面无测试序列。"}
{"ts": "2026-06-25 20:12:13", "action": "get_test_sequence_status", "status": "executed", "risk_level": "low", "arguments": {}, "message": "当前页面无测试序列。"}
{"ts": "2026-06-25 20:12:15", "action": "get_test_sequence_status", "status": "executed", "risk_level": "low", "arguments": {}, "message": "当前页面无测试序列。"}
{"ts": "2026-06-25 20:12:16", "action": "get_test_sequence_status", "status": "executed", "risk_level": "low", "arguments": {}, "message": "当前页面无测试序列。"}
{"ts": "2026-06-25 20:12:18", "action": "get_test_sequence_status", "status": "executed", "risk_level": "low", "arguments": {}, "message": "当前页面无测试序列。"}
{"ts": "2026-06-25 20:12:19", "action": "get_test_sequence_status", "status": "executed", "risk_level": "low", "arguments": {}, "message": "当前页面无测试序列。"}
{"ts": "2026-06-25 20:12:21", "action": "get_test_sequence_status", "status": "executed", "risk_level": "low", "arguments": {}, "message": "当前页面无测试序列。"}
{"ts": "2026-06-25 20:12:22", "action": "get_test_sequence_status", "status": "executed", "risk_level": "low", "arguments": {}, "message": "当前页面无测试序列。"}
{"ts": "2026-06-25 20:12:24", "action": "get_test_sequence_status", "status": "executed", "risk_level": "low", "arguments": {}, "message": "当前页面无测试序列。"}
{"ts": "2026-06-25 20:12:25", "action": "get_test_sequence_status", "status": "executed", "risk_level": "low", "arguments": {}, "message": "当前页面无测试序列。"}
{"ts": "2026-06-25 20:12:27", "action": "get_test_sequence_status", "status": "executed", "risk_level": "low", "arguments": {}, "message": "当前页面无测试序列。"}
{"ts": "2026-06-25 20:12:28", "action": "get_test_sequence_status", "status": "executed", "risk_level": "low", "arguments": {}, "message": "当前页面无测试序列。"}
{"ts": "2026-06-25 20:12:30", "action": "get_test_sequence_status", "status": "executed", "risk_level": "low", "arguments": {}, "message": "当前页面无测试序列。"}
{"ts": "2026-06-25 20:12:31", "action": "get_test_sequence_status", "status": "executed", "risk_level": "low", "arguments": {}, "message": "当前页面无测试序列。"}
{"ts": "2026-06-25 20:12:33", "action": "get_test_sequence_status", "status": "executed", "risk_level": "low", "arguments": {}, "message": "当前页面无测试序列。"}
{"ts": "2026-06-25 20:12:34", "action": "get_test_sequence_status", "status": "executed", "risk_level": "low", "arguments": {}, "message": "当前页面无测试序列。"}
{"ts": "2026-06-25 20:12:36", "action": "get_test_sequence_status", "status": "executed", "risk_level": "low", "arguments": {}, "message": "当前页面无测试序列。"}
{"ts": "2026-06-25 20:12:37", "action": "get_test_sequence_status", "status": "executed", "risk_level": "low", "arguments": {}, "message": "当前页面无测试序列。"}
{"ts": "2026-06-25 20:12:39", "action": "get_test_sequence_status", "status": "executed", "risk_level": "low", "arguments": {}, "message": "当前页面无测试序列。"}
{"ts": "2026-06-25 20:12:40", "action": "get_test_sequence_status", "status": "executed", "risk_level": "low", "arguments": {}, "message": "当前页面无测试序列。"}
{"ts": "2026-06-25 20:12:42", "action": "get_test_sequence_status", "status": "executed", "risk_level": "low", "arguments": {}, "message": "当前页面无测试序列。"}
{"ts": "2026-06-25 20:12:43", "action": "get_test_sequence_status", "status": "executed", "risk_level": "low", "arguments": {}, "message": "当前页面无测试序列。"}
{"ts": "2026-06-25 20:12:45", "action": "get_test_sequence_status", "status": "executed", "risk_level": "low", "arguments": {}, "message": "当前页面无测试序列。"}
{"ts": "2026-06-25 20:12:46", "action": "get_test_sequence_status", "status": "executed", "risk_level": "low", "arguments": {}, "message": "当前页面无测试序列。"}
{"ts": "2026-06-25 20:12:48", "action": "get_test_sequence_status", "status": "executed", "risk_level": "low", "arguments": {}, "message": "当前页面无测试序列。"}
{"ts": "2026-06-25 20:12:49", "action": "get_test_sequence_status", "status": "executed", "risk_level": "low", "arguments": {}, "message": "当前页面无测试序列。"}
{"ts": "2026-06-25 20:12:51", "action": "get_test_sequence_status", "status": "executed", "risk_level": "low", "arguments": {}, "message": "当前页面无测试序列。"}
{"ts": "2026-06-25 20:12:52", "action": "get_test_sequence_status", "status": "executed", "risk_level": "low", "arguments": {}, "message": "当前页面无测试序列。"}
{"ts": "2026-06-25 20:12:54", "action": "get_test_sequence_status", "status": "executed", "risk_level": "low", "arguments": {}, "message": "当前页面无测试序列。"}
{"ts": "2026-06-25 20:12:55", "action": "get_test_sequence_status", "status": "executed", "risk_level": "low", "arguments": {}, "message": "当前页面无测试序列。"}
{"ts": "2026-06-25 20:12:57", "action": "get_test_sequence_status", "status": "executed", "risk_level": "low", "arguments": {}, "message": "当前页面无测试序列。"}
{"ts": "2026-06-25 20:12:58", "action": "get_test_sequence_status", "status": "executed", "risk_level": "low", "arguments": {}, "message": "当前页面无测试序列。"}
{"ts": "2026-06-25 20:13:00", "action": "get_test_sequence_status", "status": "executed", "risk_level": "low", "arguments": {}, "message": "当前页面无测试序列。"}
{"ts": "2026-06-25 20:13:01", "action": "get_test_sequence_status", "status": "executed", "risk_level": "low", "arguments": {}, "message": "当前页面无测试序列。"}
{"ts": "2026-06-25 20:13:03", "action": "get_test_sequence_status", "status": "executed", "risk_level": "low", "arguments": {}, "message": "当前页面无测试序列。"}
{"ts": "2026-06-25 20:13:04", "action": "get_test_sequence_status", "status": "executed", "risk_level": "low", "arguments": {}, "message": "当前页面无测试序列。"}
{"ts": "2026-06-25 20:13:06", "action": "get_test_sequence_status", "status": "executed", "risk_level": "low", "arguments": {}, "message": "当前页面无测试序列。"}
{"ts": "2026-06-25 20:13:07", "action": "get_test_sequence_status", "status": "executed", "risk_level": "low", "arguments": {}, "message": "当前页面无测试序列。"}
{"ts": "2026-06-25 20:13:09", "action": "get_test_sequence_status", "status": "executed", "risk_level": "low", "arguments": {}, "message": "当前页面无测试序列。"}
{"ts": "2026-06-25 20:13:10", "action": "get_test_sequence_status", "status": "executed", "risk_level": "low", "arguments": {}, "message": "当前页面无测试序列。"}
{"ts": "2026-06-25 20:13:12", "action": "get_test_sequence_status", "status": "executed", "risk_level": "low", "arguments": {}, "message": "当前页面无测试序列。"}
{"ts": "2026-06-25 20:13:13", "action": "get_test_sequence_status", "status": "executed", "risk_level": "low", "arguments": {}, "message": "当前页面无测试序列。"}
{"ts": "2026-06-25 20:13:15", "action": "get_test_sequence_status", "status": "executed", "risk_level": "low", "arguments": {}, "message": "当前页面无测试序列。"}
{"ts": "2026-06-25 20:13:16", "action": "get_test_sequence_status", "status": "executed", "risk_level": "low", "arguments": {}, "message": "当前页面无测试序列。"}
{"ts": "2026-06-25 20:13:18", "action": "get_test_sequence_status", "status": "executed", "risk_level": "low", "arguments": {}, "message": "当前页面无测试序列。"}
{"ts": "2026-06-25 20:13:19", "action": "get_test_sequence_status", "status": "executed", "risk_level": "low", "arguments": {}, "message": "当前页面无测试序列。"}
{"ts": "2026-06-25 20:13:21", "action": "get_test_sequence_status", "status": "executed", "risk_level": "low", "arguments": {}, "message": "当前页面无测试序列。"}
{"ts": "2026-06-25 20:13:22", "action": "get_test_sequence_status", "status": "executed", "risk_level": "low", "arguments": {}, "message": "当前页面无测试序列。"}
{"ts": "2026-06-25 20:13:24", "action": "get_test_sequence_status", "status": "executed", "risk_level": "low", "arguments": {}, "message": "当前页面无测试序列。"}
{"ts": "2026-06-25 20:13:25", "action": "get_test_sequence_status", "status": "executed", "risk_level": "low", "arguments": {}, "message": "当前页面无测试序列。"}
{"ts": "2026-06-25 20:13:27", "action": "get_test_sequence_status", "status": "executed", "risk_level": "low", "arguments": {}, "message": "当前页面无测试序列。"}
{"ts": "2026-06-25 20:13:28", "action": "get_test_sequence_status", "status": "executed", "risk_level": "low", "arguments": {}, "message": "当前页面无测试序列。"}
{"ts": "2026-06-25 20:13:30", "action": "get_test_sequence_status", "status": "executed", "risk_level": "low", "arguments": {}, "message": "当前页面无测试序列。"}
{"ts": "2026-06-25 20:13:31", "action": "get_test_sequence_status", "status": "executed", "risk_level": "low", "arguments": {}, "message": "当前页面无测试序列。"}
{"ts": "2026-06-25 20:13:33", "action": "get_test_sequence_status", "status": "executed", "risk_level": "low", "arguments": {}, "message": "当前页面无测试序列。"}
{"ts": "2026-06-25 20:13:34", "action": "get_test_sequence_status", "status": "executed", "risk_level": "low", "arguments": {}, "message": "当前页面无测试序列。"}
{"ts": "2026-06-25 20:13:36", "action": "get_test_sequence_status", "status": "executed", "risk_level": "low", "arguments": {}, "message": "当前页面无测试序列。"}
{"ts": "2026-06-25 20:13:37", "action": "get_test_sequence_status", "status": "executed", "risk_level": "low", "arguments": {}, "message": "当前页面无测试序列。"}
{"ts": "2026-06-25 20:13:39", "action": "get_test_sequence_status", "status": "executed", "risk_level": "low", "arguments": {}, "message": "当前页面无测试序列。"}
{"ts": "2026-06-25 20:13:40", "action": "get_test_sequence_status", "status": "executed", "risk_level": "low", "arguments": {}, "message": "当前页面无测试序列。"}
{"ts": "2026-06-25 20:13:42", "action": "get_test_sequence_status", "status": "executed", "risk_level": "low", "arguments": {}, "message": "当前页面无测试序列。"}
{"ts": "2026-06-25 20:13:43", "action": "get_test_sequence_status", "status": "executed", "risk_level": "low", "arguments": {}, "message": "当前页面无测试序列。"}
{"ts": "2026-06-25 20:13:45", "action": "get_test_sequence_status", "status": "executed", "risk_level": "low", "arguments": {}, "message": "当前页面无测试序列。"}
{"ts": "2026-06-25 20:13:46", "action": "get_test_sequence_status", "status": "executed", "risk_level": "low", "arguments": {}, "message": "当前页面无测试序列。"}
{"ts": "2026-06-25 20:13:48", "action": "get_test_sequence_status", "status": "executed", "risk_level": "low", "arguments": {}, "message": "当前页面无测试序列。"}
{"ts": "2026-06-25 20:13:49", "action": "get_test_sequence_status", "status": "executed", "risk_level": "low", "arguments": {}, "message": "当前页面无测试序列。"}
{"ts": "2026-06-25 20:13:51", "action": "get_test_sequence_status", "status": "executed", "risk_level": "low", "arguments": {}, "message": "当前页面无测试序列。"}
{"ts": "2026-06-25 20:13:52", "action": "get_test_sequence_status", "status": "executed", "risk_level": "low", "arguments": {}, "message": "当前页面无测试序列。"}
{"ts": "2026-06-25 20:13:54", "action": "get_test_sequence_status", "status": "executed", "risk_level": "low", "arguments": {}, "message": "当前页面无测试序列。"}
{"ts": "2026-06-25 20:13:55", "action": "get_test_sequence_status", "status": "executed", "risk_level": "low", "arguments": {}, "message": "当前页面无测试序列。"}
{"ts": "2026-06-25 20:13:57", "action": "get_test_sequence_status", "status": "executed", "risk_level": "low", "arguments": {}, "message": "当前页面无测试序列。"}
{"ts": "2026-06-25 20:13:58", "action": "get_test_sequence_status", "status": "executed", "risk_level": "low", "arguments": {}, "message": "当前页面无测试序列。"}
{"ts": "2026-06-25 20:14:00", "action": "get_test_sequence_status", "status": "executed", "risk_level": "low", "arguments": {}, "message": "当前页面无测试序列。"}
{"ts": "2026-06-25 20:14:01", "action": "get_test_sequence_status", "status": "executed", "risk_level": "low", "arguments": {}, "message": "当前页面无测试序列。"}
{"ts": "2026-06-25 20:14:03", "action": "get_test_sequence_status", "status": "executed", "risk_level": "low", "arguments": {}, "message": "当前页面无测试序列。"}
{"ts": "2026-06-25 20:14:04", "action": "get_test_sequence_status", "status": "executed", "risk_level": "low", "arguments": {}, "message": "当前页面无测试序列。"}
{"ts": "2026-06-25 20:14:06", "action": "get_test_sequence_status", "status": "executed", "risk_level": "low", "arguments": {}, "message": "当前页面无测试序列。"}
{"ts": "2026-06-25 20:14:07", "action": "get_test_sequence_status", "status": "executed", "risk_level": "low", "arguments": {}, "message": "当前页面无测试序列。"}
{"ts": "2026-06-25 20:14:09", "action": "get_test_sequence_status", "status": "executed", "risk_level": "low", "arguments": {}, "message": "当前页面无测试序列。"}
{"ts": "2026-06-25 20:14:10", "action": "get_test_sequence_status", "status": "executed", "risk_level": "low", "arguments": {}, "message": "当前页面无测试序列。"}
{"ts": "2026-06-25 20:14:12", "action": "get_test_sequence_status", "status": "executed", "risk_level": "low", "arguments": {}, "message": "当前页面无测试序列。"}
{"ts": "2026-06-25 20:14:13", "action": "get_test_sequence_status", "status": "executed", "risk_level": "low", "arguments": {}, "message": "当前页面无测试序列。"}
{"ts": "2026-06-25 20:14:15", "action": "get_test_sequence_status", "status": "executed", "risk_level": "low", "arguments": {}, "message": "当前页面无测试序列。"}
{"ts": "2026-06-25 20:14:16", "action": "get_test_sequence_status", "status": "executed", "risk_level": "low", "arguments": {}, "message": "当前页面无测试序列。"}
{"ts": "2026-06-25 20:14:18", "action": "get_test_sequence_status", "status": "executed", "risk_level": "low", "arguments": {}, "message": "当前页面无测试序列。"}
{"ts": "2026-06-25 20:14:19", "action": "get_test_sequence_status", "status": "executed", "risk_level": "low", "arguments": {}, "message": "当前页面无测试序列。"}
{"ts": "2026-06-25 20:14:21", "action": "get_test_sequence_status", "status": "executed", "risk_level": "low", "arguments": {}, "message": "当前页面无测试序列。"}
{"ts": "2026-06-25 20:14:22", "action": "get_test_sequence_status", "status": "executed", "risk_level": "low", "arguments": {}, "message": "当前页面无测试序列。"}
{"ts": "2026-06-25 20:14:24", "action": "get_test_sequence_status", "status": "executed", "risk_level": "low", "arguments": {}, "message": "当前页面无测试序列。"}
{"ts": "2026-06-25 20:14:25", "action": "get_test_sequence_status", "status": "executed", "risk_level": "low", "arguments": {}, "message": "当前页面无测试序列。"}
{"ts": "2026-06-25 20:14:27", "action": "get_test_sequence_status", "status": "executed", "risk_level": "low", "arguments": {}, "message": "当前页面无测试序列。"}
{"ts": "2026-06-25 20:14:28", "action": "get_test_sequence_status", "status": "executed", "risk_level": "low", "arguments": {}, "message": "当前页面无测试序列。"}
{"ts": "2026-06-25 20:14:30", "action": "get_test_sequence_status", "status": "executed", "risk_level": "low", "arguments": {}, "message": "当前页面无测试序列。"}
{"ts": "2026-06-25 20:14:31", "action": "get_test_sequence_status", "status": "executed", "risk_level": "low", "arguments": {}, "message": "当前页面无测试序列。"}
{"ts": "2026-06-25 20:14:33", "action": "get_test_sequence_status", "status": "executed", "risk_level": "low", "arguments": {}, "message": "当前页面无测试序列。"}
{"ts": "2026-06-25 20:14:34", "action": "get_test_sequence_status", "status": "executed", "risk_level": "low", "arguments": {}, "message": "当前页面无测试序列。"}
{"ts": "2026-06-25 20:14:36", "action": "get_test_sequence_status", "status": "executed", "risk_level": "low", "arguments": {}, "message": "当前页面无测试序列。"}
{"ts": "2026-06-25 20:14:37", "action": "get_test_sequence_status", "status": "executed", "risk_level": "low", "arguments": {}, "message": "当前页面无测试序列。"}
{"ts": "2026-06-25 20:14:39", "action": "get_test_sequence_status", "status": "executed", "risk_level": "low", "arguments": {}, "message": "当前页面无测试序列。"}
{"ts": "2026-06-25 20:14:40", "action": "get_test_sequence_status", "status": "executed", "risk_level": "low", "arguments": {}, "message": "当前页面无测试序列。"}
{"ts": "2026-06-25 20:14:42", "action": "get_test_sequence_status", "status": "executed", "risk_level": "low", "arguments": {}, "message": "当前页面无测试序列。"}
{"ts": "2026-06-25 20:14:43", "action": "get_test_sequence_status", "status": "executed", "risk_level": "low", "arguments": {}, "message": "当前页面无测试序列。"}
{"ts": "2026-06-25 20:14:45", "action": "get_test_sequence_status", "status": "executed", "risk_level": "low", "arguments": {}, "message": "当前页面无测试序列。"}
{"ts": "2026-06-25 20:14:46", "action": "get_test_sequence_status", "status": "executed", "risk_level": "low", "arguments": {}, "message": "当前页面无测试序列。"}
{"ts": "2026-06-25 20:14:48", "action": "get_test_sequence_status", "status": "executed", "risk_level": "low", "arguments": {}, "message": "当前页面无测试序列。"}
{"ts": "2026-06-25 20:14:49", "action": "get_test_sequence_status", "status": "executed", "risk_level": "low", "arguments": {}, "message": "当前页面无测试序列。"}
{"ts": "2026-06-25 20:14:51", "action": "get_test_sequence_status", "status": "executed", "risk_level": "low", "arguments": {}, "message": "当前页面无测试序列。"}
{"ts": "2026-06-25 20:14:52", "action": "get_test_sequence_status", "status": "executed", "risk_level": "low", "arguments": {}, "message": "当前页面无测试序列。"}
{"ts": "2026-06-25 20:14:54", "action": "get_test_sequence_status", "status": "executed", "risk_level": "low", "arguments": {}, "message": "当前页面无测试序列。"}
{"ts": "2026-06-25 20:14:55", "action": "get_test_sequence_status", "status": "executed", "risk_level": "low", "arguments": {}, "message": "当前页面无测试序列。"}
{"ts": "2026-06-25 20:14:57", "action": "get_test_sequence_status", "status": "executed", "risk_level": "low", "arguments": {}, "message": "当前页面无测试序列。"}
{"ts": "2026-06-25 20:14:58", "action": "get_test_sequence_status", "status": "executed", "risk_level": "low", "arguments": {}, "message": "当前页面无测试序列。"}
{"ts": "2026-06-25 20:15:00", "action": "get_test_sequence_status", "status": "executed", "risk_level": "low", "arguments": {}, "message": "当前页面无测试序列。"}
{"ts": "2026-06-25 20:15:01", "action": "get_test_sequence_status", "status": "executed", "risk_level": "low", "arguments": {}, "message": "当前页面无测试序列。"}
{"ts": "2026-06-25 20:15:03", "action": "get_test_sequence_status", "status": "executed", "risk_level": "low", "arguments": {}, "message": "当前页面无测试序列。"}
{"ts": "2026-06-25 20:15:04", "action": "get_test_sequence_status", "status": "executed", "risk_level": "low", "arguments": {}, "message": "当前页面无测试序列。"}
{"ts": "2026-06-25 20:15:06", "action": "get_test_sequence_status", "status": "executed", "risk_level": "low", "arguments": {}, "message": "当前页面无测试序列。"}
{"ts": "2026-06-25 20:15:07", "action": "get_test_sequence_status", "status": "executed", "risk_level": "low", "arguments": {}, "message": "当前页面无测试序列。"}
{"ts": "2026-06-25 20:15:09", "action": "get_test_sequence_status", "status": "executed", "risk_level": "low", "arguments": {}, "message": "当前页面无测试序列。"}
{"ts": "2026-06-25 20:15:10", "action": "get_test_sequence_status", "status": "executed", "risk_level": "low", "arguments": {}, "message": "当前页面无测试序列。"}
{"ts": "2026-06-25 20:15:12", "action": "get_test_sequence_status", "status": "executed", "risk_level": "low", "arguments": {}, "message": "当前页面无测试序列。"}
{"ts": "2026-06-25 20:15:13", "action": "get_test_sequence_status", "status": "executed", "risk_level": "low", "arguments": {}, "message": "当前页面无测试序列。"}
{"ts": "2026-06-25 20:15:15", "action": "get_test_sequence_status", "status": "executed", "risk_level": "low", "arguments": {}, "message": "当前页面无测试序列。"}
{"ts": "2026-06-25 20:15:16", "action": "get_test_sequence_status", "status": "executed", "risk_level": "low", "arguments": {}, "message": "当前页面无测试序列。"}
{"ts": "2026-06-25 20:15:18", "action": "get_test_sequence_status", "status": "executed", "risk_level": "low", "arguments": {}, "message": "当前页面无测试序列。"}
{"ts": "2026-06-25 20:15:19", "action": "get_test_sequence_status", "status": "executed", "risk_level": "low", "arguments": {}, "message": "当前页面无测试序列。"}
{"ts": "2026-06-25 20:15:21", "action": "get_test_sequence_status", "status": "executed", "risk_level": "low", "arguments": {}, "message": "当前页面无测试序列。"}
{"ts": "2026-06-25 20:15:22", "action": "get_test_sequence_status", "status": "executed", "risk_level": "low", "arguments": {}, "message": "当前页面无测试序列。"}
{"ts": "2026-06-25 20:15:24", "action": "get_test_sequence_status", "status": "executed", "risk_level": "low", "arguments": {}, "message": "当前页面无测试序列。"}
{"ts": "2026-06-25 20:15:25", "action": "get_test_sequence_status", "status": "executed", "risk_level": "low", "arguments": {}, "message": "当前页面无测试序列。"}
{"ts": "2026-06-25 20:15:27", "action": "get_test_sequence_status", "status": "executed", "risk_level": "low", "arguments": {}, "message": "当前页面无测试序列。"}
{"ts": "2026-06-25 20:15:28", "action": "get_test_sequence_status", "status": "executed", "risk_level": "low", "arguments": {}, "message": "当前页面无测试序列。"}
{"ts": "2026-06-25 20:15:30", "action": "get_test_sequence_status", "status": "executed", "risk_level": "low", "arguments": {}, "message": "当前页面无测试序列。"}
{"ts": "2026-06-25 20:15:31", "action": "get_test_sequence_status", "status": "executed", "risk_level": "low", "arguments": {}, "message": "当前页面无测试序列。"}
{"ts": "2026-06-25 20:15:33", "action": "get_test_sequence_status", "status": "executed", "risk_level": "low", "arguments": {}, "message": "当前页面无测试序列。"}
{"ts": "2026-06-25 20:15:34", "action": "get_test_sequence_status", "status": "executed", "risk_level": "low", "arguments": {}, "message": "当前页面无测试序列。"}
{"ts": "2026-06-25 20:15:36", "action": "get_test_sequence_status", "status": "executed", "risk_level": "low", "arguments": {}, "message": "当前页面无测试序列。"}
{"ts": "2026-06-25 20:15:37", "action": "get_test_sequence_status", "status": "executed", "risk_level": "low", "arguments": {}, "message": "当前页面无测试序列。"}
{"ts": "2026-06-25 20:15:39", "action": "get_test_sequence_status", "status": "executed", "risk_level": "low", "arguments": {}, "message": "当前页面无测试序列。"}
{"ts": "2026-06-25 20:15:40", "action": "get_test_sequence_status", "status": "executed", "risk_level": "low", "arguments": {}, "message": "当前页面无测试序列。"}
{"ts": "2026-06-25 20:15:42", "action": "get_test_sequence_status", "status": "executed", "risk_level": "low", "arguments": {}, "message": "当前页面无测试序列。"}
{"ts": "2026-06-25 20:15:43", "action": "get_test_sequence_status", "status": "executed", "risk_level": "low", "arguments": {}, "message": "当前页面无测试序列。"}
{"ts": "2026-06-25 20:15:45", "action": "get_test_sequence_status", "status": "executed", "risk_level": "low", "arguments": {}, "message": "当前页面无测试序列。"}
{"ts": "2026-06-25 20:15:46", "action": "get_test_sequence_status", "status": "executed", "risk_level": "low", "arguments": {}, "message": "当前页面无测试序列。"}
{"ts": "2026-06-25 20:15:48", "action": "get_test_sequence_status", "status": "executed", "risk_level": "low", "arguments": {}, "message": "当前页面无测试序列。"}
{"ts": "2026-06-25 20:15:49", "action": "get_test_sequence_status", "status": "executed", "risk_level": "low", "arguments": {}, "message": "当前页面无测试序列。"}
{"ts": "2026-06-25 20:15:51", "action": "get_test_sequence_status", "status": "executed", "risk_level": "low", "arguments": {}, "message": "当前页面无测试序列。"}
{"ts": "2026-06-25 20:15:52", "action": "get_test_sequence_status", "status": "executed", "risk_level": "low", "arguments": {}, "message": "当前页面无测试序列。"}
{"ts": "2026-06-25 20:15:54", "action": "get_test_sequence_status", "status": "executed", "risk_level": "low", "arguments": {}, "message": "当前页面无测试序列。"}
{"ts": "2026-06-25 20:15:55", "action": "get_test_sequence_status", "status": "executed", "risk_level": "low", "arguments": {}, "message": "当前页面无测试序列。"}
{"ts": "2026-06-25 20:15:57", "action": "get_test_sequence_status", "status": "executed", "risk_level": "low", "arguments": {}, "message": "当前页面无测试序列。"}
{"ts": "2026-06-25 20:15:58", "action": "get_test_sequence_status", "status": "executed", "risk_level": "low", "arguments": {}, "message": "当前页面无测试序列。"}
{"ts": "2026-06-25 20:16:00", "action": "get_test_sequence_status", "status": "executed", "risk_level": "low", "arguments": {}, "message": "当前页面无测试序列。"}
{"ts": "2026-06-25 20:16:01", "action": "get_test_sequence_status", "status": "executed", "risk_level": "low", "arguments": {}, "message": "当前页面无测试序列。"}
{"ts": "2026-06-25 20:16:03", "action": "get_test_sequence_status", "status": "executed", "risk_level": "low", "arguments": {}, "message": "当前页面无测试序列。"}
{"ts": "2026-06-25 20:16:04", "action": "get_test_sequence_status", "status": "executed", "risk_level": "low", "arguments": {}, "message": "当前页面无测试序列。"}
{"ts": "2026-06-25 20:16:06", "action": "get_test_sequence_status", "status": "executed", "risk_level": "low", "arguments": {}, "message": "当前页面无测试序列。"}
{"ts": "2026-06-25 20:16:07", "action": "get_test_sequence_status", "status": "executed", "risk_level": "low", "arguments": {}, "message": "当前页面无测试序列。"}
{"ts": "2026-06-25 20:16:09", "action": "get_test_sequence_status", "status": "executed", "risk_level": "low", "arguments": {}, "message": "当前页面无测试序列。"}
{"ts": "2026-06-25 20:16:10", "action": "get_test_sequence_status", "status": "executed", "risk_level": "low", "arguments": {}, "message": "当前页面无测试序列。"}
{"ts": "2026-06-25 20:16:12", "action": "get_test_sequence_status", "status": "executed", "risk_level": "low", "arguments": {}, "message": "当前页面无测试序列。"}
{"ts": "2026-06-25 20:16:13", "action": "get_test_sequence_status", "status": "executed", "risk_level": "low", "arguments": {}, "message": "当前页面无测试序列。"}
{"ts": "2026-06-25 20:16:15", "action": "get_test_sequence_status", "status": "executed", "risk_level": "low", "arguments": {}, "message": "当前页面无测试序列。"}
{"ts": "2026-06-25 20:16:16", "action": "get_test_sequence_status", "status": "executed", "risk_level": "low", "arguments": {}, "message": "当前页面无测试序列。"}
{"ts": "2026-06-25 20:16:18", "action": "get_test_sequence_status", "status": "executed", "risk_level": "low", "arguments": {}, "message": "当前页面无测试序列。"}
{"ts": "2026-06-25 20:16:19", "action": "get_test_sequence_status", "status": "executed", "risk_level": "low", "arguments": {}, "message": "当前页面无测试序列。"}
{"ts": "2026-06-25 20:16:21", "action": "get_test_sequence_status", "status": "executed", "risk_level": "low", "arguments": {}, "message": "当前页面无测试序列。"}
{"ts": "2026-06-25 20:16:22", "action": "get_test_sequence_status", "status": "executed", "risk_level": "low", "arguments": {}, "message": "当前页面无测试序列。"}
{"ts": "2026-06-25 20:16:24", "action": "get_test_sequence_status", "status": "executed", "risk_level": "low", "arguments": {}, "message": "当前页面无测试序列。"}
{"ts": "2026-06-25 20:16:25", "action": "get_test_sequence_status", "status": "executed", "risk_level": "low", "arguments": {}, "message": "当前页面无测试序列。"}
{"ts": "2026-06-25 20:16:27", "action": "get_test_sequence_status", "status": "executed", "risk_level": "low", "arguments": {}, "message": "当前页面无测试序列。"}
{"ts": "2026-06-25 20:16:28", "action": "get_test_sequence_status", "status": "executed", "risk_level": "low", "arguments": {}, "message": "当前页面无测试序列。"}
{"ts": "2026-06-25 20:16:30", "action": "get_test_sequence_status", "status": "executed", "risk_level": "low", "arguments": {}, "message": "当前页面无测试序列。"}
{"ts": "2026-06-25 20:16:31", "action": "get_test_sequence_status", "status": "executed", "risk_level": "low", "arguments": {}, "message": "当前页面无测试序列。"}
{"ts": "2026-06-25 20:16:33", "action": "get_test_sequence_status", "status": "executed", "risk_level": "low", "arguments": {}, "message": "当前页面无测试序列。"}
{"ts": "2026-06-25 20:16:34", "action": "get_test_sequence_status", "status": "executed", "risk_level": "low", "arguments": {}, "message": "当前页面无测试序列。"}
{"ts": "2026-06-25 20:16:36", "action": "get_test_sequence_status", "status": "executed", "risk_level": "low", "arguments": {}, "message": "当前页面无测试序列。"}
{"ts": "2026-06-25 20:16:37", "action": "get_test_sequence_status", "status": "executed", "risk_level": "low", "arguments": {}, "message": "当前页面无测试序列。"}
{"ts": "2026-06-25 20:16:39", "action": "get_test_sequence_status", "status": "executed", "risk_level": "low", "arguments": {}, "message": "当前页面无测试序列。"}
{"ts": "2026-06-25 20:16:40", "action": "get_test_sequence_status", "status": "executed", "risk_level": "low", "arguments": {}, "message": "当前页面无测试序列。"}
{"ts": "2026-06-25 20:16:42", "action": "get_test_sequence_status", "status": "executed", "risk_level": "low", "arguments": {}, "message": "当前页面无测试序列。"}
{"ts": "2026-06-25 20:16:43", "action": "get_test_sequence_status", "status": "executed", "risk_level": "low", "arguments": {}, "message": "当前页面无测试序列。"}
{"ts": "2026-06-25 20:16:45", "action": "get_test_sequence_status", "status": "executed", "risk_level": "low", "arguments": {}, "message": "当前页面无测试序列。"}
{"ts": "2026-06-25 20:16:46", "action": "get_test_sequence_status", "status": "executed", "risk_level": "low", "arguments": {}, "message": "当前页面无测试序列。"}
{"ts": "2026-06-25 20:16:48", "action": "get_test_sequence_status", "status": "executed", "risk_level": "low", "arguments": {}, "message": "当前页面无测试序列。"}
{"ts": "2026-06-25 20:16:49", "action": "get_test_sequence_status", "status": "executed", "risk_level": "low", "arguments": {}, "message": "当前页面无测试序列。"}
{"ts": "2026-06-25 20:16:51", "action": "get_test_sequence_status", "status": "executed", "risk_level": "low", "arguments": {}, "message": "当前页面无测试序列。"}
{"ts": "2026-06-25 20:16:52", "action": "get_test_sequence_status", "status": "executed", "risk_level": "low", "arguments": {}, "message": "当前页面无测试序列。"}
{"ts": "2026-06-25 20:16:54", "action": "get_test_sequence_status", "status": "executed", "risk_level": "low", "arguments": {}, "message": "当前页面无测试序列。"}
{"ts": "2026-06-25 20:16:55", "action": "get_test_sequence_status", "status": "executed", "risk_level": "low", "arguments": {}, "message": "当前页面无测试序列。"}
{"ts": "2026-06-25 20:16:57", "action": "get_test_sequence_status", "status": "executed", "risk_level": "low", "arguments": {}, "message": "当前页面无测试序列。"}
{"ts": "2026-06-25 20:16:58", "action": "get_test_sequence_status", "status": "executed", "risk_level": "low", "arguments": {}, "message": "当前页面无测试序列。"}
{"ts": "2026-06-25 20:17:00", "action": "get_test_sequence_status", "status": "executed", "risk_level": "low", "arguments": {}, "message": "当前页面无测试序列。"}
{"ts": "2026-06-25 20:17:01", "action": "get_test_sequence_status", "status": "executed", "risk_level": "low", "arguments": {}, "message": "当前页面无测试序列。"}
{"ts": "2026-06-25 20:17:03", "action": "get_test_sequence_status", "status": "executed", "risk_level": "low", "arguments": {}, "message": "当前页面无测试序列。"}
{"ts": "2026-06-25 20:17:04", "action": "get_test_sequence_status", "status": "executed", "risk_level": "low", "arguments": {}, "message": "当前页面无测试序列。"}
{"ts": "2026-06-25 20:17:06", "action": "get_test_sequence_status", "status": "executed", "risk_level": "low", "arguments": {}, "message": "当前页面无测试序列。"}
{"ts": "2026-06-25 20:17:07", "action": "get_test_sequence_status", "status": "executed", "risk_level": "low", "arguments": {}, "message": "当前页面无测试序列。"}
{"ts": "2026-06-25 20:17:09", "action": "get_test_sequence_status", "status": "executed", "risk_level": "low", "arguments": {}, "message": "当前页面无测试序列。"}
{"ts": "2026-06-25 20:17:10", "action": "get_test_sequence_status", "status": "executed", "risk_level": "low", "arguments": {}, "message": "当前页面无测试序列。"}
{"ts": "2026-06-25 20:17:12", "action": "get_test_sequence_status", "status": "executed", "risk_level": "low", "arguments": {}, "message": "当前页面无测试序列。"}
{"ts": "2026-06-25 20:17:13", "action": "get_test_sequence_status", "status": "executed", "risk_level": "low", "arguments": {}, "message": "当前页面无测试序列。"}
{"ts": "2026-06-25 20:17:15", "action": "get_test_sequence_status", "status": "executed", "risk_level": "low", "arguments": {}, "message": "当前页面无测试序列。"}
{"ts": "2026-06-25 20:17:16", "action": "get_test_sequence_status", "status": "executed", "risk_level": "low", "arguments": {}, "message": "当前页面无测试序列。"}
{"ts": "2026-06-25 20:17:18", "action": "get_test_sequence_status", "status": "executed", "risk_level": "low", "arguments": {}, "message": "当前页面无测试序列。"}
{"ts": "2026-06-25 20:17:19", "action": "get_test_sequence_status", "status": "executed", "risk_level": "low", "arguments": {}, "message": "当前页面无测试序列。"}
{"ts": "2026-06-25 20:17:21", "action": "get_test_sequence_status", "status": "executed", "risk_level": "low", "arguments": {}, "message": "当前页面无测试序列。"}
{"ts": "2026-06-25 20:17:22", "action": "get_test_sequence_status", "status": "executed", "risk_level": "low", "arguments": {}, "message": "当前页面无测试序列。"}
{"ts": "2026-06-25 20:17:24", "action": "get_test_sequence_status", "status": "executed", "risk_level": "low", "arguments": {}, "message": "当前页面无测试序列。"}
{"ts": "2026-06-25 20:17:25", "action": "get_test_sequence_status", "status": "executed", "risk_level": "low", "arguments": {}, "message": "当前页面无测试序列。"}
{"ts": "2026-06-25 20:17:27", "action": "get_test_sequence_status", "status": "executed", "risk_level": "low", "arguments": {}, "message": "当前页面无测试序列。"}
{"ts": "2026-06-25 20:17:28", "action": "get_test_sequence_status", "status": "executed", "risk_level": "low", "arguments": {}, "message": "当前页面无测试序列。"}
{"ts": "2026-06-25 20:17:30", "action": "get_test_sequence_status", "status": "executed", "risk_level": "low", "arguments": {}, "message": "当前页面无测试序列。"}
{"ts": "2026-06-25 20:17:31", "action": "get_test_sequence_status", "status": "executed", "risk_level": "low", "arguments": {}, "message": "当前页面无测试序列。"}
{"ts": "2026-06-25 20:17:33", "action": "get_test_sequence_status", "status": "executed", "risk_level": "low", "arguments": {}, "message": "当前页面无测试序列。"}
{"ts": "2026-06-25 20:17:34", "action": "get_test_sequence_status", "status": "executed", "risk_level": "low", "arguments": {}, "message": "当前页面无测试序列。"}
{"ts": "2026-06-25 20:17:36", "action": "get_test_sequence_status", "status": "executed", "risk_level": "low", "arguments": {}, "message": "当前页面无测试序列。"}
{"ts": "2026-06-25 20:17:37", "action": "get_test_sequence_status", "status": "executed", "risk_level": "low", "arguments": {}, "message": "当前页面无测试序列。"}
{"ts": "2026-06-25 20:17:39", "action": "get_test_sequence_status", "status": "executed", "risk_level": "low", "arguments": {}, "message": "当前页面无测试序列。"}
{"ts": "2026-06-25 20:17:40", "action": "get_test_sequence_status", "status": "executed", "risk_level": "low", "arguments": {}, "message": "当前页面无测试序列。"}
{"ts": "2026-06-25 20:17:42", "action": "get_test_sequence_status", "status": "executed", "risk_level": "low", "arguments": {}, "message": "当前页面无测试序列。"}
{"ts": "2026-06-25 20:17:43", "action": "get_test_sequence_status", "status": "executed", "risk_level": "low", "arguments": {}, "message": "当前页面无测试序列。"}
{"ts": "2026-06-25 20:17:45", "action": "get_test_sequence_status", "status": "executed", "risk_level": "low", "arguments": {}, "message": "当前页面无测试序列。"}
{"ts": "2026-06-25 20:17:46", "action": "get_test_sequence_status", "status": "executed", "risk_level": "low", "arguments": {}, "message": "当前页面无测试序列。"}
{"ts": "2026-06-25 20:17:48", "action": "get_test_sequence_status", "status": "executed", "risk_level": "low", "arguments": {}, "message": "当前页面无测试序列。"}
{"ts": "2026-06-25 20:17:49", "action": "get_test_sequence_status", "status": "executed", "risk_level": "low", "arguments": {}, "message": "当前页面无测试序列。"}
{"ts": "2026-06-25 20:17:51", "action": "get_test_sequence_status", "status": "executed", "risk_level": "low", "arguments": {}, "message": "当前页面无测试序列。"}
{"ts": "2026-06-25 20:17:52", "action": "get_test_sequence_status", "status": "executed", "risk_level": "low", "arguments": {}, "message": "当前页面无测试序列。"}
{"ts": "2026-06-25 20:17:54", "action": "get_test_sequence_status", "status": "executed", "risk_level": "low", "arguments": {}, "message": "当前页面无测试序列。"}
{"ts": "2026-06-25 20:17:55", "action": "get_test_sequence_status", "status": "executed", "risk_level": "low", "arguments": {}, "message": "当前页面无测试序列。"}
{"ts": "2026-06-25 20:17:57", "action": "get_test_sequence_status", "status": "executed", "risk_level": "low", "arguments": {}, "message": "当前页面无测试序列。"}
{"ts": "2026-06-25 20:17:58", "action": "get_test_sequence_status", "status": "executed", "risk_level": "low", "arguments": {}, "message": "当前页面无测试序列。"}
{"ts": "2026-06-25 20:18:00", "action": "get_test_sequence_status", "status": "executed", "risk_level": "low", "arguments": {}, "message": "当前页面无测试序列。"}
{"ts": "2026-06-25 20:18:01", "action": "get_test_sequence_status", "status": "executed", "risk_level": "low", "arguments": {}, "message": "当前页面无测试序列。"}
{"ts": "2026-06-25 20:18:03", "action": "get_test_sequence_status", "status": "executed", "risk_level": "low", "arguments": {}, "message": "当前页面无测试序列。"}
{"ts": "2026-06-25 20:18:04", "action": "get_test_sequence_status", "status": "executed", "risk_level": "low", "arguments": {}, "message": "当前页面无测试序列。"}
{"ts": "2026-06-25 20:18:06", "action": "get_test_sequence_status", "status": "executed", "risk_level": "low", "arguments": {}, "message": "当前页面无测试序列。"}
{"ts": "2026-06-25 20:18:07", "action": "get_test_sequence_status", "status": "executed", "risk_level": "low", "arguments": {}, "message": "当前页面无测试序列。"}
{"ts": "2026-06-25 20:18:09", "action": "get_test_sequence_status", "status": "executed", "risk_level": "low", "arguments": {}, "message": "当前页面无测试序列。"}
{"ts": "2026-06-25 20:18:10", "action": "get_test_sequence_status", "status": "executed", "risk_level": "low", "arguments": {}, "message": "当前页面无测试序列。"}
{"ts": "2026-06-25 20:18:12", "action": "get_test_sequence_status", "status": "executed", "risk_level": "low", "arguments": {}, "message": "当前页面无测试序列。"}
{"ts": "2026-06-25 20:18:13", "action": "get_test_sequence_status", "status": "executed", "risk_level": "low", "arguments": {}, "message": "当前页面无测试序列。"}
{"ts": "2026-06-25 20:18:15", "action": "get_test_sequence_status", "status": "executed", "risk_level": "low", "arguments": {}, "message": "当前页面无测试序列。"}
{"ts": "2026-06-25 20:18:16", "action": "get_test_sequence_status", "status": "executed", "risk_level": "low", "arguments": {}, "message": "当前页面无测试序列。"}
{"ts": "2026-06-25 20:18:18", "action": "get_test_sequence_status", "status": "executed", "risk_level": "low", "arguments": {}, "message": "当前页面无测试序列。"}
{"ts": "2026-06-25 20:18:19", "action": "get_test_sequence_status", "status": "executed", "risk_level": "low", "arguments": {}, "message": "当前页面无测试序列。"}
{"ts": "2026-06-25 20:18:21", "action": "get_test_sequence_status", "status": "executed", "risk_level": "low", "arguments": {}, "message": "当前页面无测试序列。"}
{"ts": "2026-06-25 20:18:22", "action": "get_test_sequence_status", "status": "executed", "risk_level": "low", "arguments": {}, "message": "当前页面无测试序列。"}
{"ts": "2026-06-25 20:18:24", "action": "get_test_sequence_status", "status": "executed", "risk_level": "low", "arguments": {}, "message": "当前页面无测试序列。"}
{"ts": "2026-06-25 20:18:25", "action": "get_test_sequence_status", "status": "executed", "risk_level": "low", "arguments": {}, "message": "当前页面无测试序列。"}
{"ts": "2026-06-25 20:18:27", "action": "get_test_sequence_status", "status": "executed", "risk_level": "low", "arguments": {}, "message": "当前页面无测试序列。"}
{"ts": "2026-06-25 20:18:28", "action": "get_test_sequence_status", "status": "executed", "risk_level": "low", "arguments": {}, "message": "当前页面无测试序列。"}
{"ts": "2026-06-25 20:18:30", "action": "get_test_sequence_status", "status": "executed", "risk_level": "low", "arguments": {}, "message": "当前页面无测试序列。"}
{"ts": "2026-06-25 20:18:31", "action": "get_test_sequence_status", "status": "executed", "risk_level": "low", "arguments": {}, "message": "当前页面无测试序列。"}
{"ts": "2026-06-25 20:18:33", "action": "get_test_sequence_status", "status": "executed", "risk_level": "low", "arguments": {}, "message": "当前页面无测试序列。"}
{"ts": "2026-06-25 20:18:34", "action": "get_test_sequence_status", "status": "executed", "risk_level": "low", "arguments": {}, "message": "当前页面无测试序列。"}
{"ts": "2026-06-25 20:18:36", "action": "get_test_sequence_status", "status": "executed", "risk_level": "low", "arguments": {}, "message": "当前页面无测试序列。"}
{"ts": "2026-06-25 20:18:37", "action": "get_test_sequence_status", "status": "executed", "risk_level": "low", "arguments": {}, "message": "当前页面无测试序列。"}
{"ts": "2026-06-25 20:18:39", "action": "get_test_sequence_status", "status": "executed", "risk_level": "low", "arguments": {}, "message": "当前页面无测试序列。"}
{"ts": "2026-06-25 20:18:40", "action": "get_test_sequence_status", "status": "executed", "risk_level": "low", "arguments": {}, "message": "当前页面无测试序列。"}
{"ts": "2026-06-25 20:18:42", "action": "get_test_sequence_status", "status": "executed", "risk_level": "low", "arguments": {}, "message": "当前页面无测试序列。"}
{"ts": "2026-06-25 20:18:43", "action": "get_test_sequence_status", "status": "executed", "risk_level": "low", "arguments": {}, "message": "当前页面无测试序列。"}
{"ts": "2026-06-25 20:18:45", "action": "get_test_sequence_status", "status": "executed", "risk_level": "low", "arguments": {}, "message": "当前页面无测试序列。"}
{"ts": "2026-06-25 20:18:46", "action": "get_test_sequence_status", "status": "executed", "risk_level": "low", "arguments": {}, "message": "当前页面无测试序列。"}
{"ts": "2026-06-25 20:18:48", "action": "get_test_sequence_status", "status": "executed", "risk_level": "low", "arguments": {}, "message": "当前页面无测试序列。"}
{"ts": "2026-06-25 20:18:49", "action": "get_test_sequence_status", "status": "executed", "risk_level": "low", "arguments": {}, "message": "当前页面无测试序列。"}
{"ts": "2026-06-25 20:18:51", "action": "get_test_sequence_status", "status": "executed", "risk_level": "low", "arguments": {}, "message": "当前页面无测试序列。"}
{"ts": "2026-06-25 20:18:52", "action": "get_test_sequence_status", "status": "executed", "risk_level": "low", "arguments": {}, "message": "当前页面无测试序列。"}
{"ts": "2026-06-25 20:18:54", "action": "get_test_sequence_status", "status": "executed", "risk_level": "low", "arguments": {}, "message": "当前页面无测试序列。"}
{"ts": "2026-06-25 20:18:55", "action": "get_test_sequence_status", "status": "executed", "risk_level": "low", "arguments": {}, "message": "当前页面无测试序列。"}
{"ts": "2026-06-25 20:18:57", "action": "get_test_sequence_status", "status": "executed", "risk_level": "low", "arguments": {}, "message": "当前页面无测试序列。"}
{"ts": "2026-06-25 20:18:58", "action": "get_test_sequence_status", "status": "executed", "risk_level": "low", "arguments": {}, "message": "当前页面无测试序列。"}
{"ts": "2026-06-25 20:19:00", "action": "get_test_sequence_status", "status": "executed", "risk_level": "low", "arguments": {}, "message": "当前页面无测试序列。"}
{"ts": "2026-06-25 20:19:01", "action": "get_test_sequence_status", "status": "executed", "risk_level": "low", "arguments": {}, "message": "当前页面无测试序列。"}
{"ts": "2026-06-25 20:19:03", "action": "get_test_sequence_status", "status": "executed", "risk_level": "low", "arguments": {}, "message": "当前页面无测试序列。"}
{"ts": "2026-06-25 20:19:04", "action": "get_test_sequence_status", "status": "executed", "risk_level": "low", "arguments": {}, "message": "当前页面无测试序列。"}
{"ts": "2026-06-25 20:19:06", "action": "get_test_sequence_status", "status": "executed", "risk_level": "low", "arguments": {}, "message": "当前页面无测试序列。"}
{"ts": "2026-06-25 20:19:07", "action": "get_test_sequence_status", "status": "executed", "risk_level": "low", "arguments": {}, "message": "当前页面无测试序列。"}
{"ts": "2026-06-25 20:19:09", "action": "get_test_sequence_status", "status": "executed", "risk_level": "low", "arguments": {}, "message": "当前页面无测试序列。"}
{"ts": "2026-06-25 20:19:10", "action": "get_test_sequence_status", "status": "executed", "risk_level": "low", "arguments": {}, "message": "当前页面无测试序列。"}
{"ts": "2026-06-25 20:19:12", "action": "get_test_sequence_status", "status": "executed", "risk_level": "low", "arguments": {}, "message": "当前页面无测试序列。"}
{"ts": "2026-06-25 20:41:11", "action": "get_current_page", "status": "executed", "risk_level": "low", "arguments": {}, "message": "当前页面：pmu_dcdc_efficiency"}
{"ts": "2026-06-25 20:41:11", "action": "get_current_test_config", "status": "executed", "risk_level": "low", "arguments": {}, "message": ""}
{"ts": "2026-06-25 20:41:25", "action": "get_current_test_config", "status": "executed", "risk_level": "low", "arguments": {}, "message": ""}
{"ts": "2026-06-25 20:41:40", "action": "start_test_sequence", "status": "executed", "risk_level": "high", "arguments": {}, "message": "已请求启动 DCDC 效率测试。"}
{"ts": "2026-06-25 20:41:41", "action": "get_test_sequence_status", "status": "executed", "risk_level": "low", "arguments": {}, "message": "当前页面无测试序列。"}
{"ts": "2026-06-25 20:41:43", "action": "get_test_sequence_status", "status": "executed", "risk_level": "low", "arguments": {}, "message": "当前页面无测试序列。"}
{"ts": "2026-06-25 20:41:45", "action": "get_test_sequence_status", "status": "executed", "risk_level": "low", "arguments": {}, "message": "当前页面无测试序列。"}
{"ts": "2026-06-25 20:41:46", "action": "get_test_sequence_status", "status": "executed", "risk_level": "low", "arguments": {}, "message": "当前页面无测试序列。"}
{"ts": "2026-06-25 20:41:48", "action": "get_test_sequence_status", "status": "executed", "risk_level": "low", "arguments": {}, "message": "当前页面无测试序列。"}
{"ts": "2026-06-25 20:41:49", "action": "get_test_sequence_status", "status": "executed", "risk_level": "low", "arguments": {}, "message": "当前页面无测试序列。"}
{"ts": "2026-06-25 20:41:51", "action": "get_test_sequence_status", "status": "executed", "risk_level": "low", "arguments": {}, "message": "当前页面无测试序列。"}
{"ts": "2026-06-25 20:41:52", "action": "get_test_sequence_status", "status": "executed", "risk_level": "low", "arguments": {}, "message": "当前页面无测试序列。"}
{"ts": "2026-06-25 20:41:54", "action": "get_test_sequence_status", "status": "executed", "risk_level": "low", "arguments": {}, "message": "当前页面无测试序列。"}
{"ts": "2026-06-25 20:41:55", "action": "get_test_sequence_status", "status": "executed", "risk_level": "low", "arguments": {}, "message": "当前页面无测试序列。"}
{"ts": "2026-06-25 20:41:57", "action": "get_test_sequence_status", "status": "executed", "risk_level": "low", "arguments": {}, "message": "当前页面无测试序列。"}
{"ts": "2026-06-25 20:41:57", "action": "get_task_result", "status": "executed", "risk_level": "low", "arguments": {"task_id": "T-0001"}, "message": "任务 T-0001 当前状态：pending。"}
{"ts": "2026-06-25 20:41:57", "action": "get_test_sequence_status", "status": "executed", "risk_level": "low", "arguments": {}, "message": "当前页面无测试序列。"}
{"ts": "2026-06-25 20:41:58", "action": "get_test_sequence_status", "status": "executed", "risk_level": "low", "arguments": {}, "message": "当前页面无测试序列。"}
{"ts": "2026-06-25 20:41:59", "action": "get_test_sequence_status", "status": "executed", "risk_level": "low", "arguments": {}, "message": "当前页面无测试序列。"}
{"ts": "2026-06-25 20:42:01", "action": "get_test_sequence_status", "status": "executed", "risk_level": "low", "arguments": {}, "message": "当前页面无测试序列。"}
{"ts": "2026-06-25 20:42:03", "action": "get_test_sequence_status", "status": "executed", "risk_level": "low", "arguments": {}, "message": "当前页面无测试序列。"}
{"ts": "2026-06-25 20:42:04", "action": "get_test_sequence_status", "status": "executed", "risk_level": "low", "arguments": {}, "message": "当前页面无测试序列。"}
{"ts": "2026-06-25 20:42:05", "action": "get_test_sequence_status", "status": "executed", "risk_level": "low", "arguments": {}, "message": "当前页面无测试序列。"}
{"ts": "2026-06-25 20:42:07", "action": "get_test_sequence_status", "status": "executed", "risk_level": "low", "arguments": {}, "message": "当前页面无测试序列。"}
{"ts": "2026-06-25 20:42:11", "action": "stop_test_sequence", "status": "cancelled", "risk_level": "high", "arguments": {}, "message": "用户取消或未确认。"}
{"ts": "2026-06-25 20:42:50", "action": "get_current_page", "status": "executed", "risk_level": "low", "arguments": {}, "message": "当前页面：pmu_dcdc_efficiency"}
{"ts": "2026-06-25 20:42:50", "action": "get_current_test_config", "status": "executed", "risk_level": "low", "arguments": {}, "message": ""}
{"ts": "2026-06-25 20:42:50", "action": "get_test_sequence_status", "status": "executed", "risk_level": "low", "arguments": {}, "message": "当前页面无测试序列。"}
{"ts": "2026-06-25 20:42:52", "action": "start_test_sequence", "status": "executed", "risk_level": "high", "arguments": {}, "message": "已请求启动 DCDC 效率测试。"}
{"ts": "2026-06-25 20:42:52", "action": "get_test_sequence_status", "status": "executed", "risk_level": "low", "arguments": {}, "message": "当前页面无测试序列。"}
{"ts": "2026-06-25 20:42:53", "action": "get_test_sequence_status", "status": "executed", "risk_level": "low", "arguments": {}, "message": "当前页面无测试序列。"}
{"ts": "2026-06-25 20:42:54", "action": "get_test_sequence_status", "status": "executed", "risk_level": "low", "arguments": {}, "message": "当前页面无测试序列。"}
{"ts": "2026-06-25 20:42:54", "action": "get_task_result", "status": "executed", "risk_level": "low", "arguments": {"task_id": "T-0001"}, "message": "任务 T-0001 当前状态：pending。"}
{"ts": "2026-06-25 20:42:54", "action": "get_test_result_summary", "status": "executed", "risk_level": "low", "arguments": {}, "message": "当前无测试结果。"}
{"ts": "2026-06-25 20:42:55", "action": "get_test_sequence_status", "status": "executed", "risk_level": "low", "arguments": {}, "message": "当前页面无测试序列。"}
{"ts": "2026-06-25 20:42:57", "action": "get_test_sequence_status", "status": "executed", "risk_level": "low", "arguments": {}, "message": "当前页面无测试序列。"}
{"ts": "2026-06-25 20:42:58", "action": "get_test_sequence_status", "status": "executed", "risk_level": "low", "arguments": {}, "message": "当前页面无测试序列。"}
{"ts": "2026-06-25 20:43:00", "action": "get_test_sequence_status", "status": "executed", "risk_level": "low", "arguments": {}, "message": "当前页面无测试序列。"}
{"ts": "2026-06-25 20:43:01", "action": "get_test_sequence_status", "status": "executed", "risk_level": "low", "arguments": {}, "message": "当前页面无测试序列。"}
{"ts": "2026-06-25 20:43:03", "action": "get_test_sequence_status", "status": "executed", "risk_level": "low", "arguments": {}, "message": "当前页面无测试序列。"}
{"ts": "2026-06-25 20:43:04", "action": "get_test_sequence_status", "status": "executed", "risk_level": "low", "arguments": {}, "message": "当前页面无测试序列。"}
{"ts": "2026-06-25 20:43:06", "action": "get_test_sequence_status", "status": "executed", "risk_level": "low", "arguments": {}, "message": "当前页面无测试序列。"}
{"ts": "2026-06-25 20:43:07", "action": "get_test_sequence_status", "status": "executed", "risk_level": "low", "arguments": {}, "message": "当前页面无测试序列。"}
{"ts": "2026-06-25 20:43:09", "action": "get_test_sequence_status", "status": "executed", "risk_level": "low", "arguments": {}, "message": "当前页面无测试序列。"}
{"ts": "2026-06-25 20:43:10", "action": "get_test_sequence_status", "status": "executed", "risk_level": "low", "arguments": {}, "message": "当前页面无测试序列。"}
{"ts": "2026-06-25 20:43:12", "action": "get_test_sequence_status", "status": "executed", "risk_level": "low", "arguments": {}, "message": "当前页面无测试序列。"}
{"ts": "2026-06-25 20:43:13", "action": "get_test_sequence_status", "status": "executed", "risk_level": "low", "arguments": {}, "message": "当前页面无测试序列。"}
{"ts": "2026-06-25 20:43:15", "action": "get_test_sequence_status", "status": "executed", "risk_level": "low", "arguments": {}, "message": "当前页面无测试序列。"}
{"ts": "2026-06-25 20:43:16", "action": "get_test_sequence_status", "status": "executed", "risk_level": "low", "arguments": {}, "message": "当前页面无测试序列。"}
{"ts": "2026-06-25 20:43:18", "action": "get_test_sequence_status", "status": "executed", "risk_level": "low", "arguments": {}, "message": "当前页面无测试序列。"}
{"ts": "2026-06-25 20:43:19", "action": "get_test_sequence_status", "status": "executed", "risk_level": "low", "arguments": {}, "message": "当前页面无测试序列。"}
{"ts": "2026-06-25 20:43:21", "action": "get_test_sequence_status", "status": "executed", "risk_level": "low", "arguments": {}, "message": "当前页面无测试序列。"}
{"ts": "2026-06-25 20:43:22", "action": "get_test_sequence_status", "status": "executed", "risk_level": "low", "arguments": {}, "message": "当前页面无测试序列。"}
{"ts": "2026-06-25 20:43:24", "action": "get_test_sequence_status", "status": "executed", "risk_level": "low", "arguments": {}, "message": "当前页面无测试序列。"}
{"ts": "2026-06-25 20:43:25", "action": "get_test_sequence_status", "status": "executed", "risk_level": "low", "arguments": {}, "message": "当前页面无测试序列。"}
{"ts": "2026-06-25 20:43:26", "action": "get_task_result", "status": "executed", "risk_level": "low", "arguments": {"task_id": "T-0001"}, "message": "任务 T-0001 当前状态：pending。"}
{"ts": "2026-06-25 20:43:26", "action": "get_test_sequence_status", "status": "executed", "risk_level": "low", "arguments": {}, "message": "当前页面无测试序列。"}
{"ts": "2026-06-25 20:43:27", "action": "get_test_sequence_status", "status": "executed", "risk_level": "low", "arguments": {}, "message": "当前页面无测试序列。"}
{"ts": "2026-06-25 20:43:28", "action": "get_test_sequence_status", "status": "executed", "risk_level": "low", "arguments": {}, "message": "当前页面无测试序列。"}
{"ts": "2026-06-25 20:43:30", "action": "get_test_sequence_status", "status": "executed", "risk_level": "low", "arguments": {}, "message": "当前页面无测试序列。"}
{"ts": "2026-06-25 20:43:31", "action": "get_test_sequence_status", "status": "executed", "risk_level": "low", "arguments": {}, "message": "当前页面无测试序列。"}
{"ts": "2026-06-25 20:43:33", "action": "get_test_sequence_status", "status": "executed", "risk_level": "low", "arguments": {}, "message": "当前页面无测试序列。"}
{"ts": "2026-06-25 20:43:34", "action": "get_test_sequence_status", "status": "executed", "risk_level": "low", "arguments": {}, "message": "当前页面无测试序列。"}
{"ts": "2026-06-25 20:43:36", "action": "get_test_sequence_status", "status": "executed", "risk_level": "low", "arguments": {}, "message": "当前页面无测试序列。"}
{"ts": "2026-06-25 20:43:37", "action": "get_test_sequence_status", "status": "executed", "risk_level": "low", "arguments": {}, "message": "当前页面无测试序列。"}
{"ts": "2026-06-25 20:43:39", "action": "get_test_sequence_status", "status": "executed", "risk_level": "low", "arguments": {}, "message": "当前页面无测试序列。"}
{"ts": "2026-06-25 20:43:40", "action": "get_test_sequence_status", "status": "executed", "risk_level": "low", "arguments": {}, "message": "当前页面无测试序列。"}
{"ts": "2026-06-25 20:43:42", "action": "get_test_sequence_status", "status": "executed", "risk_level": "low", "arguments": {}, "message": "当前页面无测试序列。"}
{"ts": "2026-06-25 20:43:43", "action": "get_task_result", "status": "executed", "risk_level": "low", "arguments": {"task_id": "T-0001"}, "message": "任务 T-0001 当前状态：pending。"}
{"ts": "2026-06-25 20:43:43", "action": "get_test_sequence_status", "status": "executed", "risk_level": "low", "arguments": {}, "message": "当前页面无测试序列。"}
{"ts": "2026-06-25 20:43:43", "action": "get_test_sequence_status", "status": "executed", "risk_level": "low", "arguments": {}, "message": "当前页面无测试序列。"}
{"ts": "2026-06-25 20:43:45", "action": "get_test_sequence_status", "status": "executed", "risk_level": "low", "arguments": {}, "message": "当前页面无测试序列。"}
{"ts": "2026-06-25 20:43:46", "action": "get_current_page", "status": "executed", "risk_level": "low", "arguments": {}, "message": "当前页面：pmu_dcdc_efficiency"}
{"ts": "2026-06-25 20:43:46", "action": "get_test_result_summary", "status": "executed", "risk_level": "low", "arguments": {}, "message": ""}
{"ts": "2026-06-25 20:43:46", "action": "get_test_sequence_status", "status": "executed", "risk_level": "low", "arguments": {}, "message": "当前页面无测试序列。"}
{"ts": "2026-06-25 20:43:48", "action": "get_test_sequence_status", "status": "executed", "risk_level": "low", "arguments": {}, "message": "当前页面无测试序列。"}
{"ts": "2026-06-25 20:43:49", "action": "get_test_sequence_status", "status": "executed", "risk_level": "low", "arguments": {}, "message": "当前页面无测试序列。"}
{"ts": "2026-06-25 20:43:51", "action": "get_test_sequence_status", "status": "executed", "risk_level": "low", "arguments": {}, "message": "当前页面无测试序列。"}
{"ts": "2026-06-25 20:43:52", "action": "get_test_sequence_status", "status": "executed", "risk_level": "low", "arguments": {}, "message": "当前页面无测试序列。"}
{"ts": "2026-06-25 20:43:54", "action": "get_test_sequence_status", "status": "executed", "risk_level": "low", "arguments": {}, "message": "当前页面无测试序列。"}
{"ts": "2026-06-25 20:43:55", "action": "get_test_sequence_status", "status": "executed", "risk_level": "low", "arguments": {}, "message": "当前页面无测试序列。"}
{"ts": "2026-06-25 20:43:57", "action": "get_test_sequence_status", "status": "executed", "risk_level": "low", "arguments": {}, "message": "当前页面无测试序列。"}
{"ts": "2026-06-25 20:43:58", "action": "get_test_sequence_status", "status": "executed", "risk_level": "low", "arguments": {}, "message": "当前页面无测试序列。"}
{"ts": "2026-06-25 20:44:00", "action": "get_test_sequence_status", "status": "executed", "risk_level": "low", "arguments": {}, "message": "当前页面无测试序列。"}
{"ts": "2026-06-25 20:44:01", "action": "get_test_sequence_status", "status": "executed", "risk_level": "low", "arguments": {}, "message": "当前页面无测试序列。"}
{"ts": "2026-06-25 20:44:03", "action": "get_test_sequence_status", "status": "executed", "risk_level": "low", "arguments": {}, "message": "当前页面无测试序列。"}
{"ts": "2026-06-25 20:44:04", "action": "get_test_sequence_status", "status": "executed", "risk_level": "low", "arguments": {}, "message": "当前页面无测试序列。"}
{"ts": "2026-06-25 20:44:06", "action": "get_test_sequence_status", "status": "executed", "risk_level": "low", "arguments": {}, "message": "当前页面无测试序列。"}
{"ts": "2026-06-25 20:50:21", "action": "get_current_page", "status": "executed", "risk_level": "low", "arguments": {}, "message": "当前页面：pmu_dcdc_efficiency"}
{"ts": "2026-06-25 20:50:21", "action": "get_current_test_config", "status": "executed", "risk_level": "low", "arguments": {}, "message": ""}
{"ts": "2026-06-25 20:50:21", "action": "get_test_sequence_status", "status": "executed", "risk_level": "low", "arguments": {}, "message": "当前页面无测试序列。"}
{"ts": "2026-06-25 20:50:23", "action": "start_test_sequence", "status": "executed", "risk_level": "high", "arguments": {}, "message": "已请求启动 DCDC 效率测试。"}
{"ts": "2026-06-25 20:50:24", "action": "get_test_sequence_status", "status": "executed", "risk_level": "low", "arguments": {}, "message": "当前页面无测试序列。"}
{"ts": "2026-06-25 20:50:24", "action": "get_test_result_summary", "status": "executed", "risk_level": "low", "arguments": {}, "message": "当前无测试结果。"}
{"ts": "2026-06-25 20:50:24", "action": "get_test_sequence_status", "status": "executed", "risk_level": "low", "arguments": {}, "message": "当前页面无测试序列。"}
{"ts": "2026-06-25 20:50:25", "action": "get_test_sequence_status", "status": "executed", "risk_level": "low", "arguments": {}, "message": "当前页面无测试序列。"}
{"ts": "2026-06-25 20:50:25", "action": "get_test_result_summary", "status": "executed", "risk_level": "low", "arguments": {}, "message": "当前无测试结果。"}
{"ts": "2026-06-25 20:50:27", "action": "get_test_sequence_status", "status": "executed", "risk_level": "low", "arguments": {}, "message": "当前页面无测试序列。"}
{"ts": "2026-06-25 20:50:28", "action": "get_test_sequence_status", "status": "executed", "risk_level": "low", "arguments": {}, "message": "当前页面无测试序列。"}
{"ts": "2026-06-25 20:50:30", "action": "get_test_sequence_status", "status": "executed", "risk_level": "low", "arguments": {}, "message": "当前页面无测试序列。"}
{"ts": "2026-06-25 20:50:31", "action": "get_test_sequence_status", "status": "executed", "risk_level": "low", "arguments": {}, "message": "当前页面无测试序列。"}
{"ts": "2026-06-25 20:50:33", "action": "get_test_sequence_status", "status": "executed", "risk_level": "low", "arguments": {}, "message": "当前页面无测试序列。"}
{"ts": "2026-06-25 20:50:35", "action": "get_test_result_summary", "status": "executed", "risk_level": "low", "arguments": {}, "message": ""}
{"ts": "2026-06-25 23:10:20", "action": "get_current_page", "status": "executed", "risk_level": "low", "arguments": {}, "message": "当前页面：pmu_dcdc_efficiency"}
{"ts": "2026-06-25 23:10:20", "action": "get_current_test_config", "status": "executed", "risk_level": "low", "arguments": {}, "message": ""}
{"ts": "2026-06-25 23:10:20", "action": "get_test_sequence_status", "status": "executed", "risk_level": "low", "arguments": {}, "message": "当前页面无测试序列。"}
{"ts": "2026-06-25 23:10:22", "action": "get_current_test_config", "status": "executed", "risk_level": "low", "arguments": {}, "message": ""}
{"ts": "2026-06-25 23:10:23", "action": "get_current_test_config", "status": "executed", "risk_level": "low", "arguments": {}, "message": ""}
{"ts": "2026-06-25 23:10:23", "action": "get_current_test_config", "status": "executed", "risk_level": "low", "arguments": {}, "message": ""}
{"ts": "2026-06-25 23:12:29", "action": "get_current_page", "status": "executed", "risk_level": "low", "arguments": {}, "message": "当前页面：pmu_dcdc_efficiency"}
{"ts": "2026-06-25 23:12:29", "action": "get_current_test_config", "status": "executed", "risk_level": "low", "arguments": {}, "message": ""}
{"ts": "2026-06-25 23:12:31", "action": "start_test_sequence", "status": "executed", "risk_level": "high", "arguments": {}, "message": "已请求启动 DCDC 效率测试。"}
{"ts": "2026-06-25 23:12:31", "action": "get_test_sequence_status", "status": "executed", "risk_level": "low", "arguments": {}, "message": "当前页面无测试序列。"}
{"ts": "2026-06-25 23:12:32", "action": "get_test_sequence_status", "status": "executed", "risk_level": "low", "arguments": {}, "message": "当前页面无测试序列。"}
{"ts": "2026-06-25 23:12:32", "action": "get_test_result_summary", "status": "executed", "risk_level": "low", "arguments": {"arguments": "{}\"\""}, "message": "当前无测试结果。"}
{"ts": "2026-06-25 23:12:33", "action": "get_test_sequence_status", "status": "executed", "risk_level": "low", "arguments": {}, "message": "当前页面无测试序列。"}
{"ts": "2026-06-25 23:12:33", "action": "list_pending_tasks", "status": "executed", "risk_level": "low", "arguments": {}, "message": "当前共有 1 个异步任务。"}
{"ts": "2026-06-25 23:12:34", "action": "get_test_sequence_status", "status": "executed", "risk_level": "low", "arguments": {}, "message": "当前页面无测试序列。"}
{"ts": "2026-06-25 23:12:36", "action": "get_test_sequence_status", "status": "executed", "risk_level": "low", "arguments": {}, "message": "当前页面无测试序列。"}
{"ts": "2026-06-25 23:12:37", "action": "get_test_sequence_status", "status": "executed", "risk_level": "low", "arguments": {}, "message": "当前页面无测试序列。"}
{"ts": "2026-06-25 23:12:39", "action": "get_test_sequence_status", "status": "executed", "risk_level": "low", "arguments": {}, "message": "当前页面无测试序列。"}
{"ts": "2026-06-25 23:12:40", "action": "get_test_sequence_status", "status": "executed", "risk_level": "low", "arguments": {}, "message": "当前页面无测试序列。"}
{"ts": "2026-06-25 23:12:42", "action": "get_test_sequence_status", "status": "executed", "risk_level": "low", "arguments": {}, "message": "当前页面无测试序列。"}
{"ts": "2026-06-25 23:12:43", "action": "get_test_result_summary", "status": "executed", "risk_level": "low", "arguments": {"arguments": "{}\"\""}, "message": ""}
{"ts": "2026-06-25 23:13:55", "action": "get_current_page", "status": "executed", "risk_level": "low", "arguments": {}, "message": "当前页面：pmu_dcdc_efficiency"}
{"ts": "2026-06-25 23:13:55", "action": "get_current_test_config", "status": "executed", "risk_level": "low", "arguments": {}, "message": ""}
{"ts": "2026-06-25 23:13:57", "action": "list_ui_actions", "status": "executed", "risk_level": "low", "arguments": {}, "message": "当前页面「pmu_dcdc_efficiency」无可用 UI 动作。"}
{"ts": "2026-06-25 23:43:12", "action": "get_current_page", "status": "executed", "risk_level": "low", "arguments": {}, "message": "当前页面：pmu_dcdc_efficiency"}
{"ts": "2026-06-25 23:43:12", "action": "get_current_test_config", "status": "executed", "risk_level": "low", "arguments": {}, "message": ""}
{"ts": "2026-06-25 23:43:12", "action": "get_test_sequence_status", "status": "executed", "risk_level": "low", "arguments": {}, "message": "当前页面无测试序列。"}
{"ts": "2026-06-25 23:43:14", "action": "get_current_test_config", "status": "executed", "risk_level": "low", "arguments": {}, "message": ""}
{"ts": "2026-06-25 23:43:15", "action": "list_ui_actions", "status": "executed", "risk_level": "low", "arguments": {}, "message": "当前页可触发 2 个 UI 动作：pmu_dcdc_efficiency.import_csv(导入结果 CSV), pmu_dcdc_efficiency.chart_auto_fit(图表自适应缩放)"}
{"ts": "2026-06-25 23:43:26", "action": "get_current_test_config", "status": "executed", "risk_level": "low", "arguments": {}, "message": ""}
{"ts": "2026-06-25 23:43:27", "action": "generate_draft", "status": "failed", "risk_level": "", "arguments": {}, "message": "动作不存在或未注册。"}
{"ts": "2026-06-25 23:43:28", "action": "list_ui_actions", "status": "executed", "risk_level": "low", "arguments": {}, "message": "当前页可触发 2 个 UI 动作：pmu_dcdc_efficiency.import_csv(导入结果 CSV), pmu_dcdc_efficiency.chart_auto_fit(图表自适应缩放)"}
{"ts": "2026-06-25 23:45:15", "action": "get_current_test_config", "status": "executed", "risk_level": "low", "arguments": {}, "message": ""}
{"ts": "2026-06-25 23:45:16", "action": "generate_draft", "status": "failed", "risk_level": "", "arguments": {}, "message": "动作不存在或未注册。"}
{"ts": "2026-06-25 23:45:17", "action": "list_ui_actions", "status": "executed", "risk_level": "low", "arguments": {}, "message": "当前页可触发 2 个 UI 动作：pmu_dcdc_efficiency.import_csv(导入结果 CSV), pmu_dcdc_efficiency.chart_auto_fit(图表自适应缩放)"}
{"ts": "2026-06-25 23:59:58", "action": "get_current_page", "status": "executed", "risk_level": "low", "arguments": {}, "message": "当前页面：pmu_dcdc_efficiency"}
{"ts": "2026-06-25 23:59:58", "action": "get_current_test_config", "status": "executed", "risk_level": "low", "arguments": {}, "message": ""}
{"ts": "2026-06-25 23:59:58", "action": "get_test_sequence_status", "status": "executed", "risk_level": "low", "arguments": {}, "message": "当前页面无测试序列。"}
{"ts": "2026-06-25 23:59:59", "action": "generate_config_draft", "status": "executed", "risk_level": "low", "arguments": {"changes": {"end_current_a": 0.01}, "title": "效率曲线 1~10mA"}, "message": "已生成配置草案 draft_001（由 AI 基于当前配置生成：end_current_a=0.01）。请调用 apply_test_config_draft(draft_id=\"draft_001\") 经用户确认后落地。"}
{"ts": "2026-06-26 00:00:11", "action": "get_current_test_config", "status": "executed", "risk_level": "low", "arguments": {}, "message": ""}
{"ts": "2026-06-26 00:00:13", "action": "generate_config_draft", "status": "executed", "risk_level": "low", "arguments": {"changes": {"end_current_a": 0.01}, "title": "DCDC 效率曲线 1~10mA"}, "message": "已生成配置草案 draft_002（由 AI 基于当前配置生成：end_current_a=0.01）。请调用 apply_test_config_draft(draft_id=\"draft_002\") 经用户确认后落地。"}
{"ts": "2026-06-26 00:00:32", "action": "apply_test_config_draft", "status": "executed", "risk_level": "high", "arguments": {"draft_id": "draft_002"}, "message": "已应用配置项：test_item, sweep_mode, sampling_method, vin_channel, vout_channel, cc_load_channel, start_current_a, end_current_a, step_current_a, points_per_dec, average_cnt, settle_time_ms, dlog_duration_s。"}
{"ts": "2026-06-26 00:00:37", "action": "start_test_sequence", "status": "executed", "risk_level": "high", "arguments": {}, "message": "已请求启动 DCDC 效率测试。"}
{"ts": "2026-06-26 00:00:37", "action": "get_test_sequence_status", "status": "executed", "risk_level": "low", "arguments": {}, "message": "当前页面无测试序列。"}
{"ts": "2026-06-26 00:00:39", "action": "get_test_sequence_status", "status": "executed", "risk_level": "low", "arguments": {}, "message": "当前页面无测试序列。"}
{"ts": "2026-06-26 00:00:40", "action": "get_test_sequence_status", "status": "executed", "risk_level": "low", "arguments": {}, "message": "当前页面无测试序列。"}
{"ts": "2026-06-26 00:00:42", "action": "get_test_sequence_status", "status": "executed", "risk_level": "low", "arguments": {}, "message": "当前页面无测试序列。"}
{"ts": "2026-06-26 00:00:43", "action": "get_test_sequence_status", "status": "executed", "risk_level": "low", "arguments": {}, "message": "当前页面无测试序列。"}
{"ts": "2026-06-26 00:00:45", "action": "get_test_sequence_status", "status": "executed", "risk_level": "low", "arguments": {}, "message": "当前页面无测试序列。"}
{"ts": "2026-06-26 00:00:46", "action": "get_test_sequence_status", "status": "executed", "risk_level": "low", "arguments": {}, "message": "当前页面无测试序列。"}
{"ts": "2026-06-26 00:00:48", "action": "get_test_result_summary", "status": "executed", "risk_level": "low", "arguments": {}, "message": ""}
{"ts": "2026-06-26 00:01:06", "action": "get_current_page", "status": "executed", "risk_level": "low", "arguments": {}, "message": "当前页面：pmu_dcdc_efficiency"}
{"ts": "2026-06-26 00:01:06", "action": "get_current_test_config", "status": "executed", "risk_level": "low", "arguments": {}, "message": ""}
{"ts": "2026-06-26 00:01:06", "action": "get_test_sequence_status", "status": "executed", "risk_level": "low", "arguments": {}, "message": "当前页面无测试序列。"}
{"ts": "2026-06-26 00:01:07", "action": "generate_config_draft", "status": "executed", "risk_level": "low", "arguments": {"changes": {"end_current_a": 0.02}, "title": "效率曲线 1~20mA"}, "message": "已生成配置草案 draft_003（由 AI 基于当前配置生成：end_current_a=0.02）。请调用 apply_test_config_draft(draft_id=\"draft_003\") 经用户确认后落地。"}
{"ts": "2026-06-26 00:01:27", "action": "apply_test_config_draft", "status": "executed", "risk_level": "high", "arguments": {"draft_id": "draft_001"}, "message": "已应用配置项：test_item, sweep_mode, sampling_method, vin_channel, vout_channel, cc_load_channel, start_current_a, end_current_a, step_current_a, points_per_dec, average_cnt, settle_time_ms, dlog_duration_s。"}
{"ts": "2026-06-26 00:01:30", "action": "start_test_sequence", "status": "executed", "risk_level": "high", "arguments": {}, "message": "已请求启动 DCDC 效率测试。"}
{"ts": "2026-06-26 00:01:31", "action": "get_test_sequence_status", "status": "executed", "risk_level": "low", "arguments": {}, "message": "当前页面无测试序列。"}
{"ts": "2026-06-26 00:01:31", "action": "get_test_sequence_status", "status": "executed", "risk_level": "low", "arguments": {}, "message": "当前页面无测试序列。"}
{"ts": "2026-06-26 00:01:32", "action": "get_test_result_summary", "status": "executed", "risk_level": "low", "arguments": {}, "message": "当前无测试结果。"}
{"ts": "2026-06-26 00:01:32", "action": "get_test_result_summary", "status": "executed", "risk_level": "low", "arguments": {}, "message": "当前无测试结果。"}
{"ts": "2026-06-26 00:01:33", "action": "get_test_sequence_status", "status": "executed", "risk_level": "low", "arguments": {}, "message": "当前页面无测试序列。"}
{"ts": "2026-06-26 00:01:34", "action": "get_test_sequence_status", "status": "executed", "risk_level": "low", "arguments": {}, "message": "当前页面无测试序列。"}
{"ts": "2026-06-26 00:01:36", "action": "get_test_sequence_status", "status": "executed", "risk_level": "low", "arguments": {}, "message": "当前页面无测试序列。"}
{"ts": "2026-06-26 00:01:37", "action": "get_test_sequence_status", "status": "executed", "risk_level": "low", "arguments": {}, "message": "当前页面无测试序列。"}
{"ts": "2026-06-26 00:01:39", "action": "get_test_sequence_status", "status": "executed", "risk_level": "low", "arguments": {}, "message": "当前页面无测试序列。"}
{"ts": "2026-06-26 00:01:40", "action": "get_test_sequence_status", "status": "executed", "risk_level": "low", "arguments": {}, "message": "当前页面无测试序列。"}
{"ts": "2026-06-26 00:01:42", "action": "get_test_result_summary", "status": "executed", "risk_level": "low", "arguments": {}, "message": ""}
{"ts": "2026-06-26 00:20:23", "action": "get_current_page", "status": "executed", "risk_level": "low", "arguments": {}, "message": "当前页面：pmu_dcdc_efficiency"}
{"ts": "2026-06-26 00:20:23", "action": "get_current_test_config", "status": "executed", "risk_level": "low", "arguments": {}, "message": ""}
{"ts": "2026-06-26 00:20:23", "action": "get_test_sequence_status", "status": "executed", "risk_level": "low", "arguments": {}, "message": "当前页面无测试序列。"}
{"ts": "2026-06-26 00:20:24", "action": "generate_config_draft", "status": "executed", "risk_level": "low", "arguments": {"changes": {"end_current_a": 0.01}, "title": "1~10mA 效率曲线"}, "message": "已生成配置草案 draft_001（由 AI 基于当前配置生成：end_current_a=0.01）。请调用 apply_test_config_draft(draft_id=\"draft_001\") 经用户确认后落地。"}
{"ts": "2026-06-26 00:20:37", "action": "apply_test_config_draft", "status": "executed", "risk_level": "high", "arguments": {"draft_id": "draft_001"}, "message": "已应用配置项：test_item, sweep_mode, sampling_method, vin_channel, vout_channel, cc_load_channel, start_current_a, end_current_a, step_current_a, points_per_dec, average_cnt, settle_time_ms, dlog_duration_s。"}
{"ts": "2026-06-26 00:20:41", "action": "start_test_sequence", "status": "executed", "risk_level": "high", "arguments": {}, "message": "已请求启动 DCDC 效率测试。"}
{"ts": "2026-06-26 00:20:41", "action": "get_test_sequence_status", "status": "executed", "risk_level": "low", "arguments": {}, "message": "当前页面无测试序列。"}
{"ts": "2026-06-26 00:20:42", "action": "get_test_result_summary", "status": "executed", "risk_level": "low", "arguments": {}, "message": "当前无测试结果。"}
{"ts": "2026-06-26 00:20:42", "action": "get_test_sequence_status", "status": "executed", "risk_level": "low", "arguments": {}, "message": "当前页面无测试序列。"}
{"ts": "2026-06-26 00:20:44", "action": "get_test_sequence_status", "status": "executed", "risk_level": "low", "arguments": {}, "message": "当前页面无测试序列。"}
{"ts": "2026-06-26 00:20:45", "action": "get_test_sequence_status", "status": "executed", "risk_level": "low", "arguments": {}, "message": "当前页面无测试序列。"}
{"ts": "2026-06-26 00:20:47", "action": "get_test_sequence_status", "status": "executed", "risk_level": "low", "arguments": {}, "message": "当前页面无测试序列。"}
{"ts": "2026-06-26 00:20:48", "action": "get_test_sequence_status", "status": "executed", "risk_level": "low", "arguments": {}, "message": "当前页面无测试序列。"}
{"ts": "2026-06-26 00:20:50", "action": "get_test_sequence_status", "status": "executed", "risk_level": "low", "arguments": {}, "message": "当前页面无测试序列。"}
{"ts": "2026-06-26 00:20:51", "action": "get_test_sequence_status", "status": "executed", "risk_level": "low", "arguments": {}, "message": "当前页面无测试序列。"}
{"ts": "2026-06-26 00:20:52", "action": "get_test_result_summary", "status": "executed", "risk_level": "low", "arguments": {}, "message": ""}
{"ts": "2026-06-26 00:21:43", "action": "get_current_test_config", "status": "executed", "risk_level": "low", "arguments": {}, "message": ""}
{"ts": "2026-06-26 00:21:44", "action": "generate_config_draft", "status": "executed", "risk_level": "low", "arguments": {"changes": {"end_current_a": 0.02}, "title": "效率曲线 1~20mA"}, "message": "已生成配置草案 draft_002（由 AI 基于当前配置生成：end_current_a=0.02）。请调用 apply_test_config_draft(draft_id=\"draft_002\") 经用户确认后落地。"}
{"ts": "2026-06-26 00:21:45", "action": "apply_test_config_draft", "status": "executed", "risk_level": "high", "arguments": {"draft_id": "draft_002"}, "message": "[白名单自动批准] 已应用配置项：test_item, sweep_mode, sampling_method, vin_channel, vout_channel, cc_load_channel, start_current_a, end_current_a, step_current_a, points_per_dec, average_cnt, settle_time_ms, dlog_duration_s。"}
{"ts": "2026-06-26 00:21:46", "action": "start_test_sequence", "status": "executed", "risk_level": "high", "arguments": {}, "message": "[白名单自动批准] 已请求启动 DCDC 效率测试。"}
{"ts": "2026-06-26 00:21:47", "action": "get_test_sequence_status", "status": "executed", "risk_level": "low", "arguments": {}, "message": "当前页面无测试序列。"}
{"ts": "2026-06-26 00:21:47", "action": "get_test_sequence_status", "status": "executed", "risk_level": "low", "arguments": {}, "message": "当前页面无测试序列。"}
{"ts": "2026-06-26 00:21:48", "action": "get_test_sequence_status", "status": "executed", "risk_level": "low", "arguments": {}, "message": "当前页面无测试序列。"}
{"ts": "2026-06-26 00:21:50", "action": "get_test_sequence_status", "status": "executed", "risk_level": "low", "arguments": {}, "message": "当前页面无测试序列。"}
{"ts": "2026-06-26 00:21:51", "action": "get_test_sequence_status", "status": "executed", "risk_level": "low", "arguments": {}, "message": "当前页面无测试序列。"}
{"ts": "2026-06-26 00:21:53", "action": "get_test_sequence_status", "status": "executed", "risk_level": "low", "arguments": {}, "message": "当前页面无测试序列。"}
{"ts": "2026-06-26 00:21:54", "action": "get_test_sequence_status", "status": "executed", "risk_level": "low", "arguments": {}, "message": "当前页面无测试序列。"}
{"ts": "2026-06-26 00:21:56", "action": "get_test_sequence_status", "status": "executed", "risk_level": "low", "arguments": {}, "message": "当前页面无测试序列。"}
{"ts": "2026-06-26 00:21:57", "action": "get_test_sequence_status", "status": "executed", "risk_level": "low", "arguments": {}, "message": "当前页面无测试序列。"}
{"ts": "2026-06-26 00:21:59", "action": "get_test_sequence_status", "status": "executed", "risk_level": "low", "arguments": {}, "message": "当前页面无测试序列。"}
{"ts": "2026-06-26 00:22:00", "action": "get_test_sequence_status", "status": "executed", "risk_level": "low", "arguments": {}, "message": "当前页面无测试序列。"}
{"ts": "2026-06-26 00:22:02", "action": "get_test_result_summary", "status": "executed", "risk_level": "low", "arguments": {}, "message": ""}
{"ts": "2026-06-26 00:25:49", "action": "get_current_page", "status": "executed", "risk_level": "low", "arguments": {}, "message": "当前页面：orchestrator"}
{"ts": "2026-06-26 00:25:49", "action": "get_current_test_config", "status": "executed", "risk_level": "low", "arguments": {}, "message": "当前 Orchestrator 序列为空。"}
{"ts": "2026-06-26 00:25:49", "action": "get_test_sequence_status", "status": "executed", "risk_level": "low", "arguments": {}, "message": ""}
{"ts": "2026-06-26 00:25:51", "action": "search_kk_lab_memory", "status": "executed", "risk_level": "low", "arguments": {"keyword": "效率曲线"}, "message": "搜索到 0 条匹配条目。"}
{"ts": "2026-06-26 00:25:51", "action": "search_kk_lab_memory", "status": "executed", "risk_level": "low", "arguments": {"keyword": "1~20mA 效率"}, "message": "搜索到 0 条匹配条目。"}
{"ts": "2026-06-26 00:25:51", "action": "search_kk_lab_memory", "status": "executed", "risk_level": "low", "arguments": {"keyword": "dcdc efficiency"}, "message": "搜索到 0 条匹配条目。"}
{"ts": "2026-06-26 00:25:51", "action": "get_instrument_status", "status": "executed", "risk_level": "low", "arguments": {}, "message": "共 1 个仪器会话。"}
{"ts": "2026-06-26 10:05:31", "action": "get_current_page", "status": "executed", "risk_level": "low", "arguments": {}, "message": "当前页面：orchestrator"}
{"ts": "2026-06-26 10:05:31", "action": "get_instrument_status", "status": "executed", "risk_level": "low", "arguments": {}, "message": "共 1 个仪器会话。"}
{"ts": "2026-06-26 10:05:31", "action": "get_test_sequence_status", "status": "executed", "risk_level": "low", "arguments": {}, "message": ""}
{"ts": "2026-06-26 10:05:56", "action": "get_serial_status", "status": "executed", "risk_level": "low", "arguments": {}, "message": "当前无活动串口会话。"}
{"ts": "2026-06-26 10:05:56", "action": "list_serial_sessions", "status": "failed", "risk_level": "low", "arguments": {}, "message": "当前无串口管理器。"}
{"ts": "2026-06-26 10:20:44", "action": "get_current_page", "status": "executed", "risk_level": "low", "arguments": {}, "message": "当前页面：orchestrator"}
{"ts": "2026-06-26 10:20:44", "action": "bes_chip_check", "status": "executed", "risk_level": "low", "arguments": {}, "message": "检测完成：bes1307。"}
{"ts": "2026-06-26 10:22:36", "action": "bes_chip_check", "status": "executed", "risk_level": "low", "arguments": {}, "message": "检测完成：bes1307。"}
{"ts": "2026-06-26 10:23:33", "action": "get_current_test_config", "status": "executed", "risk_level": "low", "arguments": {}, "message": ""}
{"ts": "2026-06-26 10:23:35", "action": "generate_config_draft", "status": "executed", "risk_level": "low", "arguments": {"changes": {"reg_addr": "0x0132", "msb": 7, "lsb": 0, "min_code": "0x0", "max_code": "0xFF"}, "title": "BUCK_VCORE 输出电压线性度测试 (0x132[7:0])"}, "message": "已生成配置草案 draft_001（由 AI 基于当前配置生成：reg_addr=0x0132, msb=7, lsb=0, min_code=0x0, max_code=0xFF）。请调用 apply_test_config_draft(draft_id=\"draft_001\") 经用户确认后落地。"}
{"ts": "2026-06-26 10:23:39", "action": "apply_test_config_draft", "status": "executed", "risk_level": "high", "arguments": {"draft_id": "draft_001"}, "message": "已应用配置项：set_voltage, load_current_min, load_current_max, current_step, measure_count, stabilize_time, sample_interval, enable_ovp, ovp_value, vmeter_channel, device_addr, reg_addr, msb, lsb, width_flag, min_code, max_code。"}
{"ts": "2026-06-26 10:23:40", "action": "get_instrument_status", "status": "executed", "risk_level": "low", "arguments": {}, "message": "共 1 个仪器会话。"}
{"ts": "2026-06-26 10:23:44", "action": "start_test_sequence", "status": "executed", "risk_level": "high", "arguments": {}, "message": "已请求启动输出电压线性度测试。"}
{"ts": "2026-06-26 10:23:44", "action": "get_test_sequence_status", "status": "executed", "risk_level": "low", "arguments": {}, "message": "当前页面无测试序列。"}
{"ts": "2026-06-26 10:23:46", "action": "get_test_sequence_status", "status": "executed", "risk_level": "low", "arguments": {}, "message": "当前页面无测试序列。"}
{"ts": "2026-06-26 10:23:47", "action": "get_test_sequence_status", "status": "executed", "risk_level": "low", "arguments": {}, "message": "当前页面无测试序列。"}
{"ts": "2026-06-26 10:23:49", "action": "get_test_sequence_status", "status": "executed", "risk_level": "low", "arguments": {}, "message": "当前页面无测试序列。"}
{"ts": "2026-06-26 10:23:50", "action": "get_test_sequence_status", "status": "executed", "risk_level": "low", "arguments": {}, "message": "当前页面无测试序列。"}
{"ts": "2026-06-26 10:23:52", "action": "get_test_sequence_status", "status": "executed", "risk_level": "low", "arguments": {}, "message": "当前页面无测试序列。"}
{"ts": "2026-06-26 10:23:53", "action": "get_test_sequence_status", "status": "executed", "risk_level": "low", "arguments": {}, "message": "当前页面无测试序列。"}
{"ts": "2026-06-26 10:23:55", "action": "get_test_sequence_status", "status": "executed", "risk_level": "low", "arguments": {}, "message": "当前页面无测试序列。"}
{"ts": "2026-06-26 10:23:56", "action": "get_test_sequence_status", "status": "executed", "risk_level": "low", "arguments": {}, "message": "当前页面无测试序列。"}
{"ts": "2026-06-26 10:23:58", "action": "get_test_sequence_status", "status": "executed", "risk_level": "low", "arguments": {}, "message": "当前页面无测试序列。"}
{"ts": "2026-06-26 10:23:59", "action": "get_test_sequence_status", "status": "executed", "risk_level": "low", "arguments": {}, "message": "当前页面无测试序列。"}
{"ts": "2026-06-26 10:24:01", "action": "get_test_sequence_status", "status": "executed", "risk_level": "low", "arguments": {}, "message": "当前页面无测试序列。"}
{"ts": "2026-06-26 10:24:02", "action": "get_test_sequence_status", "status": "executed", "risk_level": "low", "arguments": {}, "message": "当前页面无测试序列。"}
{"ts": "2026-06-26 10:24:04", "action": "get_test_sequence_status", "status": "executed", "risk_level": "low", "arguments": {}, "message": "当前页面无测试序列。"}
{"ts": "2026-06-26 10:24:05", "action": "get_test_sequence_status", "status": "executed", "risk_level": "low", "arguments": {}, "message": "当前页面无测试序列。"}
{"ts": "2026-06-26 10:24:07", "action": "get_test_sequence_status", "status": "executed", "risk_level": "low", "arguments": {}, "message": "当前页面无测试序列。"}
{"ts": "2026-06-26 10:24:08", "action": "get_test_sequence_status", "status": "executed", "risk_level": "low", "arguments": {}, "message": "当前页面无测试序列。"}
{"ts": "2026-06-26 10:24:10", "action": "get_test_sequence_status", "status": "executed", "risk_level": "low", "arguments": {}, "message": "当前页面无测试序列。"}
{"ts": "2026-06-26 10:24:11", "action": "get_test_sequence_status", "status": "executed", "risk_level": "low", "arguments": {}, "message": "当前页面无测试序列。"}
{"ts": "2026-06-26 10:24:13", "action": "get_test_sequence_status", "status": "executed", "risk_level": "low", "arguments": {}, "message": "当前页面无测试序列。"}
{"ts": "2026-06-26 10:24:14", "action": "get_test_sequence_status", "status": "executed", "risk_level": "low", "arguments": {}, "message": "当前页面无测试序列。"}
{"ts": "2026-06-26 10:24:16", "action": "get_test_sequence_status", "status": "executed", "risk_level": "low", "arguments": {}, "message": "当前页面无测试序列。"}
{"ts": "2026-06-26 10:24:17", "action": "get_test_sequence_status", "status": "executed", "risk_level": "low", "arguments": {}, "message": "当前页面无测试序列。"}
{"ts": "2026-06-26 10:24:19", "action": "get_test_sequence_status", "status": "executed", "risk_level": "low", "arguments": {}, "message": "当前页面无测试序列。"}
{"ts": "2026-06-26 10:24:20", "action": "get_test_sequence_status", "status": "executed", "risk_level": "low", "arguments": {}, "message": "当前页面无测试序列。"}
{"ts": "2026-06-26 10:24:22", "action": "get_test_sequence_status", "status": "executed", "risk_level": "low", "arguments": {}, "message": "当前页面无测试序列。"}
{"ts": "2026-06-26 10:24:23", "action": "get_test_sequence_status", "status": "executed", "risk_level": "low", "arguments": {}, "message": "当前页面无测试序列。"}
{"ts": "2026-06-26 10:24:25", "action": "get_test_sequence_status", "status": "executed", "risk_level": "low", "arguments": {}, "message": "当前页面无测试序列。"}
{"ts": "2026-06-26 10:24:26", "action": "get_test_sequence_status", "status": "executed", "risk_level": "low", "arguments": {}, "message": "当前页面无测试序列。"}
{"ts": "2026-06-26 10:24:28", "action": "get_test_sequence_status", "status": "executed", "risk_level": "low", "arguments": {}, "message": "当前页面无测试序列。"}
{"ts": "2026-06-26 10:24:29", "action": "get_test_sequence_status", "status": "executed", "risk_level": "low", "arguments": {}, "message": "当前页面无测试序列。"}
{"ts": "2026-06-26 10:24:32", "action": "get_test_result_summary", "status": "executed", "risk_level": "low", "arguments": {}, "message": ""}
{"ts": "2026-06-26 10:25:57", "action": "get_current_test_config", "status": "executed", "risk_level": "low", "arguments": {}, "message": ""}
{"ts": "2026-06-26 10:25:58", "action": "generate_config_draft", "status": "executed", "risk_level": "low", "arguments": {"changes": {"vmeter_channel": "CH 2"}, "title": "修正测量通道为 CH2"}, "message": "已生成配置草案 draft_002（由 AI 基于当前配置生成：vmeter_channel=CH 2）。请调用 apply_test_config_draft(draft_id=\"draft_002\") 经用户确认后落地。"}
{"ts": "2026-06-26 10:26:00", "action": "apply_test_config_draft", "status": "executed", "risk_level": "high", "arguments": {"draft_id": "draft_002"}, "message": "已应用配置项：set_voltage, load_current_min, load_current_max, current_step, measure_count, stabilize_time, sample_interval, enable_ovp, ovp_value, vmeter_channel, device_addr, reg_addr, msb, lsb, width_flag, min_code, max_code。"}
{"ts": "2026-06-26 10:26:03", "action": "start_test_sequence", "status": "executed", "risk_level": "high", "arguments": {}, "message": "已请求启动输出电压线性度测试。"}
{"ts": "2026-06-26 10:26:04", "action": "get_test_sequence_status", "status": "executed", "risk_level": "low", "arguments": {}, "message": "当前页面无测试序列。"}
{"ts": "2026-06-26 10:26:05", "action": "get_test_sequence_status", "status": "executed", "risk_level": "low", "arguments": {}, "message": "当前页面无测试序列。"}
{"ts": "2026-06-26 10:26:05", "action": "get_test_result_summary", "status": "executed", "risk_level": "low", "arguments": {}, "message": ""}
{"ts": "2026-06-26 10:26:07", "action": "get_test_sequence_status", "status": "executed", "risk_level": "low", "arguments": {}, "message": "当前页面无测试序列。"}
{"ts": "2026-06-26 10:26:08", "action": "get_test_sequence_status", "status": "executed", "risk_level": "low", "arguments": {}, "message": "当前页面无测试序列。"}
{"ts": "2026-06-26 10:26:10", "action": "get_test_sequence_status", "status": "executed", "risk_level": "low", "arguments": {}, "message": "当前页面无测试序列。"}
{"ts": "2026-06-26 10:26:11", "action": "get_test_sequence_status", "status": "executed", "risk_level": "low", "arguments": {}, "message": "当前页面无测试序列。"}
{"ts": "2026-06-26 10:26:13", "action": "get_test_sequence_status", "status": "executed", "risk_level": "low", "arguments": {}, "message": "当前页面无测试序列。"}
{"ts": "2026-06-26 10:26:14", "action": "get_test_sequence_status", "status": "executed", "risk_level": "low", "arguments": {}, "message": "当前页面无测试序列。"}
{"ts": "2026-06-26 10:26:16", "action": "get_test_sequence_status", "status": "executed", "risk_level": "low", "arguments": {}, "message": "当前页面无测试序列。"}
{"ts": "2026-06-26 10:26:17", "action": "get_test_sequence_status", "status": "executed", "risk_level": "low", "arguments": {}, "message": "当前页面无测试序列。"}
{"ts": "2026-06-26 10:26:19", "action": "get_test_sequence_status", "status": "executed", "risk_level": "low", "arguments": {}, "message": "当前页面无测试序列。"}
{"ts": "2026-06-26 10:26:20", "action": "get_test_sequence_status", "status": "executed", "risk_level": "low", "arguments": {}, "message": "当前页面无测试序列。"}
{"ts": "2026-06-26 10:26:22", "action": "get_test_sequence_status", "status": "executed", "risk_level": "low", "arguments": {}, "message": "当前页面无测试序列。"}
{"ts": "2026-06-26 10:26:23", "action": "get_test_sequence_status", "status": "executed", "risk_level": "low", "arguments": {}, "message": "当前页面无测试序列。"}
{"ts": "2026-06-26 10:26:25", "action": "get_test_sequence_status", "status": "executed", "risk_level": "low", "arguments": {}, "message": "当前页面无测试序列。"}
{"ts": "2026-06-26 10:26:26", "action": "get_test_sequence_status", "status": "executed", "risk_level": "low", "arguments": {}, "message": "当前页面无测试序列。"}
{"ts": "2026-06-26 10:26:28", "action": "get_test_sequence_status", "status": "executed", "risk_level": "low", "arguments": {}, "message": "当前页面无测试序列。"}
{"ts": "2026-06-26 10:26:29", "action": "get_test_sequence_status", "status": "executed", "risk_level": "low", "arguments": {}, "message": "当前页面无测试序列。"}
{"ts": "2026-06-26 10:26:31", "action": "get_test_sequence_status", "status": "executed", "risk_level": "low", "arguments": {}, "message": "当前页面无测试序列。"}
{"ts": "2026-06-26 10:26:32", "action": "get_test_sequence_status", "status": "executed", "risk_level": "low", "arguments": {}, "message": "当前页面无测试序列。"}
{"ts": "2026-06-26 10:26:34", "action": "get_test_sequence_status", "status": "executed", "risk_level": "low", "arguments": {}, "message": "当前页面无测试序列。"}
{"ts": "2026-06-26 10:26:35", "action": "get_test_sequence_status", "status": "executed", "risk_level": "low", "arguments": {}, "message": "当前页面无测试序列。"}
{"ts": "2026-06-26 10:26:37", "action": "get_test_sequence_status", "status": "executed", "risk_level": "low", "arguments": {}, "message": "当前页面无测试序列。"}
{"ts": "2026-06-26 10:26:38", "action": "get_test_sequence_status", "status": "executed", "risk_level": "low", "arguments": {}, "message": "当前页面无测试序列。"}
{"ts": "2026-06-26 10:26:40", "action": "get_test_sequence_status", "status": "executed", "risk_level": "low", "arguments": {}, "message": "当前页面无测试序列。"}
{"ts": "2026-06-26 10:26:41", "action": "get_test_sequence_status", "status": "executed", "risk_level": "low", "arguments": {}, "message": "当前页面无测试序列。"}
{"ts": "2026-06-26 10:26:43", "action": "get_test_sequence_status", "status": "executed", "risk_level": "low", "arguments": {}, "message": "当前页面无测试序列。"}
{"ts": "2026-06-26 10:26:44", "action": "get_test_sequence_status", "status": "executed", "risk_level": "low", "arguments": {}, "message": "当前页面无测试序列。"}
{"ts": "2026-06-26 10:27:26", "action": "get_test_result_summary", "status": "executed", "risk_level": "low", "arguments": {}, "message": ""}
{"ts": "2026-06-26 10:28:11", "action": "get_current_page", "status": "executed", "risk_level": "low", "arguments": {}, "message": "当前页面：pmu_output_voltage"}
{"ts": "2026-06-26 10:28:28", "action": "archive_kk_lab_memory", "status": "executed", "risk_level": "medium", "arguments": {"draft_kind": "kk_test_item", "title": "BES1307 BUCK_VCORE 输出电压线性度测试（寄存器 0x132[7:0]）", "fields": {"芯片": "BES1307 verB", "PMU": "BESC0DE (0x27, 10bit)", "测试项目": "BUCK_VCORE 输出电压线性度", "寄存器": "0x132[7:0]", "仪器": "N6705C CH2", "默认电压": "0.8953 V (0x9D)", "调节范围": "0.3106 V ~ 1.2602 V (0x01~0xFE)", "步进": "3.75 mV", "线性度": "0.22%", "判定": "PASS", "现象": "8位DAC全范围扫描，线性度优秀，默认值0x9D输出约0.9V", "处理办法": "如需更精细步进可缩小扫描范围（如0x80~0xC0）局部放大"}}, "message": "已归档到本机私有层：pmu_output_voltage/test_items.md （T-20260626-102828 BES1307 BUCK_VCORE 输出电压线性度测试（寄存器 0x132[7:0]））"}
{"ts": "2026-06-26 11:00:20", "action": "get_current_page", "status": "executed", "risk_level": "low", "arguments": {}, "message": "当前页面：pmu_output_voltage"}
{"ts": "2026-06-26 11:00:20", "action": "get_instrument_status", "status": "executed", "risk_level": "low", "arguments": {}, "message": "共 1 个仪器会话。"}
{"ts": "2026-06-26 11:00:20", "action": "search_kk_lab_memory", "status": "executed", "risk_level": "low", "arguments": {"keyword": "1307 BUCK_VCORE"}, "message": "搜索到 1 条匹配条目。"}
{"ts": "2026-06-26 11:00:20", "action": "search_kk_lab_memory", "status": "executed", "risk_level": "low", "arguments": {"keyword": "T-20260626-102828", "kind": "test_items"}, "message": "搜索到 0 条匹配条目。"}
{"ts": "2026-06-26 11:00:21", "action": "index_kk_lab_memory", "status": "executed", "risk_level": "low", "arguments": {"kind": "test_items"}, "message": "索引构建完成，共 1 条条目。"}
{"ts": "2026-06-26 11:00:22", "action": "get_current_test_config", "status": "executed", "risk_level": "low", "arguments": {}, "message": ""}
{"ts": "2026-06-26 11:00:23", "action": "search_kk_lab_memory", "status": "executed", "risk_level": "low", "arguments": {"keyword": "BES1307 BUCK_VCORE 输出电压线性度测试"}, "message": "搜索到 1 条匹配条目。"}
{"ts": "2026-06-26 13:01:13", "action": "get_current_page", "status": "executed", "risk_level": "low", "arguments": {}, "message": "当前页面：power_analyser"}
{"ts": "2026-06-26 13:01:13", "action": "get_instrument_status", "status": "executed", "risk_level": "low", "arguments": {}, "message": "共 1 个仪器会话。"}
{"ts": "2026-06-26 13:01:14", "action": "scan_instruments", "status": "executed", "risk_level": "low", "arguments": {"instrument_type": "n6705c"}, "message": "已发起扫描（异步），完成后会自动回灌结果。"}
{"ts": "2026-06-26 13:01:15", "action": "get_task_result", "status": "executed", "risk_level": "low", "arguments": {"task_id": "T-0001"}, "message": "任务 T-0001 当前状态：pending。"}
{"ts": "2026-06-26 13:01:15", "action": "get_task_result", "status": "executed", "risk_level": "low", "arguments": {"task_id": "T-0001"}, "message": "任务 T-0001 当前状态：pending。"}
{"ts": "2026-06-26 13:01:16", "action": "get_task_result", "status": "executed", "risk_level": "low", "arguments": {"task_id": "T-0001"}, "message": "任务 T-0001 当前状态：pending。"}
{"ts": "2026-06-26 13:01:25", "action": "scan_instruments", "status": "executed", "risk_level": "low", "arguments": {"instrument_type": "n6705c"}, "message": "已发起新一轮扫描；上次扫描到 5 个候选。完成后会自动回灌最新结果。"}
{"ts": "2026-06-26 13:01:52", "action": "connect_instrument", "status": "executed", "risk_level": "medium", "arguments": {"instrument_type": "n6705c", "resource": "TCPIP0::K-N6705C-06098.local::hislip0::INSTR", "slot": "default"}, "message": "已发起连接（异步），可稍后用 get_instrument_status 确认。"}
{"ts": "2026-06-26 13:01:52", "action": "get_instrument_status", "status": "executed", "risk_level": "low", "arguments": {}, "message": "共 1 个仪器会话。"}
{"ts": "2026-06-26 13:02:02", "action": "get_channel_output_state", "status": "executed", "risk_level": "low", "arguments": {"session_id": "n6705c:A", "channel": 1}, "message": "通道 1 输出状态读取完成。"}
{"ts": "2026-06-26 13:02:02", "action": "get_channel_output_state", "status": "executed", "risk_level": "low", "arguments": {"session_id": "n6705c:A", "channel": 2}, "message": "通道 2 输出状态读取完成。"}
{"ts": "2026-06-26 13:02:02", "action": "get_channel_output_state", "status": "executed", "risk_level": "low", "arguments": {"session_id": "n6705c:A", "channel": 3}, "message": "通道 3 输出状态读取完成。"}
{"ts": "2026-06-26 13:02:02", "action": "get_channel_output_state", "status": "executed", "risk_level": "low", "arguments": {"session_id": "n6705c:A", "channel": 4}, "message": "通道 4 输出状态读取完成。"}
{"ts": "2026-06-26 13:02:02", "action": "measure_voltage", "status": "executed", "risk_level": "low", "arguments": {"session_id": "n6705c:A", "channel": 1}, "message": "通道 1 电压测量完成。"}
{"ts": "2026-06-26 13:02:02", "action": "measure_voltage", "status": "executed", "risk_level": "low", "arguments": {"session_id": "n6705c:A", "channel": 2}, "message": "通道 2 电压测量完成。"}
{"ts": "2026-06-26 13:02:02", "action": "measure_voltage", "status": "executed", "risk_level": "low", "arguments": {"session_id": "n6705c:A", "channel": 3}, "message": "通道 3 电压测量完成。"}
{"ts": "2026-06-26 13:02:02", "action": "measure_voltage", "status": "executed", "risk_level": "low", "arguments": {"session_id": "n6705c:A", "channel": 4}, "message": "通道 4 电压测量完成。"}
{"ts": "2026-06-26 13:02:03", "action": "measure_current", "status": "executed", "risk_level": "low", "arguments": {"session_id": "n6705c:A", "channel": 1}, "message": "通道 1 电流测量完成。"}
{"ts": "2026-06-26 13:02:03", "action": "measure_current", "status": "executed", "risk_level": "low", "arguments": {"session_id": "n6705c:A", "channel": 2}, "message": "通道 2 电流测量完成。"}
{"ts": "2026-06-26 13:02:03", "action": "measure_current", "status": "executed", "risk_level": "low", "arguments": {"session_id": "n6705c:A", "channel": 3}, "message": "通道 3 电流测量完成。"}
{"ts": "2026-06-26 13:02:13", "action": "measure_current", "status": "failed", "risk_level": "low", "arguments": {"session_id": "n6705c:A", "channel": 4}, "message": "执行失败：仪器通信异常，详见日志。"}
{"ts": "2026-06-26 13:02:39", "action": "measure_voltage", "status": "executed", "risk_level": "low", "arguments": {"session_id": "n6705c:A", "channel": 1}, "message": "通道 1 电压测量完成。"}
{"ts": "2026-06-26 13:02:49", "action": "measure_voltage", "status": "executed", "risk_level": "low", "arguments": {"session_id": "n6705c:A", "channel": 2}, "message": "通道 2 电压测量完成。"}
{"ts": "2026-06-26 13:02:59", "action": "measure_voltage", "status": "executed", "risk_level": "low", "arguments": {"session_id": "n6705c:A", "channel": 3}, "message": "通道 3 电压测量完成。"}
{"ts": "2026-06-26 13:03:00", "action": "measure_voltage", "status": "executed", "risk_level": "low", "arguments": {"session_id": "n6705c:A", "channel": 4}, "message": "通道 4 电压测量完成。"}
{"ts": "2026-06-26 13:03:00", "action": "measure_current", "status": "executed", "risk_level": "low", "arguments": {"session_id": "n6705c:A", "channel": 1}, "message": "通道 1 电流测量完成。"}
{"ts": "2026-06-26 13:03:00", "action": "measure_current", "status": "executed", "risk_level": "low", "arguments": {"session_id": "n6705c:A", "channel": 2}, "message": "通道 2 电流测量完成。"}
{"ts": "2026-06-26 13:03:00", "action": "measure_current", "status": "executed", "risk_level": "low", "arguments": {"session_id": "n6705c:A", "channel": 3}, "message": "通道 3 电流测量完成。"}
{"ts": "2026-06-26 13:03:00", "action": "measure_current", "status": "executed", "risk_level": "low", "arguments": {"session_id": "n6705c:A", "channel": 4}, "message": "通道 4 电流测量完成。"}
{"ts": "2026-06-26 13:03:00", "action": "get_channel_output_state", "status": "executed", "risk_level": "low", "arguments": {"session_id": "n6705c:A", "channel": 1}, "message": "通道 1 输出状态读取完成。"}
{"ts": "2026-06-26 13:03:00", "action": "get_channel_output_state", "status": "executed", "risk_level": "low", "arguments": {"session_id": "n6705c:A", "channel": 2}, "message": "通道 2 输出状态读取完成。"}
{"ts": "2026-06-26 13:03:00", "action": "get_channel_output_state", "status": "executed", "risk_level": "low", "arguments": {"session_id": "n6705c:A", "channel": 3}, "message": "通道 3 输出状态读取完成。"}
{"ts": "2026-06-26 13:03:00", "action": "get_channel_output_state", "status": "executed", "risk_level": "low", "arguments": {"session_id": "n6705c:A", "channel": 4}, "message": "通道 4 输出状态读取完成。"}
{"ts": "2026-06-26 13:05:12", "action": "measure_voltage", "status": "executed", "risk_level": "low", "arguments": {"session_id": "n6705c:A", "channel": 1}, "message": "通道 1 电压测量完成。"}
{"ts": "2026-06-26 13:05:12", "action": "measure_voltage", "status": "executed", "risk_level": "low", "arguments": {"session_id": "n6705c:A", "channel": 2}, "message": "通道 2 电压测量完成。"}
{"ts": "2026-06-26 13:05:12", "action": "measure_voltage", "status": "executed", "risk_level": "low", "arguments": {"session_id": "n6705c:A", "channel": 3}, "message": "通道 3 电压测量完成。"}
{"ts": "2026-06-26 13:05:12", "action": "measure_voltage", "status": "executed", "risk_level": "low", "arguments": {"session_id": "n6705c:A", "channel": 4}, "message": "通道 4 电压测量完成。"}
{"ts": "2026-06-26 13:05:12", "action": "measure_current", "status": "executed", "risk_level": "low", "arguments": {"session_id": "n6705c:A", "channel": 1}, "message": "通道 1 电流测量完成。"}
{"ts": "2026-06-26 13:05:12", "action": "measure_current", "status": "executed", "risk_level": "low", "arguments": {"session_id": "n6705c:A", "channel": 2}, "message": "通道 2 电流测量完成。"}
{"ts": "2026-06-26 13:05:23", "action": "measure_current", "status": "executed", "risk_level": "low", "arguments": {"session_id": "n6705c:A", "channel": 3}, "message": "通道 3 电流测量完成。"}
{"ts": "2026-06-26 13:05:33", "action": "measure_current", "status": "executed", "risk_level": "low", "arguments": {"session_id": "n6705c:A", "channel": 4}, "message": "通道 4 电流测量完成。"}
{"ts": "2026-06-26 13:05:33", "action": "get_channel_output_state", "status": "executed", "risk_level": "low", "arguments": {"session_id": "n6705c:A", "channel": 1}, "message": "通道 1 输出状态读取完成。"}
{"ts": "2026-06-26 13:05:33", "action": "get_channel_output_state", "status": "executed", "risk_level": "low", "arguments": {"session_id": "n6705c:A", "channel": 2}, "message": "通道 2 输出状态读取完成。"}
{"ts": "2026-06-26 13:05:33", "action": "get_channel_output_state", "status": "executed", "risk_level": "low", "arguments": {"session_id": "n6705c:A", "channel": 3}, "message": "通道 3 输出状态读取完成。"}
{"ts": "2026-06-26 13:05:33", "action": "get_channel_output_state", "status": "executed", "risk_level": "low", "arguments": {"session_id": "n6705c:A", "channel": 4}, "message": "通道 4 输出状态读取完成。"}
{"ts": "2026-06-26 13:07:20", "action": "get_instrument_status", "status": "executed", "risk_level": "low", "arguments": {}, "message": "共 1 个仪器会话。"}
{"ts": "2026-06-26 13:07:23", "action": "measure_voltage", "status": "executed", "risk_level": "low", "arguments": {"session_id": "n6705c:A", "channel": 1}, "message": "通道 1 电压测量完成。"}
{"ts": "2026-06-26 13:07:23", "action": "measure_voltage", "status": "executed", "risk_level": "low", "arguments": {"session_id": "n6705c:A", "channel": 2}, "message": "通道 2 电压测量完成。"}
{"ts": "2026-06-26 13:07:23", "action": "measure_voltage", "status": "executed", "risk_level": "low", "arguments": {"session_id": "n6705c:A", "channel": 3}, "message": "通道 3 电压测量完成。"}
{"ts": "2026-06-26 13:07:23", "action": "measure_voltage", "status": "executed", "risk_level": "low", "arguments": {"session_id": "n6705c:A", "channel": 4}, "message": "通道 4 电压测量完成。"}
{"ts": "2026-06-26 13:07:23", "action": "measure_current", "status": "executed", "risk_level": "low", "arguments": {"session_id": "n6705c:A", "channel": 1}, "message": "通道 1 电流测量完成。"}
{"ts": "2026-06-26 13:07:24", "action": "measure_current", "status": "executed", "risk_level": "low", "arguments": {"session_id": "n6705c:A", "channel": 2}, "message": "通道 2 电流测量完成。"}
{"ts": "2026-06-26 13:07:34", "action": "measure_current", "status": "executed", "risk_level": "low", "arguments": {"session_id": "n6705c:A", "channel": 3}, "message": "通道 3 电流测量完成。"}
{"ts": "2026-06-26 13:07:44", "action": "measure_current", "status": "executed", "risk_level": "low", "arguments": {"session_id": "n6705c:A", "channel": 4}, "message": "通道 4 电流测量完成。"}
{"ts": "2026-06-26 13:13:11", "action": "get_instrument_status", "status": "executed", "risk_level": "low", "arguments": {}, "message": "共 1 个仪器会话。"}
{"ts": "2026-06-26 13:13:14", "action": "measure_voltage", "status": "executed", "risk_level": "low", "arguments": {"session_id": "n6705c:A", "channel": 1}, "message": "通道 1 电压测量完成。"}
{"ts": "2026-06-26 13:13:14", "action": "measure_voltage", "status": "executed", "risk_level": "low", "arguments": {"session_id": "n6705c:A", "channel": 2}, "message": "通道 2 电压测量完成。"}
{"ts": "2026-06-26 13:13:14", "action": "measure_voltage", "status": "executed", "risk_level": "low", "arguments": {"session_id": "n6705c:A", "channel": 3}, "message": "通道 3 电压测量完成。"}
{"ts": "2026-06-26 13:13:14", "action": "measure_voltage", "status": "executed", "risk_level": "low", "arguments": {"session_id": "n6705c:A", "channel": 4}, "message": "通道 4 电压测量完成。"}
{"ts": "2026-06-26 13:13:14", "action": "measure_current", "status": "executed", "risk_level": "low", "arguments": {"session_id": "n6705c:A", "channel": 1}, "message": "通道 1 电流测量完成。"}
{"ts": "2026-06-26 13:13:15", "action": "measure_current", "status": "executed", "risk_level": "low", "arguments": {"session_id": "n6705c:A", "channel": 2}, "message": "通道 2 电流测量完成。"}
{"ts": "2026-06-26 13:13:15", "action": "measure_current", "status": "executed", "risk_level": "low", "arguments": {"session_id": "n6705c:A", "channel": 3}, "message": "通道 3 电流测量完成。"}
{"ts": "2026-06-26 13:13:15", "action": "measure_current", "status": "executed", "risk_level": "low", "arguments": {"session_id": "n6705c:A", "channel": 4}, "message": "通道 4 电流测量完成。"}
{"ts": "2026-06-26 13:23:40", "action": "get_channel_output_state", "status": "executed", "risk_level": "low", "arguments": {"session_id": "n6705c:A", "channel": 1}, "message": "通道 1 输出状态读取完成。"}
{"ts": "2026-06-26 13:23:40", "action": "get_channel_limits", "status": "executed", "risk_level": "low", "arguments": {"session_id": "n6705c:A", "channel": 1}, "message": "通道 1 限值读取完成。"}
{"ts": "2026-06-26 13:24:13", "action": "measure_voltage", "status": "executed", "risk_level": "low", "arguments": {"session_id": "n6705c:A", "channel": 3}, "message": "通道 3 电压测量完成。"}
{"ts": "2026-06-26 13:24:23", "action": "measure_current", "status": "executed", "risk_level": "low", "arguments": {"session_id": "n6705c:A", "channel": 3}, "message": "通道 3 电流测量完成。"}
{"ts": "2026-06-26 13:24:23", "action": "get_channel_output_state", "status": "executed", "risk_level": "low", "arguments": {"session_id": "n6705c:A", "channel": 3}, "message": "通道 3 输出状态读取完成。"}
{"ts": "2026-06-26 13:24:23", "action": "get_channel_limits", "status": "executed", "risk_level": "low", "arguments": {"session_id": "n6705c:A", "channel": 3}, "message": "通道 3 限值读取完成。"}
{"ts": "2026-06-26 13:40:31", "action": "get_current_page", "status": "executed", "risk_level": "low", "arguments": {}, "message": "当前页面：power_analyser"}
{"ts": "2026-06-26 13:40:31", "action": "get_instrument_status", "status": "executed", "risk_level": "low", "arguments": {}, "message": "共 0 个仪器会话。"}
{"ts": "2026-06-26 13:40:31", "action": "scan_instruments", "status": "executed", "risk_level": "low", "arguments": {"instrument_type": "n6705c"}, "message": "已发起扫描（异步），完成后会自动回灌结果。"}
{"ts": "2026-06-26 13:40:32", "action": "get_task_result", "status": "executed", "risk_level": "low", "arguments": {"task_id": "T-0001"}, "message": "任务 T-0001 当前状态：pending。"}
{"ts": "2026-06-26 13:40:33", "action": "scan_instruments", "status": "executed", "risk_level": "low", "arguments": {"instrument_type": "n6705c"}, "message": "已发起扫描（异步），完成后会自动回灌结果。"}
{"ts": "2026-06-26 13:40:34", "action": "get_task_result", "status": "executed", "risk_level": "low", "arguments": {"task_id": "T-0002"}, "message": "任务 T-0002 当前状态：pending。"}
{"ts": "2026-06-26 13:40:43", "action": "scan_instruments", "status": "executed", "risk_level": "low", "arguments": {"instrument_type": "n6705c"}, "message": "已发起新一轮扫描；上次扫描到 5 个候选。完成后会自动回灌最新结果。"}
{"ts": "2026-06-26 13:40:47", "action": "connect_instrument", "status": "executed", "risk_level": "medium", "arguments": {"instrument_type": "n6705c", "resource": "TCPIP0::K-N6705C-06098.local::hislip0::INSTR", "slot": "default"}, "message": "已发起连接（异步），可稍后用 get_instrument_status 确认。"}
{"ts": "2026-06-26 13:40:47", "action": "get_instrument_status", "status": "executed", "risk_level": "low", "arguments": {}, "message": "共 1 个仪器会话。"}
{"ts": "2026-06-26 13:40:49", "action": "get_channel_output_state", "status": "executed", "risk_level": "low", "arguments": {"session_id": "n6705c:A", "channel": 1}, "message": "通道 1 输出状态读取完成。"}
{"ts": "2026-06-26 13:40:49", "action": "get_channel_output_state", "status": "executed", "risk_level": "low", "arguments": {"session_id": "n6705c:A", "channel": 2}, "message": "通道 2 输出状态读取完成。"}
{"ts": "2026-06-26 13:40:49", "action": "get_channel_output_state", "status": "executed", "risk_level": "low", "arguments": {"session_id": "n6705c:A", "channel": 3}, "message": "通道 3 输出状态读取完成。"}
{"ts": "2026-06-26 13:40:49", "action": "get_channel_output_state", "status": "executed", "risk_level": "low", "arguments": {"session_id": "n6705c:A", "channel": 4}, "message": "通道 4 输出状态读取完成。"}
{"ts": "2026-06-26 13:41:00", "action": "measure_voltage", "status": "failed", "risk_level": "low", "arguments": {"session_id": "n6705c:A", "channel": 1}, "message": "执行失败：仪器通信异常，详见日志。"}
{"ts": "2026-06-26 13:41:00", "action": "measure_current", "status": "failed", "risk_level": "low", "arguments": {"session_id": "n6705c:A", "channel": 1}, "message": "执行失败：仪器通信异常，详见日志。"}
{"ts": "2026-06-26 13:41:00", "action": "measure_voltage", "status": "failed", "risk_level": "low", "arguments": {"session_id": "n6705c:A", "channel": 2}, "message": "执行失败：仪器通信异常，详见日志。"}
{"ts": "2026-06-26 13:41:00", "action": "measure_current", "status": "failed", "risk_level": "low", "arguments": {"session_id": "n6705c:A", "channel": 2}, "message": "执行失败：仪器通信异常，详见日志。"}
{"ts": "2026-06-26 13:41:00", "action": "measure_voltage", "status": "failed", "risk_level": "low", "arguments": {"session_id": "n6705c:A", "channel": 3}, "message": "执行失败：仪器通信异常，详见日志。"}
{"ts": "2026-06-26 13:41:00", "action": "measure_current", "status": "failed", "risk_level": "low", "arguments": {"session_id": "n6705c:A", "channel": 3}, "message": "执行失败：仪器通信异常，详见日志。"}
{"ts": "2026-06-26 13:41:00", "action": "measure_voltage", "status": "failed", "risk_level": "low", "arguments": {"session_id": "n6705c:A", "channel": 4}, "message": "执行失败：仪器通信异常，详见日志。"}
{"ts": "2026-06-26 13:41:00", "action": "measure_current", "status": "failed", "risk_level": "low", "arguments": {"session_id": "n6705c:A", "channel": 4}, "message": "执行失败：仪器通信异常，详见日志。"}
{"ts": "2026-06-26 13:41:01", "action": "get_instrument_status", "status": "executed", "risk_level": "low", "arguments": {}, "message": "共 1 个仪器会话。"}
{"ts": "2026-06-26 13:41:01", "action": "get_instrument_errors", "status": "failed", "risk_level": "low", "arguments": {"session_id": "n6705c:A"}, "message": "执行失败：该仪器不支持 get_errors（SCPI 错误队列）。"}
{"ts": "2026-06-26 13:41:04", "action": "query_instrument", "status": "failed", "risk_level": "low", "arguments": {"session_id": "n6705c:A", "command": "MEAS:VOLT? (@1)"}, "message": "执行异常：Invalid session handle. The resource might be closed."}
{"ts": "2026-06-26 13:41:04", "action": "query_instrument", "status": "failed", "risk_level": "low", "arguments": {"session_id": "n6705c:A", "command": "MEAS:CURR? (@1)"}, "message": "执行异常：Invalid session handle. The resource might be closed."}
{"ts": "2026-06-26 13:41:04", "action": "query_instrument", "status": "failed", "risk_level": "low", "arguments": {"session_id": "n6705c:A", "command": "MEAS:VOLT? (@2)"}, "message": "执行异常：Invalid session handle. The resource might be closed."}
{"ts": "2026-06-26 13:41:04", "action": "query_instrument", "status": "failed", "risk_level": "low", "arguments": {"session_id": "n6705c:A", "command": "MEAS:CURR? (@2)"}, "message": "执行异常：Invalid session handle. The resource might be closed."}
{"ts": "2026-06-26 13:41:04", "action": "query_instrument", "status": "failed", "risk_level": "low", "arguments": {"session_id": "n6705c:A", "command": "MEAS:VOLT? (@3)"}, "message": "执行异常：Invalid session handle. The resource might be closed."}
{"ts": "2026-06-26 13:41:04", "action": "query_instrument", "status": "failed", "risk_level": "low", "arguments": {"session_id": "n6705c:A", "command": "MEAS:CURR? (@3)"}, "message": "执行异常：Invalid session handle. The resource might be closed."}
{"ts": "2026-06-26 13:41:04", "action": "query_instrument", "status": "failed", "risk_level": "low", "arguments": {"session_id": "n6705c:A", "command": "MEAS:VOLT? (@4)"}, "message": "执行异常：Invalid session handle. The resource might be closed."}
{"ts": "2026-06-26 13:41:04", "action": "query_instrument", "status": "failed", "risk_level": "low", "arguments": {"session_id": "n6705c:A", "command": "MEAS:CURR? (@4)"}, "message": "执行异常：Invalid session handle. The resource might be closed."}
{"ts": "2026-06-26 13:41:05", "action": "scan_instruments", "status": "executed", "risk_level": "low", "arguments": {"instrument_type": "n6705c"}, "message": "已发起新一轮扫描；上次扫描到 5 个候选。完成后会自动回灌最新结果。"}
{"ts": "2026-06-26 13:41:22", "action": "connect_instrument", "status": "executed", "risk_level": "medium", "arguments": {"instrument_type": "n6705c", "resource": "TCPIP0::K-N6705C-06098.local::inst0::INSTR", "role": "power_analyzer"}, "message": "会话已连接。"}
{"ts": "2026-06-26 13:42:11", "action": "get_task_result", "status": "executed", "risk_level": "low", "arguments": {"task_id": "T-0001"}, "message": "任务 T-0001 当前状态：pending。"}
{"ts": "2026-06-26 13:54:40", "action": "get_instrument_status", "status": "executed", "risk_level": "low", "arguments": {}, "message": "共 1 个仪器会话，其中 1 个已连接。已连接会话可直接用其 session_id 操作（测量/查询/设置），无需重新扫描或连接。"}
{"ts": "2026-06-26 13:54:43", "action": "measure_voltage", "status": "executed", "risk_level": "low", "arguments": {"session_id": "n6705c:A", "channel": 1}, "message": "通道 1 电压测量完成。"}
{"ts": "2026-06-26 13:54:43", "action": "measure_current", "status": "executed", "risk_level": "low", "arguments": {"session_id": "n6705c:A", "channel": 1}, "message": "通道 1 电流测量完成。"}
{"ts": "2026-06-26 13:54:43", "action": "measure_voltage", "status": "executed", "risk_level": "low", "arguments": {"session_id": "n6705c:A", "channel": 2}, "message": "通道 2 电压测量完成。"}
{"ts": "2026-06-26 13:54:43", "action": "measure_current", "status": "executed", "risk_level": "low", "arguments": {"session_id": "n6705c:A", "channel": 2}, "message": "通道 2 电流测量完成。"}
{"ts": "2026-06-26 13:54:43", "action": "measure_voltage", "status": "executed", "risk_level": "low", "arguments": {"session_id": "n6705c:A", "channel": 3}, "message": "通道 3 电压测量完成。"}
{"ts": "2026-06-26 13:54:43", "action": "measure_current", "status": "executed", "risk_level": "low", "arguments": {"session_id": "n6705c:A", "channel": 3}, "message": "通道 3 电流测量完成。"}
{"ts": "2026-06-26 13:54:43", "action": "measure_voltage", "status": "executed", "risk_level": "low", "arguments": {"session_id": "n6705c:A", "channel": 4}, "message": "通道 4 电压测量完成。"}
{"ts": "2026-06-26 13:54:44", "action": "measure_current", "status": "executed", "risk_level": "low", "arguments": {"session_id": "n6705c:A", "channel": 4}, "message": "通道 4 电流测量完成。"}
{"ts": "2026-06-26 13:55:01", "action": "get_instrument_status", "status": "executed", "risk_level": "low", "arguments": {}, "message": "共 1 个仪器会话，其中 1 个已连接。已连接会话可直接用其 session_id 操作（测量/查询/设置），无需重新扫描或连接。"}
{"ts": "2026-06-26 13:55:04", "action": "set_instrument_voltage", "status": "executed", "risk_level": "high", "arguments": {"session_id": "n6705c:A", "channel": 1, "voltage": 3.0}, "message": "已设置通道 1 电压为 3.0 V。"}
{"ts": "2026-07-01 16:38:11", "action": "get_current_page", "status": "executed", "risk_level": "low", "arguments": {}, "message": "当前页面：module_test_ldo"}
{"ts": "2026-07-02 19:18:47", "action": "get_instrument_status", "status": "executed", "risk_level": "low", "arguments": {}, "message": "共 1 个仪器会话，其中 1 个已连接。已连接会话可直接用其 session_id 操作（测量/查询/设置），无需重新扫描或连接。"}
{"ts": "2026-07-02 19:18:49", "action": "query_instrument", "status": "executed", "risk_level": "low", "arguments": {"session_id": "n6705c:A", "command": "MEAS:VOLT? (@1)"}, "message": "查询完成。"}
{"ts": "2026-07-02 19:18:49", "action": "query_instrument", "status": "executed", "risk_level": "low", "arguments": {"session_id": "n6705c:A", "command": "MEAS:CURR? (@1)"}, "message": "查询完成。"}
{"ts": "2026-07-02 19:18:49", "action": "query_instrument", "status": "executed", "risk_level": "low", "arguments": {"session_id": "n6705c:A", "command": "MEAS:VOLT? (@2)"}, "message": "查询完成。"}
{"ts": "2026-07-02 19:18:49", "action": "query_instrument", "status": "executed", "risk_level": "low", "arguments": {"session_id": "n6705c:A", "command": "MEAS:CURR? (@2)"}, "message": "查询完成。"}
{"ts": "2026-07-02 19:18:49", "action": "query_instrument", "status": "executed", "risk_level": "low", "arguments": {"session_id": "n6705c:A", "command": "MEAS:VOLT? (@3)"}, "message": "查询完成。"}
{"ts": "2026-07-02 19:18:49", "action": "query_instrument", "status": "executed", "risk_level": "low", "arguments": {"session_id": "n6705c:A", "command": "MEAS:CURR? (@3)"}, "message": "查询完成。"}
{"ts": "2026-07-02 19:18:50", "action": "query_instrument", "status": "executed", "risk_level": "low", "arguments": {"session_id": "n6705c:A", "command": "MEAS:VOLT? (@4)"}, "message": "查询完成。"}
{"ts": "2026-07-02 19:18:50", "action": "query_instrument", "status": "executed", "risk_level": "low", "arguments": {"session_id": "n6705c:A", "command": "MEAS:CURR? (@4)"}, "message": "查询完成。"}
{"ts": "2026-07-03 00:00:27", "action": "get_recent_app_logs", "status": "executed", "risk_level": "low", "arguments": {"lines": 50}, "message": ""}
{"ts": "2026-07-03 00:00:27", "action": "get_current_page", "status": "executed", "risk_level": "low", "arguments": {}, "message": "当前页面：datalog"}
{"ts": "2026-07-03 00:00:30", "action": "get_instrument_status", "status": "executed", "risk_level": "low", "arguments": {}, "message": "共 1 个仪器会话，其中 1 个已连接。已连接会话可直接用其 session_id 操作（测量/查询/设置），无需重新扫描或连接。"}
{"ts": "2026-07-03 00:00:30", "action": "get_recent_serial_logs", "status": "executed", "risk_level": "low", "arguments": {"lines": 30}, "message": ""}
{"ts": "2026-07-03 00:14:06", "action": "get_current_page", "status": "executed", "risk_level": "low", "arguments": {}, "message": "当前页面：datalog"}
{"ts": "2026-07-03 00:14:08", "action": "get_recent_app_logs", "status": "executed", "risk_level": "low", "arguments": {"lines": 50}, "message": ""}
{"ts": "2026-07-08 11:20:23", "action": "get_current_page", "status": "executed", "risk_level": "low", "arguments": {}, "message": "当前页面：consumption_test"}
{"ts": "2026-07-13 14:51:51", "action": "get_test_result_summary", "status": "executed", "risk_level": "low", "arguments": {}, "message": ""}
{"ts": "2026-07-13 14:51:51", "action": "get_current_test_config", "status": "executed", "risk_level": "low", "arguments": {}, "message": ""}
{"ts": "2026-07-18 15:10:00", "action": "get_current_page", "status": "executed", "risk_level": "low", "arguments": {}, "message": "当前页面：consumption_test"}
{"ts": "2026-07-18 15:10:00", "action": "get_current_test_config", "status": "executed", "risk_level": "low", "arguments": {}, "message": ""}
{"ts": "2026-07-22 14:18:42", "action": "get_current_page", "status": "executed", "risk_level": "low", "arguments": {}, "message": "当前页面：datalog"}
{"ts": "2026-07-22 14:18:43", "action": "get_instrument_status", "status": "executed", "risk_level": "low", "arguments": {}, "message": "共 0 个仪器会话，暂无已连接会话。"}
{"ts": "2026-07-22 14:19:09", "action": "get_current_page", "status": "executed", "risk_level": "low", "arguments": {}, "message": "当前页面：datalog"}
{"ts": "2026-07-27 10:09:26", "action": "get_current_page", "status": "executed", "risk_level": "low", "arguments": {}, "message": "当前页面：power_analyser"}
{"ts": "2026-07-27 10:09:26", "action": "get_instrument_status", "status": "executed", "risk_level": "low", "arguments": {}, "message": "共 0 个仪器会话，暂无已连接会话。"}
{"ts": "2026-07-27 10:09:27", "action": "scan_instruments", "status": "executed", "risk_level": "low", "arguments": {"instrument_type": "n6705c"}, "message": "已发起扫描（异步），完成后会自动回灌结果。"}
{"ts": "2026-07-27 10:09:28", "action": "get_task_result", "status": "executed", "risk_level": "low", "arguments": {"task_id": "T-0001"}, "message": "任务 T-0001 当前状态：pending。"}
{"ts": "2026-07-27 10:09:28", "action": "scan_instruments", "status": "executed", "risk_level": "low", "arguments": {"instrument_type": "n6705c"}, "message": "已发起扫描（异步），完成后会自动回灌结果。"}
{"ts": "2026-07-27 10:09:29", "action": "get_task_result", "status": "executed", "risk_level": "low", "arguments": {"task_id": "T-0002"}, "message": "任务 T-0002 当前状态：pending。"}
{"ts": "2026-07-27 10:09:34", "action": "scan_instruments", "status": "executed", "risk_level": "low", "arguments": {"instrument_type": "n6705c"}, "message": "已发起新一轮扫描；上次扫描到 2 个候选。完成后会自动回灌最新结果。"}
{"ts": "2026-07-27 10:10:04", "action": "connect_instrument", "status": "executed", "risk_level": "medium", "arguments": {"instrument_type": "n6705c", "resource": "TCPIP0::10.31.31.26::inst0::INSTR", "slot": "default"}, "message": "正在连接 n6705c:A，连接完成后即可操作。"}
{"ts": "2026-07-27 10:10:24", "action": "measure_voltage", "status": "executed", "risk_level": "low", "arguments": {"session_id": "n6705c:A", "channel": 1}, "message": "通道 1 电压测量完成。"}
{"ts": "2026-07-27 10:10:24", "action": "measure_voltage", "status": "executed", "risk_level": "low", "arguments": {"session_id": "n6705c:A", "channel": 2}, "message": "通道 2 电压测量完成。"}
{"ts": "2026-07-27 10:10:25", "action": "measure_voltage", "status": "executed", "risk_level": "low", "arguments": {"session_id": "n6705c:A", "channel": 3}, "message": "通道 3 电压测量完成。"}
{"ts": "2026-07-27 10:10:25", "action": "measure_voltage", "status": "executed", "risk_level": "low", "arguments": {"session_id": "n6705c:A", "channel": 4}, "message": "通道 4 电压测量完成。"}
{"ts": "2026-07-27 10:10:25", "action": "measure_current", "status": "executed", "risk_level": "low", "arguments": {"session_id": "n6705c:A", "channel": 1}, "message": "通道 1 电流测量完成。"}
{"ts": "2026-07-27 10:10:25", "action": "measure_current", "status": "executed", "risk_level": "low", "arguments": {"session_id": "n6705c:A", "channel": 2}, "message": "通道 2 电流测量完成。"}
{"ts": "2026-07-27 10:10:25", "action": "measure_current", "status": "executed", "risk_level": "low", "arguments": {"session_id": "n6705c:A", "channel": 3}, "message": "通道 3 电流测量完成。"}
{"ts": "2026-07-27 10:10:25", "action": "measure_current", "status": "executed", "risk_level": "low", "arguments": {"session_id": "n6705c:A", "channel": 4}, "message": "通道 4 电流测量完成。"}
{"ts": "2026-07-27 10:11:20", "action": "get_task_result", "status": "executed", "risk_level": "low", "arguments": {"task_id": "T-0001"}, "message": "任务 T-0001 当前状态：pending。"}
{"ts": "2026-08-04 15:17:21", "action": "list_kk_lab_memory", "status": "executed", "risk_level": "low", "arguments": {}, "message": "当前页面 + _shared 共 4 条记忆条目。"}
{"ts": "2026-08-04 15:17:21", "action": "search_kk_lab_memory", "status": "executed", "risk_level": "low", "arguments": {"keyword": "波形"}, "message": "搜索到 3 条匹配条目。"}
{"ts": "2026-08-13 17:56:39", "action": "get_instrument_status", "status": "executed", "risk_level": "low", "arguments": {}, "message": "共 1 个仪器会话，其中 1 个已连接。已连接会话可直接用其 session_id 操作（测量/查询/设置），无需重新扫描或连接。"}
{"ts": "2026-08-13 17:56:39", "action": "list_ui_actions", "status": "executed", "risk_level": "low", "arguments": {}, "message": "当前页面「power_analyser」无可用 UI 动作。"}
{"ts": "2026-08-13 17:59:02", "action": "get_instrument_status", "status": "executed", "risk_level": "low", "arguments": {}, "message": "共 1 个仪器会话，其中 1 个已连接。已连接会话可直接用其 session_id 操作（测量/查询/设置），无需重新扫描或连接。"}
{"ts": "2026-08-13 19:02:28", "action": "set_instrument_output", "status": "executed", "risk_level": "high", "arguments": {"session_id": "n6705c:A", "channel": 2, "enabled": false}, "message": "已将通道 2 输出设为 OFF。"}
{"ts": "2026-08-13 20:14:14", "action": "get_current_page", "status": "executed", "risk_level": "low", "arguments": {}, "message": "当前页面：module_test_ldo"}
{"ts": "2026-08-13 20:14:38", "action": "get_current_test_config", "status": "executed", "risk_level": "low", "arguments": {}, "message": ""}
{"ts": "2026-08-13 20:15:57", "action": "get_current_test_config", "status": "executed", "risk_level": "low", "arguments": {}, "message": ""}
{"ts": "2026-08-13 20:17:50", "action": "generate_config_draft", "status": "executed", "risk_level": "low", "arguments": {"title": "BES1811 LDO_02（同 LDO_01 配置）", "changes": {"module_name": "LDO_02"}}, "message": "已生成配置草案 draft_001（由 AI 基于当前配置生成：module_name=LDO_02）。请调用 apply_test_config_draft(draft_id=\"draft_001\") 经用户确认后落地。"}
{"ts": "2026-08-13 20:18:19", "action": "apply_test_config_draft", "status": "executed", "risk_level": "high", "arguments": {"draft_id": "draft_001"}, "message": "已应用配置：chip_name, module_name, operator, vout_nominal_mv"}
{"ts": "2026-08-13 20:44:43", "action": "get_test_result_summary", "status": "executed", "risk_level": "low", "arguments": {}, "message": ""}
{"ts": "2026-08-13 20:44:43", "action": "get_current_test_config", "status": "executed", "risk_level": "low", "arguments": {}, "message": ""}
{"ts": "2026-08-13 20:45:06", "action": "get_app_log_errors", "status": "executed", "risk_level": "low", "arguments": {"lines": 50}, "message": ""}
{"ts": "2026-08-13 20:45:06", "action": "get_recent_app_logs", "status": "executed", "risk_level": "low", "arguments": {"lines": 50}, "message": ""}
{"ts": "2026-08-13 20:52:31", "action": "get_recent_app_logs", "status": "executed", "risk_level": "low", "arguments": {"lines": 200}, "message": ""}
{"ts": "2026-08-13 20:52:31", "action": "get_recent_serial_logs", "status": "executed", "risk_level": "low", "arguments": {"lines": 200}, "message": ""}
{"ts": "2026-08-13 20:52:32", "action": "get_test_result_summary", "status": "executed", "risk_level": "low", "arguments": {}, "message": ""}
{"ts": "2026-08-13 20:52:32", "action": "get_app_log_errors", "status": "executed", "risk_level": "low", "arguments": {"lines": 100}, "message": ""}
{"ts": "2026-08-13 20:52:33", "action": "get_current_test_config", "status": "executed", "risk_level": "low", "arguments": {}, "message": ""}
{"ts": "2026-08-13 20:52:33", "action": "get_artifact_list", "status": "executed", "risk_level": "low", "arguments": {}, "message": "本次会话共产生 0 个产物。"}
{"ts": "2026-08-13 20:53:50", "action": "get_test_result_summary", "status": "executed", "risk_level": "low", "arguments": {}, "message": ""}
{"ts": "2026-08-13 20:53:50", "action": "list_pending_tasks", "status": "executed", "risk_level": "low", "arguments": {}, "message": "当前共有 0 个异步任务。"}
{"ts": "2026-08-13 20:53:50", "action": "get_current_page", "status": "executed", "risk_level": "low", "arguments": {}, "message": "当前页面：module_test_dcdc"}
{"ts": "2026-08-13 20:55:12", "action": "get_recent_app_logs", "status": "executed", "risk_level": "low", "arguments": {"lines": 200}, "message": ""}
{"ts": "2026-08-13 20:55:12", "action": "get_recent_audit_log", "status": "executed", "risk_level": "low", "arguments": {"lines": 100}, "message": ""}
{"ts": "2026-08-13 20:55:12", "action": "get_artifact_list", "status": "executed", "risk_level": "low", "arguments": {}, "message": "本次会话共产生 0 个产物。"}
{"ts": "2026-08-20 15:59:31", "action": "generate_sequence_draft", "status": "executed", "risk_level": "low", "arguments": "{\"title\": \"温度遍历 -30~80°C 测 N6705C CH2 电压\", \"notes\": \"从 -30°C 到 80°C 每 10°C 一步，每步设置温箱并等待稳定后测量 N6705C 通道2电压。\", \"sequence\": [{\"node_type\": \"LoopRange\", \"params\": {\"var_name\": \"i\", \"start\": -30.0, \"stop\": 80.0, \"step\": 10.0, \"export_var\": true}, \"children\": [{\"node_type\": \"ChamberSetTemp\", \"params\": {\"temperature\": \"${i}\", \"wait_stable\": true, \"stable_time\": 60.0, \"tolerance\": 1.0}}, {\"node_type\": \"N6705CMeasure\", \"params\": {\"channel\": 2, \"measure_type\": \"voltage\", \"result_var\": \"N6705C_result\", \"ex...(truncated)", "message": "已生成序列草案 draft_001（1 个顶层节点）。请调用 apply_test_config_draft(draft_id=\"draft_001\") 经用户确认后载入画布；草案绝不自动应用。"}
{"ts": "2026-08-20 16:59:08", "action": "apply_test_config_draft", "status": "executed", "risk_level": "high", "arguments": {"draft_id": "draft_001"}, "message": "脚本草案已应用到画布。"}
